Company Name,Address,City,State,Zip,Country,Phone,Fax,Toll Free,Email,Website,Personnel,Personnel Emails,Service Codes,Member Since,SCRA ID
256 Trucking LLC,"3350 Highway 53 Huntsville, AL 35806 United States",,,,,(256) 617-9576,3350,3350,jim@256truckinghsv.com,https://www.256truckinghsv.com,Member Get (a-Member);  (),info@scranet.org,T-Transportation,2024,52012
2CG SPECIALIZED TRANSPORTATION LLC,"1418 Palmer Dr Laredo, TX 78045 United States",,,,,(956) 382-2826,1418,1418,cgomez@2cg-specialized.com,https://www.2cg-specialized.com,Member Get (a-Member);  (),info@scranet.org,I-InternationalT-Transportation,2023,50884
2RM Risk Management,"49 Gulf Stream Lane  Keowee Key Salem, SC 29676 United States",,,,,(714) 685-5959,29676,29676,,https://,Member Get (a-Member);  (),info@scranet.org,,2025,53326
3HP Services,"418 Magnolia Point Dr. Huffman, TX 77336 United States",,,,,(281) 330-0946,418,418,,https://,Member Get (a-Member);  (),info@scranet.org,,2024,52194
406 Logistics And Dirt LLC,"211 Jetway Dr Unit B Belgrade, MT 59714 United States",,,,,(406) 589-4783,211,211,billy@406logistics.com,https://www.406logistics.com,Member Get (a-Member);  (),info@scranet.org,T-Transportation,2026,54749
4W Trucking Inc.,"605 Grossman Dr. Schofield, WI 54476 United States",,,,,(715) 573-0824,605,605,,https://,Member Get (a-Member);  (),info@scranet.org,T-Transportation,2025,53159
"A Crane Rental, LLC","200 Washington Avenue Dravosburg, PA 15034 United States",,,,,(412) 469-1776,200,200,,https://www.ACraneUSA.com,Member Get (a-Member);  (),info@scranet.org,C-Crane & Rigging,2016,42947
A Plus Industrial Installation,"2440 N. Interstate 35E Lancaster, TX 75134 United States",,,,,(972) 224-9592,2440,2440,,https://www.aplus-ii.com,Member Get (a-Member);  (),info@scranet.org,C-Crane & RiggingM-Millwright,2014,13130
"A Sharper Service, LLC","5047 Candlewood Ct Coopersville, MI 49404 United States",,,,,(616) 862-9071,5047,5047,,https://,Member Get (a-Member);  (),info@scranet.org,T-Transportation,2023,51546
A&A,"44200 Lavin Ln. Chantilly, VA 20152 United States",,,,,(703) 471-8338,44200,44200,,https://https://aarigging.com/location/washington/,Member Get (a-Member);  (),info@scranet.org,C-Crane & RiggingM-MillwrightT-Transportation,2023,21208
A&A (B),"1611 Ashton Park Dr. Chesterfield, VA 23834 United States",,,,,(703) 471-8338,1611,1611,,https://https://aarigging.com/location/richmond/,Member Get (a-Member);  (),info@scranet.org,C-Crane & RiggingM-MillwrightT-Transportation,,52874
A&A (B),"40 Industrial Drive North East, MD 21901 United States",,,,,(215) 428-1100,21901,21901,,https://https://aarigging.com/location/wilmington/,Member Get (a-Member);  (),info@scranet.org,C-Crane & RiggingM-MillwrightT-Transportation,,52875
A&A (B),"4545 Fisher Road Columbus, OH 43228 United States",,,,,(703) 471-8338,4545,4545,,https://https://aarigging.com/location/columbus/,Member Get (a-Member);  (),info@scranet.org,C-Crane & RiggingM-MillwrightT-Transportation,,52876
A&A (B),"7595 Montevideo Rd.  Suite 100 Jessup, MD 20794 United States",,,,,(703) 471-8338,7595,7595,,https://https://aarigging.com/location/baltimore/,Member Get (a-Member);  (),info@scranet.org,C-Crane & RiggingM-MillwrightT-Transportation,,52873
A&A (B),"201 Dean Sievers Place Morrisville, PA 19067 United States",,,,,(215) 428-1100,201,201,,https://https://aarigging.com/location/philadelphia/,Member Get (a-Member);  (),info@scranet.org,C-Crane & RiggingM-MillwrightT-Transportation,1995,10220
A&A Industrial Contracting,"5448 Apex Peakway PMB 342 Apex, NC 27502 United States",,,,,1-800-815-LIFT,5448,5448,,https://,Member Get (a-Member);  (),info@scranet.org,C-Crane & RiggingM-MillwrightT-Transportation,2021,48456
A&J Enterprises,"36 S Adamsville Rd Bridgewater, NJ 08807 United States",,,,,(908) 797-7263,08807,08807,,https://www.Ajenterpriserigging.com,Member Get (a-Member);  (),info@scranet.org,C-Crane & RiggingM-MillwrightT-Transportation,2020,48244
"A. Millican Crane Service, Inc.","180 NW Beaver Ridge Ln. Poulsbo, WA 98370 United States",,,,,(360) 779-6723,180,180,,https://www.millicancrane.com,Member Get (a-Member);  (),info@scranet.org,C-Crane & RiggingT-Transportation,2025,21201
"A.J. McNulty & Co., Inc.","53-20 44th Street Flushing, NY 11378 United States",,,,,(718) 784-1655,53-20 44,53-20 44,rdoerr@ajmcnulty.com,https://,Member Get (a-Member);  (),info@scranet.org,C-Crane & Rigging,2019,47233
A1 Lift Rentals,"4180 S. Creek Rd.  Bldg D., Suite 101 Chattanooga, TN 37406 United States",,,,,(423) 622-9115,4180,4180,johnarthur.daniel@a1lift.com,https://www.a1lift.com,Member Get (a-Member);  (),info@scranet.org,,2017,44439
A1A Software LLC,"2425 Sadler Rd. Fernandina Beach, FL 32034 United States",,,,,(904) 430-0355,2425,2425,,https://www.a1asoftware.com,Member Get (a-Member);  (),info@scranet.org,,2010,21031
"AAA Machinery Services, Inc.","9510 NW 27th Ave Miami, FL 33147 United States",,,,,(305) 836-9945,9510,9510,javier@aaamachineryriggersinc.com,https://www.aaamachineryriggers.com,Member Get (a-Member);  (),info@scranet.org,C-Crane & RiggingT-Transportation,2025,12897
"ABBA Motor Lines, Inc","1514 Bloom Ave Chambersburg, PA 17201 United States",,,,,(717) 262-2092,1514,1514,,https://www.lbktransport.com,Member Get (a-Member);  (),info@scranet.org,T-Transportation,2010,33289
Aber's Towing & Crane Service Inc.,"1180 Commerce Pkwy Ashland, OH 44805 United States",,,,,(419) 289-1741,1180,1180,aaron@aberscrane.com,https://www.aberscrane.com,Member Get (a-Member);  (),info@scranet.org,C-Crane & RiggingO-Oil FieldT-Transportation,2017,44341
"Able Crane Service, Inc.","12 Star Drive  P.O. Box 759 Merrimack, NH 03054 United States",,,,,(603) 424-9415,759,759,,https://www.ablecrane.com,Member Get (a-Member);  (),info@scranet.org,C-Crane & Rigging,2003,15445
"Able Rigging Contractors, Inc.","1050 Grand Blvd  2nd Floor Deer Park, NY 11729 United States",,,,,(516) 420-4444,1050,1050,,https://www.ablerigging.com,Member Get (a-Member);  (),info@scranet.org,C-Crane & RiggingM-MillwrightT-Transportation,2000,12844
AC JONES CRANE,"700 Garden Ave. Beardstown, IL 62618 United States",,,,,(217) 473-2203,700,700,acjonescrane@gmail.com,https://www.acjonescrane.com,Member Get (a-Member);  (),info@scranet.org,C-Crane & Rigging,2021,48980
Accelerant Insurance Risk Exchange,"400 Northridge Road  Suite 200 Sandy Springs, GA 30350 United States",,,,,(470) 579-5055,400,400,,https://accelerant.ai/,Member Get (a-Member);  (),info@scranet.org,,2026,54515
Ace Doran LLC,"10765 Medallion Drive Cincinnati, OH 45241 United States",,,,,(513) 681-7900,10765,10765,,https://www.acedoran.com,Member Get (a-Member);  (),info@scranet.org,C-Crane & RiggingS-SteelT-Transportation,2022,14288
Acies US LLC,"2000 Edwards St  Bldg B Houston, TX 77007 United States",,,,,(713) 248-1479,2000,2000,kevincunningham68@icloud.com,https://,Member Get (a-Member);  (),info@scranet.org,,2025,53334
"Acme Truck Line / Crawler Haulers, LLC","4626 D Moss St Lafayette, LA 70507 United States",,,,,(337) 280-1745,4626,4626,,https://www.crawlerhaulers.com,Member Get (a-Member);  (),info@scranet.org,O-Oil FieldS-SteelT-Transportation,2012,35689
"Acme Truck Line, Inc.","200 Westbank Expy Gretna, LA 70053 United States",,,,,(504) 368-2510,200,200,,https://www.acmetruck.com,Member Get (a-Member);  (),info@scranet.org,O-Oil FieldT-Transportation,2009,45718
"Acme Truck Line, Inc. (B)","6781 Cezanne Ave. Baton Rouge, LA 70806 United States",,,,,(225) 346-1658,6781,6781,,https://,Member Get (a-Member);  (),info@scranet.org,O-Oil FieldS-SteelT-Transportation,,47498
"Acme Truck Line, Inc. (B)","3825 Cardinal Drive Beaumont, TX 77705 United States",,,,,(409) 842-0509,3825,3825,,https://,Member Get (a-Member);  (),info@scranet.org,O-Oil FieldS-SteelT-Transportation,,47499
"Acme Truck Line, Inc. (B)","2316 Engineers Rd. Belle Chasse, LA 70037 United States",,,,,(504) 367-3200,2316,2316,,https://,Member Get (a-Member);  (),info@scranet.org,O-Oil FieldS-SteelT-Transportation,,47496
"Acme Truck Line, Inc. (B)","1039 Petroleum Parkway Broussard, LA 70518 United States",,,,,(337) 856-9534,1039,1039,,https://,Member Get (a-Member);  (),info@scranet.org,O-Oil FieldS-SteelT-Transportation,,48299
"Acme Truck Line, Inc. (B)","6601 Leopard Street Corpus Christi, TX 78409 United States",,,,,(361) 289-0844,6601,6601,,https://,Member Get (a-Member);  (),info@scranet.org,O-Oil FieldS-SteelT-Transportation,,47859
"Acme Truck Line, Inc. (B)","PO Box 1046 Theodore, AL 36590 United States",,,,,(251) 653-6028,1046,1046,,https://,Member Get (a-Member);  (),info@scranet.org,O-Oil FieldS-SteelT-Transportation,2009,32869
"Acme Truck Line, Inc. (B)","3812 Oates Road Houston, TX 77013 United States",,,,,(713) 674-7070,3812,3812,,https://,Member Get (a-Member);  (),info@scranet.org,O-Oil FieldS-SteelT-Transportation,,47500
"Acme Truck Line, Inc. (B)","935 Blimp Rd. Houma, LA 70363 United States",,,,,(985) 851-1628,935,935,,https://,Member Get (a-Member);  (),info@scranet.org,O-Oil FieldS-SteelT-Transportation,,47497
Active Crane Rentals,"103 Water Street Wilmington, DE 19804 United States",,,,,(302) 998-1000,103,103,hs@activecrane.com,https://www.activecrane.com,Member Get (a-Member);  (),info@scranet.org,C-Crane & RiggingT-Transportation,2024,52709
Acumen Information Systems,"770 Almond Street Clermont, FL 34711 United States",,,,,(512) 680-8699,770,770,nick@acumenfl.com,https://www.acumenfl.com,Member Get (a-Member);  (),info@scranet.org,,2026,54450
Adkins Export Packing and Machinery Movers,"1424 S. 15th Street Louisville, KY 40210 United States",,,,,(502) 583-5551,1424,1424,cmaloneadkins@gmail.com,https://www.adkinsinc.com,Member Get (a-Member);  (),info@scranet.org,C-Crane & RiggingI-InternationalM-MillwrightS-SteelT-Transportation,1988,10256
"Admiral Merchants Motor Freight, Inc.","215 South 11th Street Minneapolis, MN 55403 United States",,,,,612-843-8153,215,215,,https://www.ammf.com,Member Get (a-Member);  (),info@scranet.org,T-Transportation,2005,17208
"Admiral Transfer and Rigging, Inc.","13330 Hempstead Highway Houston, TX 77040 United States",,,,,(713) 462-8855,13330,13330,,https://www.admiraltransfer.com,Member Get (a-Member);  (),info@scranet.org,C-Crane & RiggingT-Transportation,2002,13342
Advanced Freight Dynamics LLC,"19285 Old Houston Rd. Conroe, TX 77302 United States",,,,,(281) 651-5462,19285,19285,steven@afd-web.com,https://www.afd-web.com,Member Get (a-Member);  (),info@scranet.org,C-Crane & RiggingT-Transportation,2018,45761
Advanced Freight Dynamics LLC (B),"8703 W I-H 20 Big Spring, TX 79720 United States",,,,,(281) 651-5462,8703,8703,steven@afd-web.com,https://www.afd-web.com,Member Get (a-Member);  (),info@scranet.org,C-Crane & RiggingT-Transportation,,50285
"Advanced Industrial Services, Inc","3250 Susquehanna Trail York, PA 17406 United States",,,,,(717) 764-9811,3250,3250,,https://www.ais-york.com,Member Get (a-Member);  (),info@scranet.org,C-Crane & RiggingM-Millwright,2012,35547
"Advanced Rigging & Machinery Movers, LLC","P.O. Box 8298 Greenville, SC 29604 United States",,,,,(864) 850-9829,8298,8298,,https://www.advanced-rigging.com,Member Get (a-Member);  (),info@scranet.org,C-Crane & RiggingM-Millwright,2004,16379
Advantage Machinery Services INC. (B),"210 Bray Park Road West Columbia, SC 29172 United States",,,,,(336) 463-4700,210,210,,https://www.amsrigging.com,Member Get (a-Member);  (),info@scranet.org,C-Crane & RiggingM-MillwrightT-Transportation,,49194
"Advantage Machinery Services, INC (B)","527 Atando Avenue Charlotte, NC 28206 United States",,,,,(704) 372-3611,527,527,,https://www.amsrigging.com,Member Get (a-Member);  (),info@scranet.org,C-Crane & RiggingM-MillwrightT-Transportation,1964,10342
"Advantage Machinery Services, INC.","P.O. Box 1848 Yadkinville, NC 27055 United States",,,,,(336) 463-4700,1848,1848,,https://www.amsrigging.com,Member Get (a-Member);  (),info@scranet.org,C-Crane & RiggingM-MillwrightT-Transportation,1994,10259
"Advantage Machinery Services, INC. (B)","Burlington, NC 27215 United States",,,,,(336) 258-0988,1848,1848,,https://www.amsrigging.com,Member Get (a-Member);  (),info@scranet.org,C-Crane & RiggingM-MillwrightT-Transportation,,52975
"Advantage Sales & Supply Co., Inc.","99 Servidea Dr. Ridgway, PA 15853 United States",,,,,(814) 772-4766,15853,15853,jcanfield@advantagesales.biz,https://www.advantagesales.biz,Member Get (a-Member);  (),info@scranet.org,,2026,47066
Aerial Crane Co.,"32744 Old Ocean City Road Parsonsburg, MD 21849 United States",,,,,(410) 742-1958,32744,32744,,https://www.aerial-crane.com,Member Get (a-Member);  (),info@scranet.org,C-Crane & Rigging,2002,14082
"AeroGo, Inc.","1170 Andover Park West Seattle, WA 98188 United States",,,,,(206) 558-0099,1170,1170,,https://www.aerogo.com,Member Get (a-Member);  (),info@scranet.org,,2020,14343
Air-Weigh,"1720 Willow Creek Circle, Suite 100 Eugene, OR 97402 United States",,,,,(541) 431-3103,1720,1720,,https://,Member Get (a-Member);  (),info@scranet.org,,2023,10262
"AK Contratistas Industriales De Mexico, S.A. De C.V. (B)","Carretera Mezquital - Santa Rosa Km. 5 Apodaca, Nuevo Leon 66630 Mexico",,,,,(52) 81 8289-2200,"5
66630","5
66630",marnett@akic.net,https://www.akic.us,Member Get (a-Member);  (),info@scranet.org,C-Crane & RiggingI-InternationalM-MillwrightT-Transportation,2001,11701
"AK Industrial Contractors, Inc.","2224 Hwy. 267 South Searcy, AR 72143 United States",,,,,(501) 268-7827,2224,2224,marnett@akic.net,https://www.akic.us,Member Get (a-Member);  (),info@scranet.org,C-Crane & RiggingI-InternationalM-MillwrightT-Transportation,1989,10263
"Aker & Rosenberger, LLC","10472 Twin Spruce Rd Golden, CO 80403 United States",,,,,(720) 273-2876,10472,10472,caleb@akerrosenberger.com,https://www.akerrosenberger.com,Member Get (a-Member);  (),info@scranet.org,,2025,54004
Al Smith Rigging,"26 Track Drive Binghamton, NY 13904 United States",,,,,(607) 729-3090,13904,13904,,https://www.alsmithrigging.com,Member Get (a-Member);  (),info@scranet.org,C-Crane & RiggingT-Transportation,1993,10902
Alamo Crane Service Inc,"16850 Alamo Parkway Selma, TX 78154 United States",,,,,(210) 344-7370,16850,16850,,https://www.alamocrane.com,Member Get (a-Member);  (),info@scranet.org,C-Crane & RiggingT-Transportation,2021,14179
"Alan Farmer Trucking, Inc.","12050 Covered Bridge Rd. Brookwood, AL 35444 United States",,,,,(800) 413-3745,12050,12050,matt@aftrucking.com,https://www.aftrucking.com,Member Get (a-Member);  (),info@scranet.org,O-Oil FieldS-SteelT-Transportation,2026,20255
Alaska Crane,"11900 South Gambell Street Anchorage, AK 99515 United States",,,,,(907) 522-9004,11900,11900,,https://www.alaskacrane.net,Member Get (a-Member);  (),info@scranet.org,C-Crane & Rigging,2023,20846
ALATAS AMERICAS,"22015 South Freeway  HWY 288 Manvel, TX 77578 United States",,,,,(281) 431-0707,22015,22015,Luis.Escamilla@alatas.com,https://www.alatas.com,Member Get (a-Member);  (),info@scranet.org,,2021,48785
Aldridge Electric Inc.,"844 E. Rockland Rd Libertyville, IL 60048 United States",,,,,(847) 321-8356,844,844,,https://www.aldridgegroup.com,Member Get (a-Member);  (),info@scranet.org,M-MillwrightT-Transportation,2013,37244
Alera Group,"818 Town and Country Blvd Houston, TX 77024 United States",,,,,(346) 388-8179,818,818,jerry.jones@aleragroup.com,https://www.aleragroup.com,Member Get (a-Member);  (),info@scranet.org,,2026,54593
Alexander's Mobility Services,"2942 Dow Ave Tustin, CA 92780 United States",,,,,(301) 643-6973,2942,2942,sdelane@alexanders.net,"https://www.alexanders.net

",Member Get (a-Member);  (),info@scranet.org,,2024,52210
"ALL Aerials, LLC","4945 Brecksville Rd. Richfield, OH 44286 United States",,,,,(330) 659-9600,4945,4945,,https://www.allaerials.com,Member Get (a-Member);  (),info@scranet.org,C-Crane & Rigging,2022,50353
"All Area Escort Service, Inc.","P.O. Box 745 Eastman, GA 31023 United States",,,,,(478) 374-1981,745,745,,https://,Member Get (a-Member);  (),info@scranet.org,,1992,10265
"ALL Carolina Crane & Equipment, LLC (B)","6108 Triangle Drive Raleigh, NC 27617 United States",,,,,(919) 782-2561,6108,6108,,https://www.allcrane.com,Member Get (a-Member);  (),info@scranet.org,C-Crane & RiggingT-Transportation,,11627
"ALL Carolina Crane Rental of Wilmington, LLC (B)","10481 U.S. Hwy. 117 S.  P.O. Box 70 Rocky Point, NC 28457 United States",,,,,(910) 675-9632,10481,10481,,https://www.allcrane.com,Member Get (a-Member);  (),info@scranet.org,C-Crane & RiggingT-Transportation,,12989
ALL Crane & Equipment Rental Corp.,"140 West 19th Street Nitro, WV 25143 United States",,,,,(304) 766-0300,140,140,,https://www.allcrane.com,Member Get (a-Member);  (),info@scranet.org,C-Crane & RiggingT-Transportation,1991,11226
ALL Crane Rental Corp.,"683 Oakland Park Avenue Columbus, OH 43224 United States",,,,,(614) 261-1800,683,683,,https://www.allcrane.com,Member Get (a-Member);  (),info@scranet.org,C-Crane & RiggingT-Transportation,1984,11227
"ALL Crane Rental of Alabama, LLC (B)","4531 Hamilton Blvd. Theodore, AL 36582 United States",,,,,(251) 338-1694,4531,4531,,https://www.allcrane.com,Member Get (a-Member);  (),info@scranet.org,C-Crane & RiggingT-Transportation,,21099
"ALL Crane Rental of Florida, LLC (B)","6429 Harney Rd. Tampa, FL 33610 United States",,,,,(813) 622-7357,6429,6429,,https://www.allcrane.com,Member Get (a-Member);  (),info@scranet.org,C-Crane & RiggingT-Transportation,,12991
"ALL Crane Rental of Georgia, Inc.","3924 Uchee Hill Hwy. Phenix City, AL 36869 United States",,,,,(706) 561-3131,3924,3924,,https://www.allcrane.com,Member Get (a-Member);  (),info@scranet.org,C-Crane & RiggingT-Transportation,1991,11228
"ALL Crane Rental of Georgia, Inc. (B)","485 Riverside Parkway Austell, GA 30168 United States",,,,,(770) 944-3900,485,485,,https://www.allcrane.com,Member Get (a-Member);  (),info@scranet.org,C-Crane & RiggingT-Transportation,,29893
"ALL Crane Rental of Louisiana, LLC (B)","37316 Highway 74 Geismar, LA 70734 United States",,,,,(225) 673-8886,37316,37316,,https://www.allcrane.com,Member Get (a-Member);  (),info@scranet.org,C-Crane & RiggingT-Transportation,,35269
"ALL Crane Rental of Pennsylvania, LLC (B)","P.O. Box 505, Rt. 837 West Elizabeth, PA 15088 United States",,,,,(412) 382-4200,505,505,,https://www.allcrane.com,Member Get (a-Member);  (),info@scranet.org,C-Crane & RiggingT-Transportation,,11705
"ALL Crane Rental of Tennessee, LLC (B)","1126 Dutch Valley Dr. Knoxville, TN 37918 United States",,,,,(865) 686-0707,1126,1126,,https://www.allcrane.com,Member Get (a-Member);  (),info@scranet.org,C-Crane & RiggingT-Transportation,,13875
ALL Erection & Crane Rental Corp.,"4700 Acorn Dr. Independence, OH 44131 United States",,,,,(216) 524-6550,4700,4700,,https://www.allcrane.com,Member Get (a-Member);  (),info@scranet.org,C-Crane & RiggingT-Transportation,1972,10268
"All Material Handling, Inc. (AMH)","345 N. Canal St. #C1 Chicago, IL 60606 United States",,,,,(312) 468-1373,345,345,,https://,Member Get (a-Member);  (),info@scranet.org,,2024,52212
ALL Tower Crane LLC,"3230 Columbia Road Richfield, OH 44286 United States",,,,,(330) 659-0777,3230,3230,,https://www.allcrane.com,Member Get (a-Member);  (),info@scranet.org,C-Crane & Rigging,2022,50355
Allegheny Crane Rental,"4200 Steubenville Pike Pittsburgh, PA 15205 United States",,,,,(412) 486-7700,4200,4200,,https://www.alleghenycranerental.com,Member Get (a-Member);  (),info@scranet.org,C-Crane & Rigging,2022,16373
Allegiance Crane & Equipment,"18333 Egret Bay Blvd.  Suite 444 Houston, TX 77058 United States",,,,,(713) 987-5438,18333,18333,,https://www.allegiancecrane.com,Member Get (a-Member);  (),info@scranet.org,C-Crane & Rigging,2004,16756
AlleyCat Crane Service,"16 Bay Street Quincy, MA 02171 United States",,,,,(617) 719-9632,02171,02171,alie@alleycatcrane.com,https://,Member Get (a-Member);  (),info@scranet.org,C-Crane & Rigging,2021,48540
"Alliance Riggers & Constructors, Ltd.","1200 Kastrin El Paso, TX 79907 United States",,,,,(915) 591-4513,1200,1200,aconde@allianceriggers.com,https://www.allianceriggers.com,Member Get (a-Member);  (),info@scranet.org,C-Crane & RiggingT-Transportation,1998,10271
Alliant Insurance Services,"101 Park Ave  19th Floor New York, NY 10017 United States",,,,,561) 350-4207,101,101,,https://www.Alliant.com,Member Get (a-Member);  (),info@scranet.org,,2025,53926
Allied Crane LLC,"2656 S. Sheridan Wichita, KS 67201 United States",,,,,(316) 640-4920,2656,2656,,https://www.Alliedcrane.net,Member Get (a-Member);  (),info@scranet.org,C-Crane & RiggingM-MillwrightT-Transportation,2025,51110
Allison Crane & Rigging,"2817 Lycoming Creek Road Williamsport, PA 17701 United States",,,,,(570) 494-4010,2817,2817,,https://www.allisoncrane.com,Member Get (a-Member);  (),info@scranet.org,C-Crane & RiggingM-MillwrightO-Oil FieldS-SteelT-Transportation,1986,10273
Allison Crane & Rigging (B),"Route 924 Humboldt Hazleton Township,  18202",,,,,(570) 494-4010,924,924,,https://www.allisoncrane.com,Member Get (a-Member);  (),info@scranet.org,C-Crane & RiggingM-MillwrightO-Oil FieldS-SteelT-Transportation,,48385
Allison Crane & Rigging (B),"1420 Golden Mile Rd. Towanda, PA 18848 United States",,,,,(570) 494-4010,1420,1420,,https://www.allisoncrane.com,Member Get (a-Member);  (),info@scranet.org,C-Crane & RiggingM-MillwrightO-Oil FieldS-SteelT-Transportation,,48384
Allison Crane & Rigging (B),"156 US Hwy 285N Pecos, TX 79772 United States",,,,,(570) 932-0909,156,156,,https://www.allisoncrane.com,Member Get (a-Member);  (),info@scranet.org,C-Crane & RiggingM-MillwrightO-Oil FieldS-SteelT-Transportation,,39746
Allison Crane & Rigging (B),"16552 Route 6 Mansfield, PA 16933 United States",,,,,(570) 494-4010,16552,16552,,https://www.allisoncrane.com,Member Get (a-Member);  (),info@scranet.org,C-Crane & RiggingM-MillwrightO-Oil FieldS-SteelT-Transportation,,39745
Allison Crane & Rigging (B),"1681 Indian Hills Road Painted Post, NY 14870 United States",,,,,(570) 494-4010,1681,1681,,https://www.allisoncrane.com,Member Get (a-Member);  (),info@scranet.org,C-Crane & RiggingM-MillwrightO-Oil FieldS-SteelT-Transportation,,39747
Allison Crane & Rigging (B),"3249 Hempland Road Rear Lancaster, PA 17601 United States",,,,,(570) 494-4010,3249,3249,,https://www.allisoncrane.com,Member Get (a-Member);  (),info@scranet.org,C-Crane & RiggingM-MillwrightO-Oil FieldS-SteelT-Transportation,,14815
"Allstate Crane Rental, Inc.","117 Medway Rd Goose Creek, SC 29445 United States",,,,,(843) 572-1697,117,117,,https://www.rentallstatecrane.com,Member Get (a-Member);  (),info@scranet.org,C-Crane & RiggingT-Transportation,1997,10274
"Allstates Rigging, Inc.","400 Columbus Street Two Rivers, WI 54241 United States",,,,,(920) 657-1717,400,400,,https://www.asrig.com,Member Get (a-Member);  (),info@scranet.org,C-Crane & Rigging,2004,16746
Alpha HD Trailers,"801 2nd Ave SE Oelwein, IA 50662 United States",,,,,(405) 694-7715,801 2,801 2,rcrim@icemfgcorp.com,https://www.alphahdtrailers.com,Member Get (a-Member);  (),info@scranet.org,,2022,50330
Alpine Transport and Rigging,"38 Capital Circle Corman Park, SK S7R 0H4 Canada",,,,,(306) 651-1275,(306) 651-1275,(306) 651-1275,,https://www.alpinetransportandrigging.com,Member Get (a-Member);  (),info@scranet.org,C-Crane & RiggingT-Transportation,2025,53092
Alpine West Cranes,"2546 Precision Drive, Ste E Minden, NV 89423 United States",,,,,(775) 902-2404,2546,2546,ltucker@alpinewest.com,https://,Member Get (a-Member);  (),info@scranet.org,C-Crane & RiggingT-Transportation,2024,52142
Alps Wire Rope Corporation,"2530 Production Drive St. Charles, IL 60174 United States",,,,,(630) 893-3888,2530,2530,,https://www.alpswirerope.com,Member Get (a-Member);  (),info@scranet.org,,2026,34839
ALT Sales Corp.,"4945 Brecksville Rd. Richfield, OH 44286 United States",,,,,(330) 659-2100,4945,4945,,https://www.altsales.com,Member Get (a-Member);  (),info@scranet.org,C-Crane & Rigging,2022,50354
Altec Inc.,"431 Ambrose Drive Murphy, TX 75094 United States",,,,,(205) 484-5166,431,431,rumeal.standifer@altec.com,https://www.altec.com,Member Get (a-Member);  (),info@scranet.org,,2020,47838
Alter Logistics Company,"2117 State Street  Suite 300 Bettendorf, IA 52722 United States",,,,,(563) 344-5114,2117,2117,,https://www.alterlogistics.com,Member Get (a-Member);  (),info@scranet.org,,2015,40032
Ambercor Shipping Inc.,"703 Evans Avenue  Suite 201 Toronto, ON M9C 5E9 Canada",,,,,(416) 841-7000,703,703,christian.wagner@ambercor.com,https://www.ambercor.com,Member Get (a-Member);  (),info@scranet.org,,2019,46313
Ambrose Rigging City Division,"121 Commerce Dr Montgomeryville, PA 18936 United States",,,,,(215) 674-9232,121,121,,https://www.ambroserigging.com,Member Get (a-Member);  (),info@scranet.org,C-Crane & RiggingT-Transportation,2008,16491
AMCS Technologies,"36 Rue Lamirault  ZAC De Lamirault , Collegien 77 090 France",,,,,+33 620 666 376,77 090,77 090,radoine.bouajaj@amcs.fr,https://www.amcs.fr,Member Get (a-Member);  (),info@scranet.org,,2018,45130
"AME, Inc.","P.O. Box 909 Fort Mill, SC 29716-0909 United States",,,,,(803) 548-7766,909,909,,https://www.ameonline.com,Member Get (a-Member);  (),info@scranet.org,C-Crane & RiggingM-MillwrightT-Transportation,1979,10278
"AME, Inc. (B)","112 Sparkman Dr. Columbia, SC 29209 United States",,,,,(803) 269-9705,112,112,,https://www.ameonline.com,Member Get (a-Member);  (),info@scranet.org,C-Crane & RiggingM-Millwright,,46005
"AME, Inc. (B)","4517 Equipment Drive Charlotte, NC 28269 United States",,,,,(704) 596-4075,4517,4517,,https://www.ameonline.com,Member Get (a-Member);  (),info@scranet.org,C-Crane & RiggingM-MillwrightT-Transportation,,11707
"AME, Inc. (B)","P.O. Box 5931 Spartanburg, SC 29304 United States",,,,,(864) 579-7840,5931,5931,,https://www.ameonline.com,Member Get (a-Member);  (),info@scranet.org,C-Crane & RiggingM-MillwrightT-Transportation,,12848
"American Aerial Services, Inc.","33 Allen Ave. Ext. Falmouth, ME 04105 United States",,,,,(207) 797-8987,04105,04105,,https://,Member Get (a-Member);  (),info@scranet.org,C-Crane & Rigging,2006,27315
American Crane & Rigging LLC,"4439 South 87th Street Omaha, NE 68127-1612 United States",,,,,(402) 592-3668,4439,4439,,https://www.americancraneandrigging.com,Member Get (a-Member);  (),info@scranet.org,C-Crane & RiggingT-Transportation,1997,10331
American Lifting Solutions,"555 Choctaw Drive Baton Rouge, LA 70805 United States",,,,,(225) 202-8233,555,555,garrett@ameri-lifting.com,https://www.Ameri-Lifting.com,Member Get (a-Member);  (),info@scranet.org,,2023,51811
"American Machinery Movers, Inc.","247 Iris Avenue Jefferson, LA 70121 United States",,,,,(504) 834-4930,247,247,,https://www.amm-move.com,Member Get (a-Member);  (),info@scranet.org,C-Crane & RiggingS-SteelT-Transportation,2003,16243
"American Riggers, Inc.","710 S Myrtle Ave Monrovia, CA 91016 United States",,,,,(626) 446-8177,710,710,,https://www.ariggers.com,Member Get (a-Member);  (),info@scranet.org,C-Crane & RiggingM-MillwrightT-Transportation,2016,27949
American Rigging & Aero Crane,"297 Pleasant Valley Rd. South Windsor, CT 06074 United States",,,,,(860) 291-2436,297,297,,https://www.aerocrane.net,Member Get (a-Member);  (),info@scranet.org,C-Crane & RiggingT-Transportation,2009,23449
American Rigging & Millwright Service,"5894 Sandy Hollow Road Rockford, IL 61109 United States",,,,,(815) 874-5300,5894,5894,,https://www.americanrigging.net,Member Get (a-Member);  (),info@scranet.org,C-Crane & RiggingM-MillwrightT-Transportation,2010,10369
American State Equipment,"2055 S 108th Street Milwaukee, WI 53227 United States",,,,,(414) 541-8700,2055,2055,jmyers@amstate.com,https://www.amstate.com,Member Get (a-Member);  (),info@scranet.org,,2021,19604
Americas Machinery,"Cocula #234 Monterrey, NL 64020 Mexico",,,,,+52 81 3434 5484,"234
64020","234
64020",alexg@americasmachinery.com,https://https://americasmachinery.com/,Member Get (a-Member);  (),info@scranet.org,C-Crane & RiggingI-InternationalM-Millwright,2024,51603
Americas Machinery (B),"Calle 60  #346 Col. Centro , Yucatan 97000 Mexico",,,,,+52 81 3434 5484,346,346,alexg@americasmachinery.com,https://www.americasmachinery.com,Member Get (a-Member);  (),info@scranet.org,C-Crane & RiggingI-InternationalM-Millwright,,51650
Americas Machinery (B),"201 Fannin Street  Suite 262 Houston, TX 77002 United States",,,,,(832) 440-9096,201,201,alexg@americasmachinery.com,https://www.americasmachinery.com,Member Get (a-Member);  (),info@scranet.org,C-Crane & RiggingI-InternationalM-Millwright,,51649
Americrane Rentals,"5807 Schertz Pkwy.  Ste. 2 Selma, TX 78154 United States",,,,,(210) 651-3644,5807,5807,jrobertson@americraneusa.com,https://www.americraneusa.com,Member Get (a-Member);  (),info@scranet.org,C-Crane & RiggingM-MillwrightT-Transportation,2019,46551
AMISA Group International,"Av Eugenio Garza Sada 4951  Col. Condesa Monterrey, NL 64880 Mexico",,,,,+52 811 100 1906,4951,4951,raulgal@amisagroup.com,https://www.amisagroup.com,Member Get (a-Member);  (),info@scranet.org,C-Crane & RiggingI-InternationalM-MillwrightT-Transportation,2024,25969
AmWINS Brokerage of Pennsylvania,"1075 Virginia Drive  Suite 100 Fort Washington, PA 19034 United States",,,,,(215) 690-0809,1075,1075,michael.kravitz@amwins.com,https://,Member Get (a-Member);  (),info@scranet.org,,2019,46340
"Amwins Program Underwriters, Inc.","12327 Cornwallis Sq San Diego, CA 92128 United States",,,,,(858) 673-7020,12327,12327,,https://www.Amwins.com,Member Get (a-Member);  (),info@scranet.org,,2016,43040
"Anastasi Insurance Agency, Inc.","4 Brookfield Road Charlton City, MA 01057 United States",,,,,(508) 248-1440,01057,01057,paul@anastasiinsurance.com,https://www.anastasiinsurance.com,Member Get (a-Member);  (),info@scranet.org,,2019,46125
Ancra Cargo,"1655 Worldwide Blvd. Hebron, KY 41048 United States",,,,,(800) 233-5138,1655,1655,jmcvey@ancra.com,https://www.ancracargo.com,Member Get (a-Member);  (),info@scranet.org,,2022,49481
"Anderson Trucking Service, Inc.","725 Opportunity Drive St. Cloud, MN 56301 United States",,,,,(320) 255-7400,725,725,,https://www.atsinc.com,Member Get (a-Member);  (),info@scranet.org,T-Transportation,1974,10365
Anglemyer Crane Service,"1190 West Gladstone Street Azusa, CA 91702-5124 United States",,,,,(626) 334-5109,1190,1190,,https://www.anglemyercrane.com,Member Get (a-Member);  (),info@scranet.org,C-Crane & Rigging,2003,16270
Anker Trucking,"19790 Burnham Ave. Lynwood, IL 60411 United States",,,,,(708) 895-0338,19790,19790,,https://www.ankertrucking.com,Member Get (a-Member);  (),info@scranet.org,T-Transportation,2012,35876
Ant Dynamics,"Al Fardan Tower Al Fundoq Street  West Bay, Office 930 Doha,  31316 Qatar",,,,,+97455183109,930,930,,https://,Member Get (a-Member);  (),info@scranet.org,,2021,48868
Anthony Hardwood Composites,"606 E. Center St. Sheridan, AR 72150 United States",,,,,(870) 942-4000,606,606,,https://www.anthonycomposites.com,Member Get (a-Member);  (),info@scranet.org,,2024,52052
Anty Trucking & Rigging,"9 Lackawanna Drive Stanhope, NJ 07874 United States",,,,,(973) 927-3440,07874,07874,,https://www.antytrucking.com,Member Get (a-Member);  (),info@scranet.org,C-Crane & RiggingM-MillwrightT-Transportation,1999,11435
AP Equipment Financing,"360 SW Bond St, Ste 340 Bend, OR 97702 United States",,,,,(541) 507-9877,360,360,,https://,Member Get (a-Member);  (),info@scranet.org,,2025,53275
Apex Specialized Rigging & Moving,"8035 Alexander Road Delta, BC V4G 1C6 Canada",,,,,(604) 293-0278,8035,8035,,https://www.apexspecailized.com,Member Get (a-Member);  (),info@scranet.org,C-Crane & RiggingM-MillwrightT-Transportation,1992,10367
Appify Systems,"548 Market St  PMB 28967 San Francisco, CA 94104 United States",,,,,(415) 858-5537,"28967
548","28967
548",agni@appify.com,https://www.appify.com,Member Get (a-Member);  (),info@scranet.org,,2025,53910
"A-Quick Pick Crane & Rigging Service, Inc.","205 Water St. Derby, CT 06418 United States",,,,,(203) 924-2000,205,205,,https://www.aquickpickcrane.com,Member Get (a-Member);  (),info@scranet.org,C-Crane & RiggingM-MillwrightT-Transportation,2006,27697
Argee Transport Co.,"1987 NE 54th Ave. Des Moines, IA 50313 United States",,,,,(515) 262-8044,1987,1987,,https://www.argeetrans.com,Member Get (a-Member);  (),info@scranet.org,T-Transportation,1984,10370
Arrowhead Winch,"800 East Dallas Street Broken Arrow, OK 74012 United States",,,,,(918) 251-8511,800,800,,https://www.arrowheadwinch.com,Member Get (a-Member);  (),info@scranet.org,,2021,49312
"ARS Contracting, Inc.","6800 Santa Fe Drive Hodgkins, IL 60525 United States",,,,,(800) 358-8444,6180,6180,,https://www.arscontracting.com,Member Get (a-Member);  (),info@scranet.org,C-Crane & RiggingM-MillwrightT-Transportation,2001,12841
ARTes Specialty Ltd,"23 Fencepiece Road Barkingside, Essex IG6 2LY United Kingdom",,,,,+447967997238,6 2,6 2,cthomas@artes-specialty.com,https://www.artes-specialty.com,Member Get (a-Member);  (),info@scranet.org,,2025,52925
Ascent Specialized,"1007 Industrial Dr. Sauk Rapids, MN 56379 United States",,,,,(320) 255-7939,1007,1007,,https://www.ascentspecialized.com,Member Get (a-Member);  (),info@scranet.org,,2009,11386
Ascentium Capital,"23970 Highway 59 North Humble, TX 77339 United States",,,,,(281) 921-3849,23970,23970,deboraekross@ascentiumcapital.com,https://www.AscentiumCapital.com,Member Get (a-Member);  (),info@scranet.org,,2023,51136
"Ashley Sling, Inc.","7929 Troon Circle Austell, GA 30168 United States",,,,,(404) 691-2604,7929,7929,,https://www.ashleysling.com,Member Get (a-Member);  (),info@scranet.org,,2010,34071
Aspen Custom Trailers,"3914 - 81st Avenue Leduc, AB T9E 0C3 Canada",,,,,(780) 980-1925,3914 - 81,3914 - 81,,https://www.aspentrailer.com,Member Get (a-Member);  (),info@scranet.org,,1991,10375
"Assabet Mack Service, Inc.","120 Lancaster Rd Shirley, MA 01464 United States",,,,,(978) 815-3510,120,120,,https://,Member Get (a-Member);  (),info@scranet.org,T-Transportation,2026,54679
Associated Industrial Riggers Corp.,"5854 Butternut Dr. East Syracuse, NY 13057 United States",,,,,(315) 437-2244,5854,5854,,https://www.AIRiggers.com,Member Get (a-Member);  (),info@scranet.org,C-Crane & RiggingM-Millwright,1985,10376
Associated Industrial Riggers Corp. (B),"107 Redding Drive Bremen, GA 30110 United States",,,,,(770) 537-5011,107,107,,https://www.AIRiggers.com,Member Get (a-Member);  (),info@scranet.org,C-Crane & RiggingM-Millwright,,27694
Associated Industrial Riggers Corp. (B),"P.O. Box 397 Victor, NY 14564 United States",,,,,(585) 325-3090,397,397,,https://www.AIRiggers.com,Member Get (a-Member);  (),info@scranet.org,C-Crane & RiggingM-Millwright,,11740
"Associated Wire Rope & Rigging, Inc.","140 Sheldon St. El Segundo, CA 90245 United States",,,,,(310) 448-5444,140,140,,https://www.associatedwirerope.com,Member Get (a-Member);  (),info@scranet.org,,2006,16800
Astro Crane Service,"200 Codman Hill Rd. Boxborough, MA 01719 United States",,,,,(978) 429-8666,200,200,,https://www.astrocrane.com,Member Get (a-Member);  (),info@scranet.org,C-Crane & RiggingM-MillwrightT-Transportation,2021,40985
"Atlantic Coast Cranes & Machinery, INC.","10429 Success Street Ashland, VA 23005 United States",,,,,(804) 798-8840,10429,10429,,https://www.accranes.com,Member Get (a-Member);  (),info@scranet.org,,2008,31504
Atlantic Crane Inspection Services,"304 E. Pennsylvania Blvd Feasterville, PA 19053 United States",,,,,(215) 639-2579,304,304,,https://www.atlanticcrane.com,Member Get (a-Member);  (),info@scranet.org,,2017,43236
"Atlantic Crane, LLC","108 Allen Blvd. Farmingdale, NY 11735-5617 United States",,,,,(631) 694-8164,108,108,,https://www.atlanticcrane.org,Member Get (a-Member);  (),info@scranet.org,C-Crane & Rigging,2004,16720
Atlas Crane Inc.,"3120 N Nellis Blvd Las Vegas, NV 89115 United States",,,,,(702) 247-6161,3120,3120,,https://www.atlascraneinc.com,Member Get (a-Member);  (),info@scranet.org,C-Crane & RiggingM-MillwrightT-Transportation,2021,48651
Atlas Crane Service,"12214 Woodside Ave Lakeside, CA 92040 United States",,,,,(858) 748-6956,12214,12214,Admin@AtlasCraneService.com,https://https://AtlasCraneService.com/,Member Get (a-Member);  (),info@scranet.org,C-Crane & Rigging,2025,54388
Atlas Crane Service LLC,"1275 Aurora Avenue Lane Aurora, IL 60505 United States",,,,,(630) 815-2300,1275,1275,,https://www.atlascrane.com,Member Get (a-Member);  (),info@scranet.org,C-Crane & RiggingT-Transportation,2015,40796
Atlas Crane Service LLC  (B),"11909 US 87 Lubbock, TX 79423 United States",,,,,(630) 815-2300,79072,79072,,https://www.atlascrane.com,Member Get (a-Member);  (),info@scranet.org,C-Crane & RiggingT-Transportation,,50290
Atlas Crane Service LLC (B),"8128 Leopard Street Corpus Christi, TX 78409 United States",,,,,(630) 815-2300,92551,92551,,https://www.atlascrane.com,Member Get (a-Member);  (),info@scranet.org,C-Crane & RiggingT-Transportation,,51430
Atlas Crane Service LLC (B),"2770 May Road Peru, IL 61354 United States",,,,,(815) 556-2300,2770,2770,,https://www.atlascrane.com,Member Get (a-Member);  (),info@scranet.org,C-Crane & RiggingT-Transportation,,47327
Atlas Crane Service LLC (B),"60365 Glacier Road Atlantic, IA 50022 United States",,,,,(630) 815-2300,60365,60365,,https://www.atlascrane.com,Member Get (a-Member);  (),info@scranet.org,C-Crane & RiggingT-Transportation,,50291
ATLAS HEAVY TRANSPORT LLC,"8502 Miller Road 3 Houston, TX 77049 United States",,,,,(832) 293-4600,8502,8502,,https://www.atlas-heavy.com,Member Get (a-Member);  (),info@scranet.org,C-Crane & RiggingI-InternationalM-MillwrightO-Oil FieldT-Transportation,2015,41023
Atlas Industrial Contractors LLC,"5275 Sinclair Road Columbus, OH 43229 United States",,,,,(614) 841-4500,5275,5275,rayb@atlascos.com,https://www.atlascos.com,Member Get (a-Member);  (),info@scranet.org,C-Crane & RiggingM-MillwrightT-Transportation,1965,11061
Atlas Industrial Contractors LLC (B),"5053 Second St. Tipp City, OH 45371 United States",,,,,(740) 442-9371,5053,5053,,https://www.atlascos.com,Member Get (a-Member);  (),info@scranet.org,C-Crane & RiggingM-MillwrightT-Transportation,,33507
Atlas Industrial Contractors LLC (B),"1000 Hwy 77 Lincoln, AL 35096 United States",,,,,(205) 338-9064,1000,1000,,https://www.atlascos.com,Member Get (a-Member);  (),info@scranet.org,C-Crane & RiggingM-MillwrightT-Transportation,,33509
Atlas Infraserve Pvt Ltd,"10th Floor, Sunit Anant  Lane G, South Main Road, Koregaon Park Pune,  411001 India",,,,,+91 9403512345,411001,411001,,https://www.atlasinfraserve.com,Member Get (a-Member);  (),info@scranet.org,C-Crane & RiggingT-Transportation,2012,36106
Atlas Instalador De Maquinaria Ind. (B),"Industrial S.De R.L. C.V.  BLVD Vito Alessio Robles #5705 Col. Asturias, Coahuila CP 25107 Mexico",,,,,011-52-844-488-0523,5705,5705,,https://www.atlascos.com,Member Get (a-Member);  (),info@scranet.org,C-Crane & RiggingM-MillwrightT-Transportation,,29894
"Auburn Crane & Rigging, Inc.","7689 North Street Road Auburn, NY 13021 United States",,,,,(315) 252-8620,7689,7689,,https://www.auburncraneandrigging.com,Member Get (a-Member);  (),info@scranet.org,C-Crane & Rigging,2006,26073
Audubon Field Solutions,"3505 W Sam Houston Pkwy N Houston, TX 77043 United States",,,,,(903) 815-4773,3505,3505,,https://,Member Get (a-Member);  (),info@scranet.org,C-Crane & Rigging,2025,53414
Aumor Inc,"4163 W Rivers Edge Cir  Apt. 208 Brown Deer, WI 53209 United States",,,,,(262) 666-2266,4163,4163,,https://www.hh-s.com,Member Get (a-Member);  (),info@scranet.org,,2025,53219
Auxilior Capital Partners,"620 W. Germantown Pike  Suite 450 Plymouth Meeting, PA 19462 United States",,,,,(610) 717-8976,620,620,,https://www.auxcap.com,Member Get (a-Member);  (),info@scranet.org,,2024,52034
Avalara,"512 South Mangum Street  Suite 100 , NC 27701 United States",,,,,(810) 691-9184,512,512,calvin.henry@avalara.com,https://,Member Get (a-Member);  (),info@scranet.org,,2025,53707
"AXYS Permits, Inc.","P.O. Box 100550 Cape Coral, FL 33910 United States",,,,,(866) 356-AXYS (2997),100550,100550,,https://www.axyspermits.com,Member Get (a-Member);  (),info@scranet.org,,2008,30108
Aycock Div. of Enerfab,"8261 Old Derry St. Hummelstown, PA 17036-9308 United States",,,,,(717) 566-5066,8261,8261,,https://www.aycockrigging.com,Member Get (a-Member);  (),info@scranet.org,C-Crane & RiggingM-MillwrightT-Transportation,1966,10385
B & B Contracting Inc.,"711 S. 392nd Ave. Aberdeen, SD 57401 United States",,,,,(605) 226-1468,711,711,Melissah@bbcontractinging.com,https://www.bbcontractinginc.com,Member Get (a-Member);  (),info@scranet.org,C-Crane & RiggingT-Transportation,2016,42877
"B&K Equipment, LLC","712 S. Keyser Ave. Taylor, PA 18517 United States",,,,,(570) 746-6262,712,712,JRKeeney@bkequipment.com,https://www.nepacrane.com,Member Get (a-Member);  (),info@scranet.org,C-Crane & RiggingO-Oil FieldT-Transportation,2019,46409
B.H. Transportation Co.,"4301 Pan American Blvd. Laredo, TX 78045 United States",,,,,(956) 725-3114,4301,4301,ehinojosa@bhtransportation.com,https://,Member Get (a-Member);  (),info@scranet.org,,2014,10387
"Bairstow Lifting Products Co., Inc.","1785 Ellsworth Industrial Blvd. NW Atlanta, GA 30318 United States",,,,,(800) 241-8990,1785,1785,chris@bairstow.com,https://www.bairstow.com / www.lifting.com,Member Get (a-Member);  (),info@scranet.org,,2022,49639
Baker Equipment & Materials (BEAM),"990 North Main St. Monroe, OH 45050 United States",,,,,(513) 516-1180,990,990,,https://,Member Get (a-Member);  (),info@scranet.org,C-Crane & RiggingP-Concrete PumpersT-Transportation,2023,51458
Baker Rigging Llc,"4932 W Pasadena Ave Glendale, AZ 85301 United States",,,,,(480) 939-4233,4932,4932,sales@bakerrigging.com,https://www.bakerrigging.com,Member Get (a-Member);  (),info@scranet.org,C-Crane & RiggingT-Transportation,2022,49607
"Bane-Nelson, Inc.","P.O. Box 188 Kenosha, WI 53141 United States",,,,,(262) 552-8960,188,188,,https://www.banenelson.com,Member Get (a-Member);  (),info@scranet.org,C-Crane & RiggingM-Millwright,1981,10630
Bar Baran Iran,"Felestin avenue  Cross Bozorgmehr street  Building 141, 4th floor Tehran, Tehran  Iran",,,,,2166462007,141,141,farid@barbaraniran.com,https://www.barbaraniran.com,Member Get (a-Member);  (),info@scranet.org,T-Transportation,2025,15075
"Barcelona Equipment, Inc.","12850 34th St. N. Clearwater, FL 33762 United States",,,,,(727) 561-9200,12850 34,12850 34,,https://www.barcelonacrane.com,Member Get (a-Member);  (),info@scranet.org,C-Crane & RiggingT-Transportation,2008,21092
"Barcelona Equipment, Inc. (B)","10342 New Kings Road Jacksonville, FL 32219 United States",,,,,(904) 559-2170,10342,10342,,https://www.barcelonacrane.com,Member Get (a-Member);  (),info@scranet.org,C-Crane & RiggingT-Transportation,,44286
Barco Trucking LLC,"1111 S 1900 E Washington, UT 84780 United States",,,,,(435) 251-9253,1111,1111,barcoex@gmail.com,https://www.barcotrucking.com,Member Get (a-Member);  (),info@scranet.org,T-Transportation,2023,51460
Barnhart,"2163 Airways Blvd. Memphis, TN 38114 United States",,,,,500,2163,2163,,https://www.barnhartcrane.com,Member Get (a-Member);  (),info@scranet.org,C-Crane & RiggingM-MillwrightT-Transportation,1985,10633
Barnhart (B),"3752 Highway 16 East Terrace, BC V8G 5J3 Canada",,,,,(778) 634-3828,3752,3752,,https://www.barnhartcrane.com,Member Get (a-Member);  (),info@scranet.org,C-Crane & RiggingM-MillwrightT-Transportation,,37250
Barnhart (B),"4850 54 Avenue SE Calgary, AB T2C 2Y8 Canada",,,,,(403) 313-2474,48530 54,48530 54,,https://www.barnhartcrane.com,Member Get (a-Member);  (),info@scranet.org,C-Crane & RiggingM-MillwrightT-Transportation,,39760
Barnhart (B),"8202 – 105 St. Clairmont, AB T0H 0W0 Canada",,,,,(780) 532-8212,8202,8202,,https://www.barnhartcrane.com,Member Get (a-Member);  (),info@scranet.org,C-Crane & RiggingM-MillwrightT-Transportation,,34555
Barnhart (B),"8289 265 RD Fort St. John, BC V0C 1H0 Canada",,,,,(250) 787-0930,8289 265,8289 265,,https://www.barnhartcrane.com,Member Get (a-Member);  (),info@scranet.org,C-Crane & RiggingM-MillwrightT-Transportation,,34553
Barnhart (B),"Box 536  #10 Industrial Drive West White City, SK S4L 5B1 Canada",,,,,(306) 757-5993,536,536,,https://www.barnhartcrane.com,Member Get (a-Member);  (),info@scranet.org,C-Crane & RiggingM-MillwrightT-Transportation,,37251
Barnhart (B),"Box 5667, Ruth Lake Site Fort McMurray, AB T9H 3G6 Canada",,,,,(780) 791-0424,5667,5667,mmehrez@barnhartcrane.com,https://www.barnhartcrane.com,Member Get (a-Member);  (),info@scranet.org,C-Crane & RiggingM-MillwrightT-Transportation,,37252
Barnhart (B),"Box 7301  61404 Range Road 455 Bonnyville, AB T9N 2H6 Canada",,,,,(780) 826-2161,"7301
61404","7301
61404",,https://www.barnhartcrane.com,Member Get (a-Member);  (),info@scranet.org,C-Crane & RiggingM-MillwrightT-Transportation,,38020
Barnhart (B),"28765 Acheson Rd. Edmonton, AB T7X 6A8 Canada",,,,,(780) 960-6300,28765,28765,,https://www.barnhartcrane.com,Member Get (a-Member);  (),info@scranet.org,C-Crane & RiggingM-MillwrightT-Transportation,2012,36168
Barnhart (B),"3414 Augusta Road Columbia, SC 29170 United States",,,,,(803) 794-7194,3414,3414,,https://www.barnhartcrane.com,Member Get (a-Member);  (),info@scranet.org,C-Crane & RiggingM-MillwrightT-Transportation,,52858
Barnhart (B),"35545 Hwy 69 Forest City, IA 50436 United States",,,,,(641) 585-3630,35545,35545,,https://www.barnhartcrane.com,Member Get (a-Member);  (),info@scranet.org,C-Crane & RiggingM-MillwrightT-Transportation,,52859
Barnhart (B),"505 Murray Rd. SE Albuquerque, NM 87105 United States",,,,,(505) 856-6041,505,505,,https://www.barnhartcrane.com,Member Get (a-Member);  (),info@scranet.org,C-Crane & RiggingM-MillwrightT-Transportation,,52857
Barnhart (B),"5809 S. 107 East Avenue Tulsa, OK 74146 United States",,,,,(539) 281-3114,5809,5809,,https://www.barnhartcrane.com,Member Get (a-Member);  (),info@scranet.org,C-Crane & RiggingM-MillwrightT-Transportation,,54259
Barnhart (B),"7992 Quejette Rd. El Paso, TX 79821 United States",,,,,(915) 300-5333,7992,7992,,https://www.barnhartcrane.com,Member Get (a-Member);  (),info@scranet.org,C-Crane & RiggingM-MillwrightT-Transportation,,54260
Barnhart (B),"9770 Pontotoc Highway 6 E Tupelo, MS 38801 United States",,,,,(662) 842-0057,9770,9770,,https://www.barnhartcrane.com,Member Get (a-Member);  (),info@scranet.org,C-Crane & RiggingM-MillwrightT-Transportation,,52861
Barnhart (B),"2193 US Hwy 45 South Columbus, MS 39701 United States",,,,,(662) 327-7711,2193,2193,,https://www.barnhartcrane.com,Member Get (a-Member);  (),info@scranet.org,C-Crane & RiggingM-MillwrightT-Transportation,,27645
Barnhart (B),"128 Market Street Charleston, TN 37310 United States",,,,,(423) 665-9009,128,128,,https://www.barnhartcrane.com,Member Get (a-Member);  (),info@scranet.org,C-Crane & RiggingM-MillwrightT-Transportation,,37363
Barnhart (B),"22329 NE Marine Drive Fairview, OR 97024 United States",,,,,(503) 274-7777,22329,22329,,https://www.barnhartcrane.com,Member Get (a-Member);  (),info@scranet.org,C-Crane & RiggingM-MillwrightT-Transportation,,41011
Barnhart (B),"908 CR 1 N Elkhart, IN 46514 United States",,,,,(574) 218-0130,908,908,,https://www.barnhartcrane.com,Member Get (a-Member);  (),info@scranet.org,C-Crane & RiggingT-Transportation,,46156
Barnhart (B),"1120 Ewing Rd. Owensboro, KY 42301 United States",,,,,(270) 713-0395,1120,1120,,https://www.barnhartcrane.com,Member Get (a-Member);  (),info@scranet.org,C-Crane & RiggingM-MillwrightT-Transportation,,14779
Barnhart (B),"25 Mill St Middletown, CT 06457 United States",,,,,(860) 347-0827,06457,06457,,https://www.barnhartcrane.com,Member Get (a-Member);  (),info@scranet.org,C-Crane & RiggingM-MillwrightT-Transportation,2013,32154
Barnhart (B),"1360 Truxton Ave., Suite 102 North Charleston, SC 29405 United States",,,,,(843) 414-3280,1360,1360,,https://www.barnhartcrane.com,Member Get (a-Member);  (),info@scranet.org,C-Crane & RiggingM-MillwrightT-Transportation,,14784
Barnhart (B),"17325-A US-43 Axis, AL 36560 United States",,,,,(251) 207-8720,17325,17325,,https://www.barnhartcrane.com,Member Get (a-Member);  (),info@scranet.org,C-Crane & RiggingM-MillwrightT-Transportation,,52860
Barnhart (B),"8725 Bellingrath Road Theodore, AL 36582 United States",,,,,(251) 653-0227,8725,8725,,https://www.barnhartcrane.com,Member Get (a-Member);  (),info@scranet.org,C-Crane & RiggingM-MillwrightT-Transportation,,11746
Barnhart (B),"3917 Reavis Barracks Road Saint Louis, MO 63125 United States",,,,,(314) 544-3030,3917,3917,,https://www.barnhartcrane.com,Member Get (a-Member);  (),info@scranet.org,C-Crane & RiggingM-MillwrightT-Transportation,,51499
Barnhart (B),"801 7th Street East Moline, IL 61244 United States",,,,,(309) 762-1370,801 7,801 7,,https://www.barnhartcrane.com,Member Get (a-Member);  (),info@scranet.org,C-Crane & Rigging,,20227
Barnhart (B),"2579 Stevens Drive  Suite 101 Richland, WA 99354 United States",,,,,(509) 554-5622,2579,2579,,https://www.barnhartcrane.com,Member Get (a-Member);  (),info@scranet.org,C-Crane & RiggingM-MillwrightT-Transportation,,36187
Barnhart (B),"#5 Production Drive Little Rock, AR 72209 United States",,,,,(501) 570-0700,72209,72209,,https://www.barnhartcrane.com,Member Get (a-Member);  (),info@scranet.org,C-Crane & RiggingM-MillwrightT-Transportation,,11743
Barnhart (B),"720 West Water Street Taunton, MA 02780 United States",,,,,(508) 738-9001,720,720,,https://www.barnhartcrane.com,Member Get (a-Member);  (),info@scranet.org,C-Crane & RiggingM-MillwrightT-Transportation,,54258
Barnhart (B),"8100 W. Buckeye Road Tolleson, AZ 85043 United States",,,,,(623) 215-1485,8100,8100,,https://www.barnhartcrane.com,Member Get (a-Member);  (),info@scranet.org,C-Crane & RiggingM-MillwrightT-Transportation,,14777
Barnhart (B),"2703 Bells Highway Jackson, TN 38305 United States",,,,,(901) 271-6555,2703,2703,,https://www.barnhartcrane.com,Member Get (a-Member);  (),info@scranet.org,C-Crane & RiggingM-MillwrightT-Transportation,,32153
Barnhart (B),"2703 Bells Highway Jackson, TN 38305 United States",,,,,(901) 271-6555,2703,2703,,https://www.barnhartcrane.com,Member Get (a-Member);  (),info@scranet.org,C-Crane & RiggingM-MillwrightT-Transportation,,42992
Barnhart (B),"300 Burns Park Road Gadsden, AL 35903 United States",,,,,(256) 492-1102,300,300,,https://www.barnhartcrane.com,Member Get (a-Member);  (),info@scranet.org,C-Crane & RiggingM-MillwrightT-Transportation,,14780
Barnhart (B),"109 N. Old US Highway 41 Boswell, IN 47921 United States",,,,,(765) 819-2070,109,109,,https://www.barnhartcrane.com,Member Get (a-Member);  (),info@scranet.org,C-Crane & RiggingM-MillwrightT-Transportation,,46155
Barnhart (B),"3640 Bristol Hwy Johnson City, TN 37601 United States",,,,,(423) 245-8800,3640,3640,,https://www.barnhartcrane.com,Member Get (a-Member);  (),info@scranet.org,C-Crane & RiggingM-MillwrightT-Transportation,,27647
Barnhart (B),"40 Port Ave. Monroe, MI 48161 United States",,,,,(734) 230-4000,48161,48161,,https://www.barnhartcrane.com,Member Get (a-Member);  (),info@scranet.org,C-Crane & RiggingI-InternationalM-MillwrightT-Transportation,,36188
Barnhart (B),"1701 Dunn Avenue Memphis, TN 38106 United States",,,,,(901) 775-3000,1701,1701,,https://www.barnhartcrane.com,Member Get (a-Member);  (),info@scranet.org,C-Crane & RiggingM-MillwrightT-Transportation,,34832
Barnhart (B),"6700 Buncombe Road Shreveport, LA 71129 United States",,,,,(318) 687-4416,6700,6700,,https://www.barnhartcrane.com,Member Get (a-Member);  (),info@scranet.org,C-Crane & RiggingM-MillwrightT-Transportation,,11744
Barnhart (B),"3604 West Hovland Drive Sioux Falls, SD 57107 United States",,,,,(605) 367-1665,3604,3604,,https://www.barnhartcrane.com,Member Get (a-Member);  (),info@scranet.org,C-Crane & RiggingM-MillwrightT-Transportation,,39728
Barnhart (B),"13900 S. Meridian Oklahoma City, OK 73173 United States",,,,,(405) 692-6215,13900,13900,,https://www.barnhartcrane.com,Member Get (a-Member);  (),info@scranet.org,C-Crane & RiggingM-MillwrightT-Transportation,,27644
Barnhart (B),"1925 South West Avenue El Dorado, AR 71730 United States",,,,,(870) 639-4239,1925,1925,,https://www.barnhartcrane.com,Member Get (a-Member);  (),info@scranet.org,C-Crane & RiggingM-MillwrightT-Transportation,,50278
Barnhart (B),"1021 Sicklesteel Lane Mt. Vernon, WA 98274 United States",,,,,(360) 428-3811,1021,1021,,https://www.barnhartcrane.com,Member Get (a-Member);  (),info@scranet.org,C-Crane & RiggingM-MillwrightT-Transportation,1988,10878
Barnhart (B),"13026 Ellen Lane Houston, TX 77015 United States",,,,,(713) 433-6480,13026,13026,,https://www.barnhartcrane.com,Member Get (a-Member);  (),info@scranet.org,C-Crane & RiggingM-MillwrightT-Transportation,,14781
Barnhart (B),"107 N. Bancroft St Fairhope, AL 36532 United States",,,,,(251) 706-0884,107,107,,https://www.barnhartcrane.com,Member Get (a-Member);  (),info@scranet.org,C-Crane & RiggingM-MillwrightT-Transportation,,36186
Barnhart (B),"4173 S. Federal Ave., Suite 2 Mason City, IA 50401 United States",,,,,(641) 428-0462,4173,4173,,https://www.barnhartcrane.com,Member Get (a-Member);  (),info@scranet.org,C-Crane & RiggingM-MillwrightT-Transportation,,45921
Barnhart (B),"6164 W. Bedrock Rd. Post Falls, ID 83854 United States",,,,,(509) 535-7738,6164,6164,,https://www.barnhartcrane.com,Member Get (a-Member);  (),info@scranet.org,C-Crane & RiggingM-MillwrightT-Transportation,,39729
Barnhart (B),"2140 Business Loop I-94 West Mandan, ND 58554 United States",,,,,(701) 751-1319,2140,2140,,https://www.barnhartcrane.com,Member Get (a-Member);  (),info@scranet.org,C-Crane & RiggingM-MillwrightT-Transportation,,41010
Barnhart (B),"808 Farrish Street Madison, IL 62060 United States",,,,,(618) 451-6171,808,808,,https://www.barnhartcrane.com,Member Get (a-Member);  (),info@scranet.org,C-Crane & RiggingM-MillwrightT-Transportation,,51502
Barnhart (B),"720 W. 21st Street South Sioux City, NE 68776 United States",,,,,(402) 494-2110,720,720,,https://www.barnhartcrane.com,Member Get (a-Member);  (),info@scranet.org,C-Crane & RiggingM-MillwrightT-Transportation,,39727
Barnhart (B),"2195 Wright Brothers Ave. Columbus, OH 43217 United States",,,,,(614) 420-2499,2195,2195,,https://www.barnhartcrane.com,Member Get (a-Member);  (),info@scranet.org,C-Crane & RiggingM-MillwrightT-Transportation,,44386
Barnhart (B),"2105 N 58th St. #200 Superior, WI 54880 United States",,,,,(715) 392-7263,2105,2105,,https://www.barnhartcrane.com,Member Get (a-Member);  (),info@scranet.org,C-Crane & RiggingM-MillwrightT-Transportation,,47611
Barnhart (B),"731 Finley Island Road Decatur, AL 35601 United States",,,,,(256) 355-5531,731,731,,https://www.barnhartcrane.com,Member Get (a-Member);  (),info@scranet.org,C-Crane & RiggingM-MillwrightT-Transportation,,11742
Barnhart (B),"190 Smith St. West Monroe, LA 71292 United States",,,,,(318) 322-5438,190,190,,https://www.barnhartcrane.com,Member Get (a-Member);  (),info@scranet.org,C-Crane & RiggingM-MillwrightT-Transportation,,32152
Barnhart (B),"1900 Continental Blvd  Suite 400 Charlotte, NC 28273 United States",,,,,(865) 966-9786,1900,1900,,https://www.barnhartcrane.com,Member Get (a-Member);  (),info@scranet.org,C-Crane & RiggingM-MillwrightT-Transportation,,54261
Barnhart (B),"905 S. Main Avenue Ladd, IL 61329 United States",,,,,(815) 894-2348,905,905,,https://www.barnhartcrane.com,Member Get (a-Member);  (),info@scranet.org,C-Crane & RiggingT-Transportation,1987,10716
Barnhart (B),"673 N Bierdeman Rd Pearl, MS 39208 United States",,,,,(601) 373-9990,673,673,,https://www.barnhartcrane.com,Member Get (a-Member);  (),info@scranet.org,C-Crane & RiggingM-MillwrightT-Transportation,,11745
Barnhart (B),"717 1st St. SW New Brighton, MN 55112 United States",,,,,(651) 636-8129,717 1,717 1,,https://www.barnhartcrane.com,Member Get (a-Member);  (),info@scranet.org,C-Crane & RiggingM-MillwrightT-Transportation,,51500
Barnhart (B),"4200 SE Beisser Drive Grimes, IA 50111 United States",,,,,(515) 986-5701,4200,4200,,https://www.barnhartcrane.com,Member Get (a-Member);  (),info@scranet.org,C-Crane & RiggingM-MillwrightT-Transportation,,27643
Barnhart (B),"56916 241st Street Ames, IA 50010 United States",,,,,(515) 232-8967,56916 241,56916 241,,https://www.barnhartcrane.com,Member Get (a-Member);  (),info@scranet.org,C-Crane & RiggingM-MillwrightT-Transportation,,51503
Barnhart (B),"4401 Bowling St. SW Cedar Rapids, IA 52404 United States",,,,,(319) 365-4200,4401,4401,,https://www.barnhartcrane.com,Member Get (a-Member);  (),info@scranet.org,C-Crane & RiggingM-MillwrightT-Transportation,,32151
Barnhart (B),"10 Industrial Hwy  Mail Stop 81 Lester, PA 19029 United States",,,,,(610) 499-1790,19029,19029,,https://www.barnhartcrane.com,Member Get (a-Member);  (),info@scranet.org,C-Crane & RiggingM-MillwrightT-Transportation,1961,10071
Barnhart (B),"100 Crane Lane Oak Ridge, TN 37830 United States",,,,,(865) 966-9786,100,100,,https://www.barnhartcrane.com,Member Get (a-Member);  (),info@scranet.org,C-Crane & RiggingM-MillwrightT-Transportation,,14516
Barnhart (B),"835 Wilson Road Chesapeake, VA 23324 United States",,,,,(757) 722-1946,835,835,,https://www.barnhartcrane.com,Member Get (a-Member);  (),info@scranet.org,C-Crane & RiggingT-Transportation,,44387
Barnhart (B),"23462 S. Youngs Rd. Channahon, IL 60410 United States",,,,,(815) 431-0078,23462,23462,,https://www.barnhartcrane.com,Member Get (a-Member);  (),info@scranet.org,C-Crane & RiggingM-MillwrightT-Transportation,,14778
Barnhart (B),"7301 E County Rd 142 Blytheville, AR 72315 United States",,,,,(870) 762-2567,7301,7301,,https://www.barnhartcrane.com,Member Get (a-Member);  (),info@scranet.org,C-Crane & RiggingM-MillwrightT-Transportation,,32150
Barnhart (B),"15534 Garfield Avenue Paramount, CA 90723 United States",,,,,(562) 661-4923,15534,15534,,https://www.barnhartcrane.com,Member Get (a-Member);  (),info@scranet.org,C-Crane & RiggingM-MillwrightT-Transportation,,33353
Barnhart (B),"5910 S. 27th Street Omaha, NE 68107 United States",,,,,(402) 731-1480,5910,5910,,https://www.barnhartcrane.com,Member Get (a-Member);  (),info@scranet.org,C-Crane & RiggingM-MillwrightT-Transportation,,27648
Barnhart (B),"7501 N. 70th Street Lincoln, NE 68517 United States",,,,,(402) 438-7949,7501,7501,,https://www.barnhartcrane.com,Member Get (a-Member);  (),info@scranet.org,C-Crane & RiggingM-MillwrightT-Transportation,,27646
Barnhart (B),"4015 23rd St., SW Canton, OH 44706 United States",,,,,(330) 451-6194,4015 23,4015 23,,https://www.barnhartcrane.com,Member Get (a-Member);  (),info@scranet.org,C-Crane & RiggingM-MillwrightT-Transportation,,45922
Barnhart (B),"377 W. Henri De Tonti Blvd. Springdale, AR 72762 United States",,,,,(479) 487-0890,377,377,,https://www.barnhartcrane.com,Member Get (a-Member);  (),info@scranet.org,C-Crane & RiggingM-MillwrightT-Transportation,,45920
Barnhart (B),"104 South Gordy Street El Dorado, KS 67042 United States",,,,,(316) 621-4020,104,104,,https://www.barnhartcrane.com,Member Get (a-Member);  (),info@scranet.org,C-Crane & RiggingM-MillwrightT-Transportation,,51501
Barnhart (B),"7625 S. 228th Street Kent, WA 98032 United States",,,,,(253) 630-6244,7625,7625,,https://www.barnhartcrane.com,Member Get (a-Member);  (),info@scranet.org,C-Crane & RiggingT-Transportation,2008,32027
Barnhart Group,"9251 West Main Road North East, PA 16428 United States",,,,,(888) 212-7991,9251,9251,,https://www.barnhartinc.com,Member Get (a-Member);  (),info@scranet.org,S-SteelT-Transportation,2010,34053
Barnhart Group (B),"10626 Sheldon Rd. Houston, TX 77044 United States",,,,,(713) 913-0579,10626,10626,,https://www.barnhartinc.com,Member Get (a-Member);  (),info@scranet.org,S-SteelT-Transportation,,52983
Barnhart Group (B),"111 Old Depot Rd. Moncks Corner, SC 29461 United States",,,,,(803) 630-5747,111,111,,https://www.barnhartinc.com,Member Get (a-Member);  (),info@scranet.org,S-SteelT-Transportation,,46123
Barr Specialized Inc.,"4146 State Rt 154 Pinckneyville, IL 62274 United States",,,,,(618) 357-2501,4146,4146,,https://www.barrcos.com,Member Get (a-Member);  (),info@scranet.org,T-Transportation,1995,10288
Barton Malow Rigging,"21090 Fern Street Oak Park, MI 48237 United States",,,,,(248) 548-5000,21090,21090,tom.goolsby@bartonmalow.com,https://www.bartonmalow.com,Member Get (a-Member);  (),info@scranet.org,C-Crane & RiggingM-MillwrightT-Transportation,1993,10634
Basil Equipment Inc,"320 SW Century Drive Bend, OR 97702 United States",,,,,(818) 991-9694,320,320,bob@basilequipment.com,https://www.basilequipment.com,Member Get (a-Member);  (),info@scranet.org,,2018,45723
Basin Crane,"4416 Briarwood Ave  Suite 11091 Midland, TX 79707 United States",,,,,(432) 894-1202,4416,4416,,https://www.basincrane.com,Member Get (a-Member);  (),info@scranet.org,C-Crane & RiggingT-Transportation,2024,52615
"Bass Crane Service, LLC","1004 Holly Springs Ave. Richmond, VA 23224 United States",,,,,(804) 233-0113,1004,1004,,https://www.basscrane.com,Member Get (a-Member);  (),info@scranet.org,C-Crane & RiggingT-Transportation,1997,10635
Baxter Crane & Rigging,"10 Bayview Street West Yarmouth, MA 02673 United States",,,,,(508) 775-0375,02673,02673,,https://www.baxtercrane.com,Member Get (a-Member);  (),info@scranet.org,C-Crane & Rigging,2002,13394
Bay Crane Midwest,"2299 Performance Way Columbus, OH 43207 United States",,,,,(614) 278-2120,2299,2299,bgibson@baycrane.com,https://www.baycrane-mw.com,Member Get (a-Member);  (),info@scranet.org,C-Crane & RiggingM-MillwrightT-Transportation,1995,10707
Bay Crane Midwest (B),"251 Millers Run Rd. Bridgeville, PA 15017 United States",,,,,(412) 221-0330,251,251,sburkholder@baycrane.com,https://www.baycrane-mw.com,Member Get (a-Member);  (),info@scranet.org,C-Crane & RiggingM-MillwrightT-Transportation,,54506
Bay Crane Midwest (B),"1349 E Main Street Griffith, IN 46319 United States",,,,,(219) 321-9799,1349,1349,cbabbitt@baycrane.com,https://www.baycrane-mw.com,Member Get (a-Member);  (),info@scranet.org,C-Crane & RiggingM-MillwrightT-Transportation,,53082
Bay Crane Midwest (B),"9800 Broadway Ave Cleveland, OH 44125 United States",,,,,(216) 441-1400,9800,9800,mstephens@baycrane.com,https://www.baycrane-mw.com,Member Get (a-Member);  (),info@scranet.org,C-Crane & RiggingM-MillwrightT-Transportation,,52907
Bay Crane Midwest (B),"501 Broad Street Coshocton, OH 43812 United States",,,,,(740) 521-4646,501,501,awilson@baycrane.com,https://www.baycrane-mw.com,Member Get (a-Member);  (),info@scranet.org,C-Crane & RiggingM-MillwrightT-Transportation,,36169
Bay Crane Midwest (B),"20200 Woodruff Road Rockwood, MI 48173 United States",,,,,(313) 264-0705,20200,20200,jjbunge@baycrane.com,https://www.baycrane-mw.com,Member Get (a-Member);  (),info@scranet.org,C-Crane & RiggingM-MillwrightT-Transportation,,44506
Bay Crane Midwest (B),"320 Transfer Drive Indianapolis, IN 46214 United States",,,,,(463) 303-0515,320,320,wneumann@baycrane.com,https://www.baycrane-mw.com,Member Get (a-Member);  (),info@scranet.org,C-Crane & RiggingM-MillwrightT-Transportation,,52908
Bay Crane Midwest (B),"2601 Verity Pkwy.  Building 30 Middletown, OH 45044 United States",,,,,(304) 212-4818,2601,2601,jgwagner@baycrane.com,https://www.baycrane-mw.com,Member Get (a-Member);  (),info@scranet.org,C-Crane & RiggingM-MillwrightT-Transportation,,54505
Bay Crane Midwest (B),"2400 W. Joseph St. Lansing, MI 48917 United States",,,,,(517) 220-9800,2400,2400,jjbunge@baycrane.com,https://www.baycrane-mw.com,Member Get (a-Member);  (),info@scranet.org,C-Crane & RiggingM-MillwrightT-Transportation,,48431
Bay Crane Midwest (B),"302 Commerce Pkwy Lima, OH 45804 United States",,,,,(419) 549-5650,302,302,cwhitaker@baycrane.com,https://www.baycrane-mw.com,Member Get (a-Member);  (),info@scranet.org,C-Crane & RiggingM-MillwrightT-Transportation,,36170
Bay Crane Midwest (B),"P.O. Box 2148 Morgantown, WV 26502 United States",,,,,(304) 212-4818,2148,2148,twilson@baycrane.com,https://www.baycrane-mw.com,Member Get (a-Member);  (),info@scranet.org,C-Crane & RiggingM-MillwrightT-Transportation,,33295
Bay Crane Midwest (B),"2345 E. Hamilton Road Arlington Heights, IL 60005-4806 United States",,,,,(847) 364-1400,2345,2345,fhunssinger@baycrane.com,https://www.baycrane-mw.com,Member Get (a-Member);  (),info@scranet.org,C-Crane & RiggingM-MillwrightT-Transportation,1993,10030
Bay Crane Midwest (B),"915 Rowell Ave Joliet, IL 60433 United States",,,,,(815) 723-2829,915,915,jpedigo@baycrane.com,https://www.baycrane-mw.com,Member Get (a-Member);  (),info@scranet.org,C-Crane & RiggingM-MillwrightT-Transportation,,51722
Bay Crane Midwest (B),"4314 Corduroy Road Oregon, OH 43616 United States",,,,,(419) 931-6757,4314,4314,dwasserman@baycrane.com,https://www.baycrane-mw.com,Member Get (a-Member);  (),info@scranet.org,C-Crane & RiggingM-MillwrightT-Transportation,,41142
Bay Crane Service,"11-02 43rd Avenue Long Island City, NY 11101 United States",,,,,(718) 392-0800,11-02 43,11-02 43,,https://www.baycrane.com,Member Get (a-Member);  (),info@scranet.org,C-Crane & RiggingM-MillwrightT-Transportation,1992,10637
Bay Crane Service (B),"51 Richie Rd. Capitol Heights, MD 20743 United States",,,,,(202) 529-6100,20743,20743,acrandall@baycrane.com,https://www.baycrane-ma.com,Member Get (a-Member);  (),info@scranet.org,C-Crane & RiggingM-MillwrightT-Transportation,,54507
Bay Crane Service (B),"12 Ledin Drive Avon, MA 02322 United States",,,,,(617) 990-6037,02322,02322,,https://www.baycrane.com,Member Get (a-Member);  (),info@scranet.org,C-Crane & RiggingM-MillwrightT-Transportation,,37318
Bay Crane Service (B),"1441 Chestnut Ave Hillside, NJ 07205 United States",,,,,(973) 391-9700,1441,1441,,https://www.baycrane.com,Member Get (a-Member);  (),info@scranet.org,C-Crane & RiggingM-MillwrightT-Transportation,,38250
Bay Crane Service (B),"22 Lydia Ann Road Smithfield, RI 02917 United States",,,,,(401) 349-2755,02917,02917,,https://www.baycrane.com,Member Get (a-Member);  (),info@scranet.org,C-Crane & RiggingM-MillwrightT-Transportation,,37317
Bay Crane Service (B),"37 Nettleton Ave New Haven, CT 06473 United States",,,,,(203) 785-8000,06473,06473,,https://www.baycrane.com,Member Get (a-Member);  (),info@scranet.org,C-Crane & RiggingT-Transportation,,32213
Bay Crane Service (B),"389 New South Road Hicksville, NY 11801 United States",,,,,(516) 937-1523,389,389,,https://www.baycrane.com,Member Get (a-Member);  (),info@scranet.org,C-Crane & RiggingM-MillwrightT-Transportation,,11747
Bay Crane Service (B),"51 Ritchie Road Capitol Heights, MD 20743 United States",,,,,(202) 529-6100,20743,20743,acrandall@baycrane.com,https://www.baycrane-ma.com,Member Get (a-Member);  (),info@scranet.org,C-Crane & RiggingM-MillwrightT-Transportation,,53080
Bay Crane Service (B),"8200 Fischer Road Dundalk, MD 21222 United States",,,,,(410) 285-6363,8200,8200,acrandall@baycrane.com,https://www.baycrane-ma.com,Member Get (a-Member);  (),info@scranet.org,C-Crane & RiggingM-MillwrightT-Transportation,,53081
Bay Crane Service (B),"860 East St Tewksbury, MA 01876 United States",,,,,(603) 944-6044,860,860,,https://www.baycrane.com,Member Get (a-Member);  (),info@scranet.org,C-Crane & RiggingM-MillwrightT-Transportation,,51724
Bay Ltd/Berry Contracting & Heavy Haul,"1414 Valero Way Corpus Christi, TX 78409 United States",,,,,(361) 693-2100,1414,1414,millerb@bayltd.com,https://www.bayltd.com,Member Get (a-Member);  (),info@scranet.org,C-Crane & RiggingI-InternationalO-Oil FieldT-Transportation,2016,10647
Bay Ltd/Berry Contracting & Heavy Haul (B),"1806 Cloverdale Midland, TX 79701 United States",,,,,(361) 533-2916,1806,1806,,https://www.bayltd.com,Member Get (a-Member);  (),info@scranet.org,C-Crane & RiggingI-InternationalO-Oil FieldT-Transportation,,12940
Bay Ltd/Berry Contracting & Heavy Haul (B),"3701 Hwy 70 Sweetwater, TX 79556 United States",,,,,(325) 207-9749,3701,3701,,https://www.bayltd.com,Member Get (a-Member);  (),info@scranet.org,C-Crane & RiggingI-InternationalO-Oil FieldT-Transportation,,54699
Bay Ltd/Berry Contracting & Heavy Haul (B),"409 E 50th St. Lubbock, TX 79404 United States",,,,,(361) 533-2916,409,409,,https://www.bayltd.com,Member Get (a-Member);  (),info@scranet.org,C-Crane & RiggingI-InternationalO-Oil FieldT-Transportation,,47861
Bayou City Wire Rope,"18860 Eastex Freeway  Suite 200 Humble, TX 77338 United States",,,,,(713) 533-8111,18860,18860,sean@bayoucitywirerope.com,https://www.bayoucitywirerope.com,Member Get (a-Member);  (),info@scranet.org,,2023,51230
BC Association for Crane Safety,"PO Box 42066  RPO Guildford Surrey, BC V3R 1S5 Canada",,,,,(604) 336-4699,42066,42066,clinton@bccranesafety.ca,https://clinton@bccranesafety.ca,Member Get (a-Member);  (),info@scranet.org,,2024,52722
BDS,"25963 111Ave NW Acheson, AB T7X6C8 Canada",,,,,(888) 594-3118,25963 111,25963 111,Mike.Harrison@bdsinc.ca,https://www.bdsinc.ca,Member Get (a-Member);  (),info@scranet.org,I-InternationalO-Oil FieldS-SteelT-Transportation,2025,53302
"Becht Engineering Co., Inc.","7702 FM 1960 East, Suite 200 Humble, TX 77346 United States",,,,,(281) 427-3900,7702,7702,,https://becht.com,Member Get (a-Member);  (),info@scranet.org,,2008,20402
"Bechtel Equipment Operations, Inc.","1006 Park West Drive Sugar Land, TX 77478 United States",,,,,(281) 637-4200,1006,1006,,https://,Member Get (a-Member);  (),info@scranet.org,C-Crane & Rigging,1994,10639
Beck & Pollitzer USA,"135 N Church St  Suite 320 Spartanburg, SC 29306 United States",,,,,(864) 574-6551,135,135,kathryn.ward@beck-pollitzer.com,https://www.beck-pollitzer.com/us,Member Get (a-Member);  (),info@scranet.org,C-Crane & RiggingI-InternationalM-MillwrightT-Transportation,2025,53526
"Belger Cartage Service, Inc.","2100 Walnut Street Kansas City, MO 64108 United States",,,,,(816) 474-3250,2100,2100,,https://www.belger.net,Member Get (a-Member);  (),info@scranet.org,C-Crane & RiggingM-MillwrightT-Transportation,2016,20423
"Belger Cartage Service, Inc. (B)","404 South Red River Expressway Burkburnett, TX 76354 United States",,,,,(940) 569-9669,404,404,,https://www.belger.net,Member Get (a-Member);  (),info@scranet.org,C-Crane & RiggingM-MillwrightT-Transportation,,43081
"Belger Cartage Service, Inc. (B)","2534 East King Street Tulsa, OK 74110 United States",,,,,(918) 834-4431,2534,2534,,https://www.belger.net,Member Get (a-Member);  (),info@scranet.org,C-Crane & RiggingM-MillwrightT-Transportation,,43079
"Belger Cartage Service, Inc. (B)","3837 W. Reno Avenue Oklahoma City, OK 73107 United States",,,,,(405) 947-8822,3837,3837,,https://www.belger.net,Member Get (a-Member);  (),info@scranet.org,C-Crane & RiggingM-MillwrightT-Transportation,,43078
"Belger Cartage Service, Inc. (B)","1219 E. 19th Street Kansas City, MO 64108 United States",,,,,(816) 472-0000,1219,1219,,https://www.belger.net,Member Get (a-Member);  (),info@scranet.org,C-Crane & RiggingM-MillwrightT-Transportation,,43083
"Belger Cartage Service, Inc. (B)","9805 Alden Street Lenexa, KS 66215 United States",,,,,(816) 472-0000,9805,9805,,https://www.belger.net,Member Get (a-Member);  (),info@scranet.org,C-Crane & RiggingM-MillwrightT-Transportation,,43082
"Belger Cartage Service, Inc. (B)","2555 South Kessler Circle Wichita, KS 67217 United States",,,,,(316) 943-0101,2555,2555,,https://www.belger.net,Member Get (a-Member);  (),info@scranet.org,C-Crane & RiggingM-MillwrightT-Transportation,,43080
Benchley Contracting & Rental Corp.,"PO Box 220 Forestville, NY 14062 United States",,,,,(716) 934-4330,220,220,,https://www.benchleycrane.com,Member Get (a-Member);  (),info@scranet.org,C-Crane & Rigging,2008,18812
Benchmark Services LLC DBA Golden State Crane,"1626 Placentia Ave Costa Mesa, CA 92627 United States",,,,,(800) 934-5288,1626,1626,lrtorgerson@gmail.com,https://www.Goldenstatecrane.com,Member Get (a-Member);  (),info@scranet.org,C-Crane & RiggingT-Transportation,2022,49672
Benesch,"41 South High Street  Suite 2600 Columbus, OH 43215 United States",,,,,(614) 223-9300,2600,2600,,https://www.beneschlaw.com,Member Get (a-Member);  (),info@scranet.org,,2011,35068
"Benesch Friedlander Coplan & Aronoff, LLP","127 Public Square, #4900 Cleveland, OH 44114 United States",,,,,(216) 363-4500,127,127,ezalud@beneschlaw.com,https://www.beneschlaw.com/,Member Get (a-Member);  (),info@scranet.org,,2025,53284
Benkart Rigging,"2583 Rochester Road Cranberry Township, PA 16066 United States",,,,,(724) 776-1580,2583,2583,,https://,Member Get (a-Member);  (),info@scranet.org,C-Crane & RiggingM-MillwrightT-Transportation,1996,10643
Ben-Mor,"1105, Rue Lemire Saint-Hyacinthe, QC J2T 1L9 Canada",,,,,(450) 778-0022,1105,1105,mmasters@ben-mor.com,"https://https://www.ben-mor.com/accueil

",Member Get (a-Member);  (),info@scranet.org,,2023,51424
Bennett International Group,"P.O. Box 569 McDonough, GA 30253 United States",,,,,(770) 957-1866,569,569,,https://www.bennettig.com,Member Get (a-Member);  (),info@scranet.org,I-InternationalO-Oil FieldS-SteelT-Transportation,1995,10644
Bennett International Group (B),"18111 S. Santa Fee Ave, Suite C Rancho Dominguez, CA 90220 United States",,,,,(310) 763-1979,18111,18111,,https://www.bennettig.com,Member Get (a-Member);  (),info@scranet.org,I-InternationalO-Oil FieldS-SteelT-Transportation,,27635
Bennett International Group (B),"12859 Hwy 146 Dayton, TX 77535 United States",,,,,(281) 441-1149,12859,12859,,https://www.bennettig.com,Member Get (a-Member);  (),info@scranet.org,I-InternationalO-Oil FieldS-SteelT-Transportation,,27638
Bennett International Group (B),"29501 Mines Rd. Laredo, TX 78045 United States",,,,,(956) 712-4111,29501,29501,,https://www.bennettig.com,Member Get (a-Member);  (),info@scranet.org,I-InternationalO-Oil FieldS-SteelT-Transportation,,27639
Bennett International Group (B),"801 North 2nd Ave Carbon Cliff, IL 61239 United States",,,,,(309) 793-0023,801,801,,https://www.bennettig.com,Member Get (a-Member);  (),info@scranet.org,I-InternationalO-Oil FieldS-SteelT-Transportation,,27636
Bennett Motor Express,"PO Box 569 McDonough, GA 30253 United States",,,,,(770) 957-1866,569,569,lawrence.fry@bennettig.com,https://www.bennettig.com,Member Get (a-Member);  (),info@scranet.org,I-InternationalO-Oil FieldS-SteelT-Transportation,2015,34444
"Bentley Systems, Inc.","1501 Reedsdale St.  Suite 505 Pittsburgh, PA 15233 United States",,,,,(630) 981-6500,1501,1501,,https://www.bentley.com,Member Get (a-Member);  (),info@scranet.org,,1998,10645
"Berard Transportation, Inc.","3214 W. Admiral Doyle Drive New Iberia, LA 70560 United States",,,,,(337) 229-6326,3214,3214,,https://www.berardtrans.com,Member Get (a-Member);  (),info@scranet.org,C-Crane & RiggingO-Oil FieldT-Transportation,1993,10646
"Berard Transportation, Inc. (B)","20216 Crosby Freeway Crosby, TX 77532 United States",,,,,(713) 266-6700,20216,20216,info@berardtrans.com,https://info@berardtrans.com,Member Get (a-Member);  (),info@scranet.org,C-Crane & RiggingO-Oil FieldT-Transportation,,37988
"Berard Transportation, Inc. (B)","804 DeGravelle Road Amelia, LA 70380 United States",,,,,,804,804,,https://www.berardtrans.com,Member Get (a-Member);  (),info@scranet.org,C-Crane & RiggingO-Oil FieldT-Transportation,,37184
"Berard Transportation, Inc. (B)","PO Box 567 Theodore, AL 36590 United States",,,,,(251) 653-9900,567,567,,https://www.berardtrans.com,Member Get (a-Member);  (),info@scranet.org,C-Crane & RiggingO-Oil FieldT-Transportation,,37183
"Berghorst & Son, Inc.","1906 Division Street Hull, IA 51239 United States",,,,,(712) 439-2132,1906,1906,,https://www.berghorstmovers.com,Member Get (a-Member);  (),info@scranet.org,C-Crane & RiggingM-MillwrightT-Transportation,2003,14970
Berkely Fire Marine,"4820 Lake Brook Drive  Suite 300 Glen Allen, VA 23060 United States",,,,,(757) 381-4342,4820,4820,,https://www.berkleymarine.com,Member Get (a-Member);  (),info@scranet.org,,2024,52517
Best Crane & Rigging Inc.,"14 Gingerbread Lane Conway, AR 72032 United States",,,,,(501) 327-5252,72032,72032,,https://,Member Get (a-Member);  (),info@scranet.org,C-Crane & Rigging,2008,29839
Bestway Pilot Car LLC,"109 W 5th St Suite 105 Metropolis, IL 62960 United States",,,,,(618) 524-6958,109,109,,https://,Member Get (a-Member);  (),info@scranet.org,,2020,48300
"Beyel Brothers, Inc.","550 Cidco Road Cocoa, FL 32926 United States",,,,,(321) 632-2000,550,550,,https://www.beyel.com,Member Get (a-Member);  (),info@scranet.org,C-Crane & RiggingT-Transportation,2006,25938
Beyond Freight Soultions,"4311 Jersey Pike Chattanooga, TN 37416 United States",,,,,(423) 546-6593,4311,4311,bill@shipbeyond.com,https://WWW.SHIPBEYOND.COM,Member Get (a-Member);  (),info@scranet.org,,2025,53948
Bidadoo,"1001 3rd Avenue South Kent, WA 98032 United States",,,,,(235) 220-9588,1001 3,1001 3,-waynes@bidadoo.com,https://www.bidadoo.com,Member Get (a-Member);  (),info@scranet.org,,2023,50728
Big Apple Logistics,"Office 9  Unit 3  East Quay Bridgwater, Somerset TA6 4DB United Kingdom",,,,,+44 (0) 7889 720 576,6 4,6 4,Becky@bigapplelogistics.com,https://www.bigapplelogistics.com,Member Get (a-Member);  (),info@scranet.org,,2017,44322
Big B Crane,"645 S. Renfro St. Burleson, TX 76028 United States",,,,,(817) 447-9813,645,645,daniel@bigbcrane.com,https://www.bigbcrane.com,Member Get (a-Member);  (),info@scranet.org,C-Crane & Rigging,2015,40538
"Big Boy's Rigging Service, LLC","4312 Pistorio Road Baltimore, MD 21229 United States",,,,,(410) 242-4440,4312,4312,,https://www.bigboysrigging.com,Member Get (a-Member);  (),info@scranet.org,C-Crane & RiggingM-MillwrightT-Transportation,1981,10650
Big Wolf Solutions Inc.,"6767 Clarcona Ocoee Rd Orlando, FL 32810 United States",,,,,(407) 443-6711,6767,6767,,https://www.bigwolfsolutions.com,Member Get (a-Member);  (),info@scranet.org,,2007,29707
Bigfoot Construction Equipment,"1111 Broadway Court Woodstock, IL 60098 United States",,,,,(888) 743-7320,1111,1111,,https://www.outriggerpads.com,Member Get (a-Member);  (),info@scranet.org,,2015,40043
Bigge Crane and Rigging Co.,"10700 Bigge Avenue  P.O. Box 1657 San Leandro, CA 94577 United States",,,,,(510) 638-8100,10700,1200,,https://www.bigge.com,Member Get (a-Member);  (),info@scranet.org,C-Crane & RiggingT-Transportation,1952,10651
Bigge Crane and Rigging Co. (B),"460 S Orange St. Salt Lake City, UT 84104 United States",,,,,(510) 638-8100,460,460,,https://www.bigge.com,Member Get (a-Member);  (),info@scranet.org,C-Crane & RiggingT-Transportation,,42969
Bigge Crane and Rigging Co. (B),"3280 Charleston Hwy  P.O. Box 1657, San Leandro, CA 94577 Aiken, SC 29801 United States",,,,,(843) 834-9103,101,101,,https://www.bigge.com,Member Get (a-Member);  (),info@scranet.org,C-Crane & RiggingT-Transportation,,33299
Bigge Crane and Rigging Co. (B),"10604 Airline Hwy  P.O. Box 1657, San Leandro, CA 94577 Gonzales, LA 70737 United States",,,,,(504) 421-9774,10604,10604,,https://www.bigge.com,Member Get (a-Member);  (),info@scranet.org,C-Crane & RiggingT-Transportation,,42972
Bigge Crane and Rigging Co. (B),"1080 Industrial Dr.  P.O. Box 1657, San Leandro, CA 94577 Watkinsville, GA 30677 United States",,,,,(706) 434-8305,1080,1080,,https://www.bigge.com,Member Get (a-Member);  (),info@scranet.org,C-Crane & RiggingT-Transportation,,42976
Bigge Crane and Rigging Co. (B),"420 W McNab Rd. Fort Lauderdale, FL 33069 United States",,,,,,1909,1909,,https://www.bigge.com,Member Get (a-Member);  (),info@scranet.org,C-Crane & RiggingT-Transportation,,10868
Bigge Crane and Rigging Co. (B),"59326 878 Road Ponca, NE 68770 United States",,,,,(402) 704-8262,59326 878,59326 878,,https://www.bigge.com,Member Get (a-Member);  (),info@scranet.org,C-Crane & RiggingT-Transportation,,48412
Bigge Crane and Rigging Co. (B),"8300 Mchard Road  P.O. Box 1657, San Leandro, CA 94577 Houston, TX 77053 United States",,,,,(832) 786-5203,8300,8300,,https://www.bigge.com,Member Get (a-Member);  (),info@scranet.org,C-Crane & RiggingT-Transportation,,33298
Bigge Crane and Rigging Co. (B),"P.O. 1657 San Leandro, CA 94577 United States",,,,,(832) 786-5204,1657,1657,,https://www.bigge.com,Member Get (a-Member);  (),info@scranet.org,C-Crane & RiggingT-Transportation,,42971
Bigge Crane and Rigging Co. (B),"P.O. Box 1657 San Leandro, CA 94577 United States",,,,,(832) 786-5203,1657,1657,,https://www.bigge.com,Member Get (a-Member);  (),info@scranet.org,C-Crane & RiggingT-Transportation,,42970
Bigge Crane and Rigging Co. (B),"1045 Commercial Court  P.O. Box 1657, San Leandro, CA 94577 San Jose, CA 95112 United States",,,,,(408) 452-1537,1045,1045,,https://www.bigge.com,Member Get (a-Member);  (),info@scranet.org,C-Crane & RiggingT-Transportation,,12119
Bigge Crane and Rigging Co. (B),"18410 Slover Ave. Bloomington, CA 92316 United States",,,,,(909) 699-1150,18410,18410,,https://www.bigge.com,Member Get (a-Member);  (),info@scranet.org,C-Crane & RiggingT-Transportation,,42974
Bigge Crane and Rigging Co. (B),"2895 Industrial Blvd, Ste 100A  P.O. Box 1657, San Leandro, CA 94577 Sacramento, CA 95691 United States",,,,,(916) 372-7039,2895,2895,,https://www.bigge.com,Member Get (a-Member);  (),info@scranet.org,C-Crane & RiggingT-Transportation,,42975
Bigge Crane and Rigging Co. (B),"P.O. Box 1657 San Leandro, CA 94577 United States",,,,,,1657,1657,,https://www.bigge.com,Member Get (a-Member);  (),info@scranet.org,C-Crane & RiggingT-Transportation,,42973
Bigge Crane and Rigging Co. (B),"10786 Co Rd 41 Hudson, CO 80642 United States",,,,,(720) 597-0075,10180,10180,,https://www.bigge.com,Member Get (a-Member);  (),info@scranet.org,C-Crane & RiggingT-Transportation,,27852
"Bill Signs Trucking, LLC","10329 Channel Rd. Lakeside, CA 92040-1707 United States",,,,,(619) 249-6672,10329,10329,mmorgan@billsignstrucking.com,https://www.billsignstrucking.com,Member Get (a-Member);  (),info@scranet.org,T-Transportation,2023,21592
Bills Towing,"66855 Executive Dr. Saint Clairsville, OH 43950 United States",,,,,(740) 695-5114,66855,66855,,https://www.BillsTowingandrecovery.com,Member Get (a-Member);  (),info@scranet.org,M-MillwrightO-Oil FieldS-SteelT-Transportation,2024,47427
"Bishop Lifting Products, Inc.","10340 Wallisville Rd. Houston, TX 77013 United States",,,,,(713) 674-2266,125,125,,https://www.lifting.com,Member Get (a-Member);  (),info@scranet.org,,1997,10654
"Bishop Lifting Products, Inc. (B)","103 E State St. Sedro Wooley, WA 98284 United States",,,,,(360) 855-0331,103,103,,https://https://lifting.com,Member Get (a-Member);  (),info@scranet.org,,,52854
"Bishop Lifting Products, Inc. (B)","11730 Philips Hwy Jacksonville, FL 32256 United States",,,,,(904) 394-6020,11730,11730,,https://https://lifting.com,Member Get (a-Member);  (),info@scranet.org,,,52844
"Bishop Lifting Products, Inc. (B)","2015 Arcadia St. Fort Myers, FL 33916 United States",,,,,(239) 334-1343,2015,2015,,https://https://lifting.com,Member Get (a-Member);  (),info@scranet.org,,,52846
"Bishop Lifting Products, Inc. (B)","2282 US-281 S Pleasanton, TX 78064 United States",,,,,,2282,2282,,https://https://lifting.com,Member Get (a-Member);  (),info@scranet.org,,,52834
"Bishop Lifting Products, Inc. (B)","2439 McGilchrist St SE Salem, OR 97302 United States",,,,,(503) 399-7037,2439,2439,,https://https://lifting.com,Member Get (a-Member);  (),info@scranet.org,,,52851
"Bishop Lifting Products, Inc. (B)","310 W Melody Ln Casselberry, FL 32707 United States",,,,,(407) 331-6677,310,310,,https://https://lifting.com,Member Get (a-Member);  (),info@scranet.org,,,52843
"Bishop Lifting Products, Inc. (B)","3122 Engle Rd. Fort Wayne, IN 46809 United States",,,,,(260) 478-4700,3122,3122,,https://https://lifting.com,Member Get (a-Member);  (),info@scranet.org,,,52837
"Bishop Lifting Products, Inc. (B)","4140 W 11th Ave. Eugene, WA 97402 United States",,,,,(541) 344-6249,4140,4140,,https://https://lifting.com,Member Get (a-Member);  (),info@scranet.org,,,52850
"Bishop Lifting Products, Inc. (B)","467 Montgomery St. Shreveport, LA 71107 United States",,,,,(318) 221-5801,467,467,,https://https://lifting.com,Member Get (a-Member);  (),info@scranet.org,,,52836
"Bishop Lifting Products, Inc. (B)","5453 N Peterson Rd. Sedalia, CO 80135 United States",,,,,(303) 688-0978,5453,5453,,https://https://lifting.com,Member Get (a-Member);  (),info@scranet.org,,,52852
"Bishop Lifting Products, Inc. (B)","5760 Dividend Rd. Indianapolis,  IN United States",,,,,(317) 634-2545,5760,5760,,https://https:/lifting.com,Member Get (a-Member);  (),info@scranet.org,,,52838
"Bishop Lifting Products, Inc. (B)","627-39 Thatcher St. Albany, NY 12207 United States",,,,,(518) 465-3461,627-39,627-39,,https://https://lifting.com,Member Get (a-Member);  (),info@scranet.org,,,52839
"Bishop Lifting Products, Inc. (B)","6820 Adamo Dr. Tampa, FL 33619 United States",,,,,(813) 623-6677,6820,6820,,https://https://lifting.com,Member Get (a-Member);  (),info@scranet.org,,,52845
"Bishop Lifting Products, Inc. (B)","685 State Ave Vanport, PA 15009 United States",,,,,(724) 824-3709,685,685,,https://https://lifting.com,Member Get (a-Member);  (),info@scranet.org,,,52840
"Bishop Lifting Products, Inc. (B)","6938 Exchequer Dr. Baton Rouge, LA 70809 United States",,,,,(225) 752-4884,6938,6938,,https://https://lifting.com,Member Get (a-Member);  (),info@scranet.org,,,52842
"Bishop Lifting Products, Inc. (B)","702 Industrial Way Longview, WA 98632 United States",,,,,(360) 577-8030,702,702,,https://https://lifting.com,Member Get (a-Member);  (),info@scranet.org,,,52853
"Bishop Lifting Products, Inc. (B)","7830 Bryon Sr.  Suite 4 Riviera Beach, FL 33404 United States",,,,,(561) 578-8620,7830,7830,,https://https://lifting.com,Member Get (a-Member);  (),info@scranet.org,,,52848
"Bishop Lifting Products, Inc. (B)","8007 NW 74th Ave. Medley, FL 33166 United States",,,,,(305) 883-4800,8007,8007,,https://https://lifting.com,Member Get (a-Member);  (),info@scranet.org,,,52847
"Bishop Lifting Products, Inc. (B)","853 Marvin A Smith Rd. Kilgore, TX 75662 United States",,,,,(903) 984-9691,853,853,,https://https://lifting.com,Member Get (a-Member);  (),info@scranet.org,,,52835
"Bishop Lifting Products, Inc. (B)","8740 S Jones Blvd. Las Vegas, NV 89139 United States",,,,,(702) 597-2010,8740,8740,,https://https://lifting.com,Member Get (a-Member);  (),info@scranet.org,,,52849
"Bishop Lifting Products, Inc. (B)","21525 North Hwy. 288B Angleton, TX 77515 United States",,,,,(281) 595-4940,21525,21525,,https://www.lifting.com,Member Get (a-Member);  (),info@scranet.org,,1996,10130
"Bishop Lifting Products, Inc. (B)","14620 E. Pine St. Tulsa, OK 74116 United States",,,,,(918) 582-1807,14620,14620,,https://www.lifting.com,Member Get (a-Member);  (),info@scranet.org,,,21100
"Bishop Lifting Products, Inc. (B)","8306 W I-20 Midland, TX 79706 United States",,,,,(432) 563-5955,8306,8306,,https://www.lifting.com,Member Get (a-Member);  (),info@scranet.org,,,33358
"Bishop Lifting Products, Inc. (B)","1149 W. Hurst Blvd. Hurst, TX 76053 United States",,,,,(817) 589-7983,1149,1149,,https://www.lifting.com,Member Get (a-Member);  (),info@scranet.org,,,42903
"Bishop Lifting Products, Inc. (B)","1785 Ellsworth Industrial Blvd. Atlanta, GA 30318 United States",,,,,(404) 351-2600,1785,1785,,https://www.lifting.com,Member Get (a-Member);  (),info@scranet.org,,,54571
"Bishop Lifting Products, Inc. (B)","2900 E. Napoleon St. Sulphur, LA 70663 United States",,,,,(337) 313-2116,2900,2900,,https://www.lifting.com,Member Get (a-Member);  (),info@scranet.org,,,42904
"Bishop Lifting Products, Inc. (B)","1775 S. West St. Wichita, KS 67213 United States",,,,,(316) 942-2453,1775,1775,,https://www.lifting.com,Member Get (a-Member);  (),info@scranet.org,,,11750
"Bishop Lifting Products, Inc. (B)","102 Nova Dr. Broussard, LA 70518 United States",,,,,(337) 837-2713,102,102,,https://www.lifting.com,Member Get (a-Member);  (),info@scranet.org,,,42905
"Bishop Lifting Products, Inc. (B)","722 Scarlet Dr. Grand Junction, CO 81505 United States",,,,,(970) 242-1144,722,722,,https://www.lifting.com,Member Get (a-Member);  (),info@scranet.org,,,42902
Black Bear Crane,"56 Dave's Way Bangor, ME 04401 United States",,,,,(207) 977-2327,04401,04401,,https://www.Blackbearcrane.com,Member Get (a-Member);  (),info@scranet.org,C-Crane & Rigging,2023,51249
"Black Hawk Crane & Rigging, Inc.","P.O. Box 662 Gillette, WY 82717 United States",,,,,(307) 682-0911,662,662,,https://,Member Get (a-Member);  (),info@scranet.org,C-Crane & RiggingO-Oil FieldT-Transportation,1998,10656
Blackjack Express LLC,"14281 US Highway 70 Proctor, AR 72376 United States",,,,,(901) 619-1803,14281,14281,,https://WWW.theblackjackexpress.com,Member Get (a-Member);  (),info@scranet.org,T-Transportation,2023,50460
Bloom Manufacturing LLC,"1443 220th Street Independence, IA 50644 United States",,,,,(319) 827-1139,1443 220,1443 220,,https://www.bloommfg.com,Member Get (a-Member);  (),info@scranet.org,,2022,50226
Blue Hat Crane & Equipment Rentals,"240 S. 65th Street Kansas City, KS 66111 United States",,,,,(913) 321-0127,240,240,,https://www.bluehatrentals.com,Member Get (a-Member);  (),info@scranet.org,C-Crane & RiggingT-Transportation,2014,38657
Blue Hat Crane & Equipment Rentals (B),"240 S. 65th Street Kansas City, KS 66111 United States",,,,,(913) 321-0127,240,240,,https://www.bluehatrentals.com,Member Get (a-Member);  (),info@scranet.org,C-Crane & RiggingT-Transportation,,45914
Blue Mountain Freight,"71506 Schroeder Rd Pendleton, OR 97801 United States",,,,,(541) 969-5793,71506,71506,lynn@bluemountainfreight.com,https://www.bluemountainfreight.com,Member Get (a-Member);  (),info@scranet.org,,2024,52746
BNSF Logistics,"3501 Olympus Boulevard  Suite 350 Dallas, TX 75019 United States",,,,,(800) 275-8521,3501,3501,,https://www.bnsflogistics.com,Member Get (a-Member);  (),info@scranet.org,C-Crane & RiggingI-InternationalO-Oil FieldS-SteelT-Transportation,2000,12131
Bob's Crane Service,"12101 Highway 67 Lakeside, CA 92040-1103 United States",,,,,(619) 443-5887,12101,12101,,https://www.bobscrane.com,Member Get (a-Member);  (),info@scranet.org,C-Crane & Rigging,2005,20065
"Bormann Brothers, Inc.","8 Roosevelt Ave. Hudson, NH 03051-2879 United States",,,,,(800) 556-6683,03051-2879,03051-2879,,https://www.bormannbrosinc.com,Member Get (a-Member);  (),info@scranet.org,C-Crane & RiggingM-MillwrightT-Transportation,1992,10660
Borsheim Crane Service,"745 31st Ave E  Suite 105 West Fargo, ND 58078 United States",,,,,(701) 282-7263,745 31,745 31,,https://www.borsheimcrane.com,Member Get (a-Member);  (),info@scranet.org,C-Crane & RiggingM-MillwrightO-Oil FieldS-SteelT-Transportation,2013,36927
Borsheim Crane Service (B),"104 40th Ave N Minot, ND 58703 United States",,,,,(701) 852-0226,104 40,104 40,,https://www.borsheimcrane.com,Member Get (a-Member);  (),info@scranet.org,C-Crane & RiggingM-MillwrightO-Oil FieldS-SteelT-Transportation,,54602
Borsheim Crane Service (B),"8 48th Ave W Williston, ND 58801 United States",,,,,(701) 572-6301,8 48,8 48,,https://www.borsheimcrane.com,Member Get (a-Member);  (),info@scranet.org,C-Crane & RiggingM-MillwrightO-Oil FieldS-SteelT-Transportation,,54601
Borsheim Crane Service (B),"857 Main Ave W West Fargo, ND 58078 United States",,,,,(701) 282-7263,857,857,,https://www.borsheimcrane.com,Member Get (a-Member);  (),info@scranet.org,C-Crane & RiggingM-MillwrightO-Oil FieldS-SteelT-Transportation,,54600
BOSS Crane & Rigging,"4836 W Loop 281 S Longview, TX 75603 United States",,,,,(903) 475-0018,4836,4836,thomas.baldree@bosscrane.com,https://www.bosscrane.com,Member Get (a-Member);  (),info@scranet.org,C-Crane & Rigging,2015,40260
BOSS Crane & Rigging (B),"6468 US HWY 79 South Palestine, TX 78102 United States",,,,,,6468,6468,Thomas.baldree@bosscrane.com,https://www.bosscrane.com,Member Get (a-Member);  (),info@scranet.org,C-Crane & RiggingT-Transportation,,48522
BOSS Crane & Rigging (B),"13367 State Hwy 181 Kenedy, TX 78119 United States",,,,,,13367,13367,sam.watts@bosscrane.com,https://www.bosscrane.com,Member Get (a-Member);  (),info@scranet.org,C-Crane & Rigging,,48520
"BOSS Heavy Haul, LLC.","12859 Hwy 146 Dayton, TX 77535 United States",,,,,(832) 973-7095,12859,12859,david.womack@bennettig.com,https://www.bossheavyhaul.com,Member Get (a-Member);  (),info@scranet.org,T-Transportation,2024,51992
"Boulter Industrial Contractors, Inc.","PO Box 967 Webster, NY 14580-0967 United States",,,,,(585) 265-3260,967,967,bbachman@boulterindustrialinc.com,https://www.boulterindustrial.com,Member Get (a-Member);  (),info@scranet.org,C-Crane & RiggingM-MillwrightT-Transportation,1999,10662
Box Insurance Agency,"1200 S. Main Street #1600 Grapevine, TX 86051 United States",,,,,(817) 654-1805,1200,1200,clint.snead@boxfinancial.com,https://www.boxinsurance.com,Member Get (a-Member);  (),info@scranet.org,,2014,39611
BP Machine Ltd,"4205 - 78 Avenue NW Edmonton, AB T6B 2N3 Canada",,,,,(780) 485-5101,4205 - 78,4205 - 78,winston@blbp.ca,https://,Member Get (a-Member);  (),info@scranet.org,,2020,47884
BPCE Equipment Solutions,"480 Washington Blvd, 21st Floor Jersey City, NJ 07310-1900 United States",,,,,(201) 839-1155,480,480,,https://www.equipmentsolutions.groupebpce.com,Member Get (a-Member);  (),info@scranet.org,,2012,32845
"Brady Crane Services, LLC","PO Box 788 Healdton, OK 73438 United States",,,,,(580) 229-1168,788,788,,https://www.bradywelding.com,Member Get (a-Member);  (),info@scranet.org,C-Crane & RiggingO-Oil FieldT-Transportation,2007,28276
Bragg Companies,"6251 North Paramount Boulevard Long Beach, CA 90805 United States",,,,,(562) 984-2400,6251,6251,,https://WWW.BRAGGCOMPANIES.COM,Member Get (a-Member);  (),info@scranet.org,C-Crane & RiggingO-Oil FieldS-SteelT-Transportation,1968,10664
Bragg Companies (B),"1555 East Betteravia Road Santa Maria, CA 93454 United States",,,,,(805) 922-8544,1555,1555,,https://WWW.BRAGGCOMPANIES.COM,Member Get (a-Member);  (),info@scranet.org,C-Crane & RiggingO-Oil FieldT-Transportation,,37370
Bragg Companies (B),"2198 West 2425 South Woods Cross, UT 84087 United States",,,,,(801) 272-6348,2198,2198,,https://WWW.BRAGGCOMPANIES.COM,Member Get (a-Member);  (),info@scranet.org,C-Crane & RiggingO-Oil FieldT-Transportation,,37027
Bragg Companies (B),"2701 North Ventura Avenue Ventura, CA 93001 United States",,,,,(805) 922-8544,2701,2701,,https://WWW.BRAGGCOMPANIES.COM,Member Get (a-Member);  (),info@scranet.org,C-Crane & RiggingO-Oil FieldT-Transportation,,47356
Bragg Companies (B),"8812 West County Road 127 Midland, TX 79706 United States",,,,,(432) 332-0484,8812,8812,,https://WWW.BRAGGCOMPANIES.COM,Member Get (a-Member);  (),info@scranet.org,C-Crane & RiggingO-Oil FieldT-Transportation,,37028
Bragg Companies (B),"150 Solano Way Martinez, CA 94553 United States",,,,,(925) 228-1220,150,150,,https://WWW.BRAGGCOMPANIES.COM,Member Get (a-Member);  (),info@scranet.org,C-Crane & RiggingO-Oil FieldT-Transportation,,49319
Bragg Companies (B),"17432 State Route-536 Mount Vernon, WA 98273 United States",,,,,(360) 428-3616,17432,17432,,https://WWW.BRAGGCOMPANIES.COM,Member Get (a-Member);  (),info@scranet.org,C-Crane & RiggingO-Oil FieldT-Transportation,,49320
Bragg Companies (B),"8049 Somerset Blvd Paramount, CA 90723 United States",,,,,(562) 984-2400,8049,8049,,https://WWW.BRAGGCOMPANIES.COM,Member Get (a-Member);  (),info@scranet.org,C-Crane & RiggingO-Oil FieldT-Transportation,,49323
Bragg Companies (B),"2251 Larkin Circle Sparks, NV 89431 United States",,,,,(775) 359-2900,2251,2251,,https://WWW.BRAGGCOMPANIES.COM,Member Get (a-Member);  (),info@scranet.org,C-Crane & RiggingO-Oil FieldT-Transportation,,11753
Bragg Companies (B),"6251 N. Paramount Boulevard Long Beach, CA 90805 United States",,,,,(562) 984-2400,6251,6251,,https://WWW.BRAGGCOMPANIES.COM,Member Get (a-Member);  (),info@scranet.org,C-Crane & RiggingO-Oil FieldT-Transportation,,50274
Bragg Companies (B),"13188 Dahlia Street Fontana, CA 92337 United States",,,,,(909) 350-3738,13188,13188,,https://WWW.BRAGGCOMPANIES.COM,Member Get (a-Member);  (),info@scranet.org,C-Crane & RiggingO-Oil FieldT-Transportation,,11755
Bragg Companies (B),"16922 Airport Boulevard  Building 1, Room 11 Mojave, CA 93501 United States",,,,,(661) 824-5128,16922,16922,,https://WWW.BRAGGCOMPANIES.COM,Member Get (a-Member);  (),info@scranet.org,C-Crane & RiggingO-Oil FieldT-Transportation,,37007
Bragg Companies (B),"6251 N. Paramount Boulevard Long Beach, CA 90805 United States",,,,,(562) 984-2400,6251,6251,,https://WWW.BRAGGCOMPANIES.COM,Member Get (a-Member);  (),info@scranet.org,C-Crane & RiggingO-Oil FieldT-Transportation,,50272
Bragg Companies (B),"2600 West McDowell Road Phoenix, AZ 85009 United States",,,,,(602) 233-0205,2600,2600,,https://WWW.BRAGGCOMPANIES.COM,Member Get (a-Member);  (),info@scranet.org,C-Crane & RiggingO-Oil FieldT-Transportation,,21070
Bragg Companies (B),"2811 Fruitvale Ave. Bakersfield, CA 93308 United States",,,,,(661) 368-7070,2811,2811,,https://WWW.BRAGGCOMPANIES.COM,Member Get (a-Member);  (),info@scranet.org,C-Crane & RiggingO-Oil FieldS-SteelT-Transportation,2005,21042
Bragg Companies (B),"12407 Slaughterhouse Canyon Rd Lakeside, CA 92040 United States",,,,,(619) 521-3900,12407,12407,,https://WWW.BRAGGCOMPANIES.COM,Member Get (a-Member);  (),info@scranet.org,C-Crane & RiggingO-Oil FieldT-Transportation,,11754
Bragg Companies (B),"2420 East Eight Mile Road Stockton, CA 95210 United States",,,,,(800) 327-8694,2420,2420,,https://WWW.BRAGGCOMPANIES.COM,Member Get (a-Member);  (),info@scranet.org,C-Crane & RiggingO-Oil FieldT-Transportation,,11756
Bragg Companies (B),"457 Parr Boulevard Richmond, CA 94801 United States",,,,,(510) 232-7222,457,457,,https://WWW.BRAGGCOMPANIES.COM,Member Get (a-Member);  (),info@scranet.org,C-Crane & RiggingO-Oil FieldT-Transportation,,11757
Bragg Companies (B),"6251 N. Paramount Boulevard Long Beach, CA 90805 United States",,,,,(562) 984-2400,6251,6251,,https://WWW.BRAGGCOMPANIES.COM,Member Get (a-Member);  (),info@scranet.org,C-Crane & RiggingO-Oil FieldT-Transportation,,50273
Bragg Companies (B),"6251 N. Paramount Boulevard Long Beach, CA 90805 United States",,,,,(562) 984-2400,6251,6251,,https://WWW.BRAGGCOMPANIES.COM,Member Get (a-Member);  (),info@scranet.org,C-Crane & RiggingO-Oil FieldT-Transportation,,47354
Bragg Companies (B),"2420 East Eight Mile Road Stockton, CA 95210 United States",,,,,(800) 327-8694,2420,2420,,https://WWW.BRAGGCOMPANIES.COM,Member Get (a-Member);  (),info@scranet.org,C-Crane & RiggingO-Oil FieldT-Transportation,,37008
Bragg Companies (B),"1898 South Century Way Road Bosie, ID 83709 United States",,,,,(208) 225-8100,1898,1898,,https://WWW.BRAGGCOMPANIES.COM,Member Get (a-Member);  (),info@scranet.org,C-Crane & RiggingO-Oil FieldT-Transportation,,48315
Bragg Companies (B),"1555 East Betteravia Road Santa Maria, CA 93455 United States",,,,,(805) 922-7717,1555,1555,,https://WWW.BRAGGCOMPANIES.COM,Member Get (a-Member);  (),info@scranet.org,C-Crane & RiggingO-Oil FieldT-Transportation,,37025
Bragg Companies (B),"1430 Chaffee Drive Titusville, FL 32780 United States",,,,,(321) 336-0120,1430,1430,,https://WWW.BRAGGCOMPANIES.COM,Member Get (a-Member);  (),info@scranet.org,C-Crane & RiggingO-Oil FieldT-Transportation,,47355
Brandt Industries,"19500 N 1425 East Rd. Hudson, IL 61748 United States",,,,,(520) 252-1505,19500,19500,,https://www.brandt.ca,Member Get (a-Member);  (),info@scranet.org,,2026,49706
"Brasfield and Gorrie, LP","2748 Mary Taylor Road Birmingham, AL 35210 United States",,,,,(205) 423-7062,2748,2748,jmoran@brasfieldgorrie.com,https://www.bgequipmentsupply.com,Member Get (a-Member);  (),info@scranet.org,C-Crane & RiggingT-Transportation,2015,40714
Brennan & Stuart Inc.,"222 Bucklin Street LaSalle, IL 61301 United States",,,,,(815) 223-0137,222,222,,https://www.brennanstuart.com,Member Get (a-Member);  (),info@scranet.org,,1990,10668
"Brennan Industrial Contractors, Inc.","5 Plog Rd. Fairfield, NJ 07004 United States",,,,,(973) 439-6900,07004,07004,,https://www.brennanind.com,Member Get (a-Member);  (),info@scranet.org,C-Crane & RiggingM-Millwright,1996,10667
Brewer Crane LLC dba Brewer Crane and Rigging,"12570 Highway 67 Lakeside, CA 92040 United States",,,,,(619) 390-8252,12570,12570,,https://www.brewercrane.com,Member Get (a-Member);  (),info@scranet.org,C-Crane & RiggingT-Transportation,2018,45134
Bricker Transport,"23457 Mines Road Laredo, TX 78045 United States",,,,,(956) 723-4393,23457,23457,,https://www.brickertransport.com,Member Get (a-Member);  (),info@scranet.org,C-Crane & RiggingI-InternationalO-Oil FieldS-SteelT-Transportation,2014,16290
Bricker Transport (B),"3910 North SR72 Sabina, OH 45169 United States",,,,,(956) 237-8767,3910,3910,,https://www.brickertransport.com,Member Get (a-Member);  (),info@scranet.org,C-Crane & RiggingI-InternationalO-Oil FieldS-SteelT-Transportation,,48461
BridgeHaul Carrier Services,"3480 Peachtree Rd NE Atlanta, GA 30326 United States",,,,,(470) 597-2084,3480,3480,,https://www.bridgehaul.com/scra,Member Get (a-Member);  (),info@scranet.org,,2025,53827
Bridon-Bekaert Ropes Group,"280 New Commerce Blvd. Wilkes-Barre, PA 18706 United States",,,,,(570) 822-3349,280,280,,https://www.bridon-bekaert.com,Member Get (a-Member);  (),info@scranet.org,,2015,10596
"Bristol Manufacturing, Inc.","4416 N. State Rd. Davison, MI 48423 United States",,,,,(810) 658-9510,4416,4416,,https://www.bristolmanufacturing.com,Member Get (a-Member);  (),info@scranet.org,C-Crane & RiggingM-MillwrightS-SteelT-Transportation,1999,10671
Broderson Manufacturing Corp.,"14741 West 106th Street Lenexa, KS 66215 United States",,,,,(913) 888-0606,14741,14741,,https://www.broderson.com,Member Get (a-Member);  (),info@scranet.org,,2014,10672
Bronco Haulers dba Bronco Companies,"2307 Ponderosa Dr Chickasha, OK 73018 United States",,,,,(903) 705-0951,2307,2307,chris.holland@broncocompanies.com,https://www.broncocompanies.com,Member Get (a-Member);  (),info@scranet.org,,2022,50241
Brooker Crane Sales & Leasing,"3400 Mesa Drive, Suite One Houston, TX 77013 United States",,,,,(888) 673-6664,3400,3400,,https://www.brookercrane.com,Member Get (a-Member);  (),info@scranet.org,,1997,10673
Brown & Brown Insurance,"257 East 200 South  Suite 700 Salt Lake City, UT 84111 United States",,,,,(801) 580-5501,257,257,,https://www.bbrown.com,Member Get (a-Member);  (),info@scranet.org,,2007,28036
"Brownlee Trucking, Inc.","P.O. Box 51  Route 844 West Middletown, PA 15379 United States",,,,,(724) 587-3876,844,844,,https://,Member Get (a-Member);  (),info@scranet.org,T-Transportation,1995,10676
"Bryce Saylor & Sons, Inc.","4235 Sixth Avenue Altoona, PA 16602 United States",,,,,(814) 942-2288,4235,4235,,https://www.saylorsons.com,Member Get (a-Member);  (),info@scranet.org,C-Crane & Rigging,2011,34909
"BSE Industrial Contractors, Inc.","P.O. Box 5563 Birmingham, AL 35207 United States",,,,,(205) 254-8027,5563,5563,,https://WWW.BSEIND.COM,Member Get (a-Member);  (),info@scranet.org,C-Crane & RiggingM-Millwright,1982,10678
"Buchanan Hauling & Rigging, Inc.","4625 Industrial Road Fort Wayne, IN 46825 United States",,,,,(260) 471-1877,4625,4625,,https://www.buchananhauling.com,Member Get (a-Member);  (),info@scranet.org,S-SteelT-Transportation,2003,16236
Buckingham Heavy Transport,"10 Birch Lane Bernville, PA 19506 United States",,,,,(610) 488-8969,19506,19506,,https://www.buckinghamtransport.com,Member Get (a-Member);  (),info@scranet.org,T-Transportation,2020,48327
Buckingham Heavy Transport (B),"117 W. State Road 114 North Manchester, IN 46362 United States",,,,,(610) 488-8969,117,117,,https://www.buckinghamtransport.com,Member Get (a-Member);  (),info@scranet.org,T-Transportation,,48336
"Buckingham Structural Moving Equipment, LLC","10 Birch Lane Bernville, PA 19551 United States",,,,,(610) 488-8969,19551,19551,,https://www.buckinghamequipment.com,Member Get (a-Member);  (),info@scranet.org,,2011,30165
Buckner HeavyLift Cranes,"4732 Hwy 54 East Graham, NC 27253 United States",,,,,(336) 376-8888,4732,4732,christopher@bucknerheavylift.com,https://www.bucknerheavylift.com,Member Get (a-Member);  (),info@scranet.org,C-Crane & RiggingM-MillwrightT-Transportation,1988,10680
Buckner HeavyLift Cranes (B),"1281 US 81 Pocasset, OK 73079 United States",,,,,(336) 376-8888,1281,1281,christopher@bucknerheavylift.com,https://www.bucknerheavylift.com,Member Get (a-Member);  (),info@scranet.org,C-Crane & RiggingM-MillwrightT-Transportation,,41329
Buckner HeavyLift Cranes (B),"13420 Kennedy Drive Splendora, TX 77372 United States",,,,,(336) 376-8888,13420,13420,christopher@bucknerheavylift.com,https://www.bucknerheavylift.com,Member Get (a-Member);  (),info@scranet.org,C-Crane & RiggingM-MillwrightT-Transportation,,41330
"Budco Enterprises, Inc.","145 Plant Avenue Hauppauge, NY 11788-3801 United States",,,,,(631) 434-6500,145,145,,https://www.Budco.US,Member Get (a-Member);  (),info@scranet.org,C-Crane & RiggingM-Millwright,1999,10681
Budrovich Crane,"10328 Lake Bluff Dr St. Louis, MO 63123-7244 United States",,,,,(314) 892-3030 (St. Louis,10328,550,fsmith@budrovich.com,https://www.budrovich.com,Member Get (a-Member);  (),info@scranet.org,C-Crane & RiggingT-Transportation,2004,16507
Budrovich Crane (B),"103 N Cool Springs Rd. O'Fallon, MO 63366 United States",,,,,(314) 486-4491,103,103,,https://www.budrovich.com,Member Get (a-Member);  (),info@scranet.org,C-Crane & RiggingT-Transportation,,52728
Budrovich Crane (B),"109 E Center St Holt Summit, MO 65043 United States",,,,,(573) 896-5218,109,109,,https://www.budrovich.com,Member Get (a-Member);  (),info@scranet.org,C-Crane & RiggingT-Transportation,,42834
Budrovich Crane (B),"1716 E Outer Rd. Scott City, MO 63780 United States",,,,,(573) 651-3131,1716,1716,,https://www.budrovich.com,Member Get (a-Member);  (),info@scranet.org,C-Crane & Rigging,,42833
Bulldog Crane & Rigging LLC,"11325 FM 156 Justin, TX 76247 United States",,,,,(888) 883-4558,11325,11325,chase@bulldogservicesllc.com,https://www.bulldogcrane.com,Member Get (a-Member);  (),info@scranet.org,C-Crane & Rigging,2025,53251
"Bulldog Services, LLC","604 Rancho Laredo Trail Southlake, TX 706092 United States",,,,,(817) 682-3457,604,604,,https://www.bulldogservicesllc.com,Member Get (a-Member);  (),info@scranet.org,O-Oil FieldT-Transportation,2022,43535
Burkes Mechanical Inc.,"100 South Industrial Park Drive Thomasville, AL 36784 United States",,,,,(334) 636-9012,100,100,,https://www.burkesmechanical.com,Member Get (a-Member);  (),info@scranet.org,C-Crane & RiggingM-MillwrightT-Transportation,2022,42188
"Burlington Development, Inc.","PO Box 360 Oakland, NJ 07436 United States",,,,,(201) 651-1005,360,360,,https://www.burlingtondevelopment.com,Member Get (a-Member);  (),info@scranet.org,C-Crane & RiggingI-InternationalT-Transportation,2009,33187
Burt Crane & Rigging,"5 Veterans Memorial Dr Green Island, NY 12183 United States",,,,,(518) 271-6858,12183,12183,,https://www.burtcrane.com,Member Get (a-Member);  (),info@scranet.org,C-Crane & RiggingM-MillwrightS-SteelT-Transportation,2007,26056
Business Process Automation Company,"9012 Litchfield Ave. Las Vegas, NV 89134 United States",,,,,(714) 328-3844,9012,9012,larry.cohn@bpaco.net,https://www.bpaco.net,Member Get (a-Member);  (),info@scranet.org,,2024,52205
"BW Contractors, Inc.","7741 Waverly Road Cedar Falls, IA 50613 United States",,,,,(319) 987-2070,7741,7741,,https://www.bwcontractorsinc.com,Member Get (a-Member);  (),info@scranet.org,C-Crane & RiggingM-MillwrightT-Transportation,1996,10688
C&C Crane Works LLC,"4037 Fairfax Dr Mims, FL 32754 United States",,,,,(407) 271-2916,4037,4037,chaceb@cccraneworks.com,https://www.cccraneworks.com,Member Get (a-Member);  (),info@scranet.org,C-Crane & Rigging,2025,53458
C&R Transfer Corporation,"5803 Kearny Villa Road San Diego, CA 92123 United States",,,,,(858) 277-8211,5803,5803,,https://www.crtransfercorp.com,Member Get (a-Member);  (),info@scranet.org,C-Crane & RiggingM-MillwrightT-Transportation,1985,10693
C.H. Robinson Project Logistics Ltd,"28 Quarry Park Blvd  Suite 240 Calgary, AB T2C 5P9 Canada",,,,,(403) 295-1505,240,240,Frank.Guzman@chrobinson.com,https://www.chrobinson.com,Member Get (a-Member);  (),info@scranet.org,,2008,29725
C/J Trucking Inc.,"537 Hartford Tnpk Shewesbury, MA 01545 United States",,,,,(508) 393-6313,537,537,,https://www.cjtrucking.com,Member Get (a-Member);  (),info@scranet.org,C-Crane & RiggingS-SteelT-Transportation,2009,32552
CAC 3000 Inc.,"5650 Trans Canada Highway Pointe-Claire, QE H9R 1B9 Canada",,,,,(514) 636-4000,5650,5650,,https://www.cac-canada.com,Member Get (a-Member);  (),info@scranet.org,C-Crane & RiggingT-Transportation,2011,35065
"Cairo Marine Service, Inc.","701 East Main St.  PO Box 620 Jackson, MO 63755 United States",,,,,(573) 243-6772,701,701,,https://www.cairomarineservice.com,Member Get (a-Member);  (),info@scranet.org,,2007,16060
Caldwell Lifting Solutions,"4080 Logistics Pkwy Rockford, IL 61109 United States",,,,,(815) 229-5667,4080,4080,,https://www.caldwellinc.com,Member Get (a-Member);  (),info@scranet.org,,2023,51401
Cambridge Rigging Central Limited,"60 Wanless Court, R.R.#1 Ayr, ON N0B 1E0 Canada",,,,,(519) 623-4000,(519) 623-4000,(519) 623-4000,,https://www.cambridgerigging.com,Member Get (a-Member);  (),info@scranet.org,C-Crane & RiggingI-InternationalM-MillwrightT-Transportation,1987,10698
Campbell Crane Rental,"16 Oakvale Road  P.O. Box 9087 Greenville, SC 29611 United States",,,,,(864) 299-0406,9087,9087,,https://,Member Get (a-Member);  (),info@scranet.org,C-Crane & Rigging,2016,10701
"Canadian Machinery Movers of Michigan, Inc.","1701 E. Lincoln Ave. Madison Heights, MI 48071 United States",,,,,(734) 946-1900,1701,1701,,https://www.canadianmachinerymovers.com,Member Get (a-Member);  (),info@scranet.org,C-Crane & RiggingI-InternationalM-MillwrightT-Transportation,1994,10704
"Cargo Maritime, Inc.","5777 West Century Blvd Ste 1755 Los Angeles, CA 90045-5600 United States",,,,,(310) 670-5000,5777,5777,,https://www.cargomaritime.com,Member Get (a-Member);  (),info@scranet.org,I-InternationalT-Transportation,2003,15982
"Carl Belt, Incorporated","P.O. Box 1210  11521 Milnor Avenue Cumberland, MD 21502 United States",,,,,(301) 729-8900,"1210
11521","1210
11521",,https://www.thebeltgroup.com,Member Get (a-Member);  (),info@scranet.org,C-Crane & Rigging,2000,12034
"Carol Crane Rigging & Lifting Technologies, Inc.","PO Box 5605 Pasadena, TX 77508 United States",,,,,(713) 475-7181,5605,5605,,https://www.ccrlt.com,Member Get (a-Member);  (),info@scranet.org,,2009,32647
Carolina Crane Services,"4000 Faber Place Drive  Suite 400 Charleston, SC 29405 United States",,,,,(843) 380-8679,4000,4000,,https://,Member Get (a-Member);  (),info@scranet.org,,2024,52828
Carpenter Rigging Group,"222 Napoleon Street San Francisco, CA 94124 United States",,,,,(415) 285-1954,222,222,,https://www.thecarpentergroup.com,Member Get (a-Member);  (),info@scranet.org,,1998,10713
Carvalhao-Transportes Carvalho LTDA,"Rod Washington Luiz, 5049  Duque De Caxias-RJ Rio De Janeiro, BJ 25065-007 Brazil",,,,,55 (21) 2775-1712,5049,5049,,https://www.carvalho.com.br,Member Get (a-Member);  (),info@scranet.org,C-Crane & RiggingI-InternationalT-Transportation,1998,10714
"Casturo Specialized Hauling, Inc.","2049 Mt. Pleasant Road West Newton, PA 15089 United States",,,,,(724) 872-2985,2049,2049,,https://,Member Get (a-Member);  (),info@scranet.org,T-Transportation,2008,14910
Catalyst Communications Network,"400 Interstate N Pkwy SE  Ste 860 Atlanta, GA 30339 United States",,,,,(515) 574-2312,400,400,brian.ethridge@catcomnet.com,https://www.cranehotline.com,Member Get (a-Member);  (),info@scranet.org,,1993,10758
"Catom Trucking, Inc.","37W309 Keslinger Rd Geneva, IL 60134 United States",,,,,(630) 208-8442,309,309,Pete@catomtrucking.com,https://www.catomtrucking.com,Member Get (a-Member);  (),info@scranet.org,T-Transportation,2017,44408
"CCF LEGACY, INC.","102 Ridge St.  P.O. Box 562 Mabscott, WV 25871 United States",,,,,(304) 252-1389,102,102,,https://www.machineropechain.com,Member Get (a-Member);  (),info@scranet.org,,2018,42630
CCI Industrial Constructors,"7428 Kensington Rd Brighton, MI 48116 United States",,,,,(248) 685-3263,7428,7428,gary.garcia@ccigroupusa.com,https://www.ccigroupusa.com,Member Get (a-Member);  (),info@scranet.org,C-Crane & RiggingM-MillwrightT-Transportation,2023,44810
CCO Certification,"2750 Prosperity Ave Ste 505 Fairfax, VA 22031 United States",,,,,(703) 560-2391,2750,2750,,https://www.nccco.org,Member Get (a-Member);  (),info@scranet.org,,2000,11894
CEI Crane & Rigging,"1369 Sanders Ave. SW Massillon, OH 44647 United States",,,,,(330) 453-7363,1369,1369,,https://www.ceicrane.com,Member Get (a-Member);  (),info@scranet.org,C-Crane & RiggingM-MillwrightT-Transportation,1980,10706
Centennial Transport Services,"955 Loma Verde El Paso, TX 79936 United States",,,,,(915) 858-4454,955,955,luis@century-rentals.com,https://www.century-rentals.com,Member Get (a-Member);  (),info@scranet.org,T-Transportation,2022,50167
"Central Contractors Service, Inc.","11941 S. Cicero Ave. Alsip, IL 60803 United States",,,,,(708) 239-7940,11941,11941,,https://www.allcrane.com,Member Get (a-Member);  (),info@scranet.org,C-Crane & RiggingT-Transportation,1961,11229
"Central Machinery Movers, Inc.","48W960 Rte. 30  P.O. Box 262 Big Rock, IL 60511 United States",,,,,(630) 556-3090,960,960,,https://,Member Get (a-Member);  (),info@scranet.org,C-Crane & RiggingM-Millwright,1999,10719
"Central Rent-A-Crane, Inc.","5725 Kennedy Ave. Hammond, IN 46323 United States",,,,,(219) 989-7500,5725,5725,,https://www.allcrane.com,Member Get (a-Member);  (),info@scranet.org,C-Crane & RiggingT-Transportation,1980,11230
"Central Rent-A-Crane, Inc. (B)","4002 Engleton Dr. Fort Wayne, IN 46804 United States",,,,,(260) 747-8877,4002,4002,,https://www.allcrane.com,Member Get (a-Member);  (),info@scranet.org,C-Crane & RiggingT-Transportation,,12988
"Central Rent-A-Crane, Inc. (B)","9210 N. Frontage Rd. Fairland, IN 46126 United States",,,,,(888) 203-4500,9210,9210,,https://www.allcrane.com,Member Get (a-Member);  (),info@scranet.org,C-Crane & RiggingT-Transportation,,42899
Certified Boom Repair Service Inc.,"1902 N 38th Street Tampa, FL 33605 United States",,,,,(813) 247-1963,1902,1902,,https://www.certifiedboomrepair.com,Member Get (a-Member);  (),info@scranet.org,,2008,32062
CEX Crane & Lift,"813 Ridge Lake Blvd Memphis, TN 38120 United States",,,,,(513) 766-1866,813,813,jnoland@capexlift.com,https://www.capexlift.com,Member Get (a-Member);  (),info@scranet.org,C-Crane & RiggingM-Millwright,2023,51551
"CHART-UR-BAR, LLC","P.O. Box 5645 Pasadena, TX 77508 United States",,,,,(713) 475-7181,5645,5645,eaustin@cubrgs.com,https://www.cubrgs.com,Member Get (a-Member);  (),info@scranet.org,C-Crane & Rigging,2018,45475
Chasse Crane Services,"8 Christine Drive Hudson, NH 03051 United States",,,,,(603) 821-5465,03051,03051,,https://www.slchassesteelfab.com,Member Get (a-Member);  (),info@scranet.org,C-Crane & RiggingS-SteelT-Transportation,2023,41784
Chef Pilot and Truck Services Ltd,"22087 River Road Lorette West, MB R5K 0E4 Canada",,,,,(204) 793-7077,22087,22087,,https://www.chefpilottruckservices.com,Member Get (a-Member);  (),info@scranet.org,,2017,43231
Cherokee Millwright (B),"6023 Ontario Circle Morristown, TN 37814 United States",,,,,(423) 318-8430,6023,6023,,https://www.cherokeemillwright.com,Member Get (a-Member);  (),info@scranet.org,C-Crane & RiggingM-MillwrightT-Transportation,,44445
"Cherokee Millwright, Inc.","1034 Ross Drive Maryville, TN 37801 United States",,,,,(865) 379-1500,1034,1034,,https://www.cherokeemillwright.com,Member Get (a-Member);  (),info@scranet.org,C-Crane & RiggingM-MillwrightT-Transportation,2017,32098
"Cherokee Millwright, Inc. (B)","1481 Redwood Drive Cleveland, TN 37312 United States",,,,,(865) 379-1500,1481,1481,,https://www.cherokeemillwright.com,Member Get (a-Member);  (),info@scranet.org,C-Crane & RiggingM-MillwrightT-Transportation,,44446
Cherry Picker Pete,"3 Lime Tree drive Brandesburton, East Yorkshire YO258RQ United Kingdom",,,,,+44(0)7545206470,25 8,25 8,alex@cppete.com,https://www.cherrypickerpete.com,Member Get (a-Member);  (),info@scranet.org,,2026,54578
Chesterfield Trading Company,"9521 Jefferson Davis Highway Richmond, VA 23237 United States",,,,,(804) 275-7848,9521,9521,dsacles@chesterfieldtrading.com,https://chesterfieldtrading.com/,Member Get (a-Member);  (),info@scranet.org,,2022,49426
"Cheyenne's Pilot Cars, Inc.","P.O. Box 122 Brookeville, MD 20833-0122 United States",,,,,(301) 774-9061,122,122,,https://www.cheyennespilotcars.com,Member Get (a-Member);  (),info@scranet.org,,1996,10723
Chicago Jack,"5317 W. 123rd Place  Suite 133 Alsip, IL 60803 United States",,,,,(708) 655-9879,5317,5317,,https://www.chicagojack.com,Member Get (a-Member);  (),info@scranet.org,,2021,49133
Chicagoland Construction Safety Council,"4415 Harrison St.  Suite 404 Hillside, IL 60162 United States",,,,,(708) 449-8600,4415,4415,,https://www.buildsafe.org,Member Get (a-Member);  (),info@scranet.org,,2003,14553
"Chicopee Industrial Contractors, Inc.","107 North Chicopee Street Chicopee, MA 01020 United States",,,,,(413) 538-7279,107,107,ccampbell@chicopeeindustrial.com,https://www.chicopeeindustrial.com,Member Get (a-Member);  (),info@scranet.org,C-Crane & RiggingM-MillwrightT-Transportation,2019,10724
Choice Insurance,"7825 Washington Ave S.  Suite 600 Minneapolis, MN 55439 United States",,,,,(952) 996-8818,7825,7825,,https://www.northerncapital-mn.com,Member Get (a-Member);  (),info@scranet.org,,2009,32314
Chosen 1 Specialized,"1616 Highpoint St Wake Forest, NC 27587 United States",,,,,(919) 757-9036,1616,1616,,https://,Member Get (a-Member);  (),info@scranet.org,T-Transportation,2024,51648
CIASA Contractors,"Camino Apodaca Huinala #431  Parque Industrial Milimex Apodaca, Nuevo Leon 66637 Mexico",,,,,+52 (81) 8327 2111,431,431,jjimenez@ciasacontractors.com,https://ciasacontractors.com,Member Get (a-Member);  (),info@scranet.org,C-Crane & RiggingI-InternationalM-MillwrightT-Transportation,2014,32739
CIASA Contractors (B),"Carretera Leon-Silao Km. 1.2  Fraccionamiento La Rosa Silao, Guanajuato 36100 Mexico",,,,,+52 (472) 722 4774,1.2,1.2,jjimenez@ciasacontractors.com,https://ciasacontractors.com,Member Get (a-Member);  (),info@scranet.org,C-Crane & RiggingI-InternationalM-MillwrightT-Transportation,,41383
CICA (The Crane Industry Council of Australia),"PO Box 136 Mt. Waverley, Victoria
 3149 Australia",,,,,61 3 9501 0078,136,136,,https://www.cica.com.au,Member Get (a-Member);  (),info@scranet.org,,2011,32650
CICB,"1700 S. Battleground Rd. Deer Park, TX 77536 United States",,,,,(832) 667-7275,1700,1700,,https://www.cicb.com,Member Get (a-Member);  (),info@scranet.org,,1978,10766
CICB (B),"11112 Boggy Creek Road Orlando, FL 32824 United States",,,,,(407) 277-0884,11112,11112,,https://www.cicb.com,Member Get (a-Member);  (),info@scranet.org,,,49391
Circle 8 Crane Services,"3174 Co Rd 48 Robstown, TX 78380 United States",,,,,(361) 933-0696,3174,3174,,https://www.circle8services.com,Member Get (a-Member);  (),info@scranet.org,C-Crane & Rigging,2023,44551
"City Lights & Signals II, Inc.","7120 Lewis Rd. Fort Wayne, IN 46818 United States",,,,,(260) 413-2903,7120,7120,rusty@citylightsandsignals2.com,https://,Member Get (a-Member);  (),info@scranet.org,,2026,54539
"Clark Crane & Rigging, LLC","215 River Hills Dr. Nashville, TN 37210 United States",,,,,(615) 422-LIFT,215,215,clarkelliott@clarkcrane.com,https://www.ClarkCrane.com,Member Get (a-Member);  (),info@scranet.org,C-Crane & Rigging,2016,43011
Clark Rigging & Rental Corp.,"500 Ohio Street Lockport, NY 14094 United States",,,,,(716) 433-4600,500,500,,https://www.clarkrigging.com,Member Get (a-Member);  (),info@scranet.org,C-Crane & Rigging,1987,10730
Clark Rigging & Rental Corp. (B),"680 Basket Rd. Webster, NY 14580 United States",,,,,(585) 265-2910,680,680,,https://www.clarkrigging.com,Member Get (a-Member);  (),info@scranet.org,C-Crane & Rigging,,27724
Clark Rigging & Rental Corp. (B),"945 Spencer St. Syracuse, NY 13204 United States",,,,,(315) 472-5205,945,945,,https://www.clarkrigging.com,Member Get (a-Member);  (),info@scranet.org,C-Crane & Rigging,,12121
Clarke Advisors LLC,"100 E Easy Street, Unit 3466 Carefree, AZ 85377 United States",,,,,(602) 284-8401,100,100,nec@clarkebankers.com,https://www.clarkeadvisors.net,Member Get (a-Member);  (),info@scranet.org,,2026,54682
"Classen's Crane Service, LLC","3106 Route 18 Waterford, VT 05819 United States",,,,,(802) 748-2775,3106,3106,,https://www.classenscraneservice.com,Member Get (a-Member);  (),info@scranet.org,C-Crane & RiggingT-Transportation,2006,26075
Clausen Miller P.C.,"10 South LaSalle Street  Suite 1600 Chicago, IL 60603-1098 United States",,,,,(312) 855-1010,1600,1600,,https://www.clausen.com,Member Get (a-Member);  (),info@scranet.org,,1997,10731
Clayton Homes,"5000 Clayton Rd Maryville, TN 37804 United States",,,,,(865) 380-3360,5000,5000,,https://www.claytonhomes.com,Member Get (a-Member);  (),info@scranet.org,T-Transportation,2019,46411
"Cleveland Crane & Shovel Sales, Inc.","26781 Cannon Road Cleveland, OH 44146 United States",,,,,(440) 439-4749,26781,26781,,https://www.craneandshovel.net,Member Get (a-Member);  (),info@scranet.org,,1997,10432
Clover Machinery Movers,"3521 Home St Mishawaka, IN 46545 United States",,,,,(574) 255-3195,3521,3521,,https://www.clovermachinerymovers.com,Member Get (a-Member);  (),info@scranet.org,C-Crane & RiggingM-MillwrightT-Transportation,2005,21053
Clyde's Transfer Inc.,"8015 Industrial Park Road 23116  Billing Address  7208 AQUARIUS DRIVE 23111 Mechanicsville, VA 23111 United States",,,,,(804) 746-1135 or (804) 7,8015,8015,,https://www.clydestransfer.com,Member Get (a-Member);  (),info@scranet.org,T-Transportation,1997,10733
CM Labs Simulations,"645 Rue Wellington  Suite 301 Montreal, QC H3C 1T3 Canada",,,,,(514) 287-1166,645,645,,https://https://www.cm-labs.com/en/,Member Get (a-Member);  (),info@scranet.org,,2023,32883
CMF Group,"1701 E. Lincoln Ave. Madison Heights, MI 48071 United States",,,,,(810) 765-2200,1701,1701,,https://www.cmfgroupinc.com,Member Get (a-Member);  (),info@scranet.org,C-Crane & RiggingI-InternationalM-MillwrightT-Transportation,2008,13064
CMF Group (B),"598 Polymoore Dr. Corunna, ON N0N 1G0 Canada",,,,,(519) 737-9733,598,598,,https://www.cmfgroupinc.com,Member Get (a-Member);  (),info@scranet.org,C-Crane & RiggingI-InternationalM-MillwrightT-Transportation,,46124
CMF Group (B),"685 Sprucewood Ave. Windsor, ON N9C 0B3 Canada",,,,,(519) 737-9773,685,685,,https://www.cmfgroupinc.com,Member Get (a-Member);  (),info@scranet.org,C-Crane & RiggingI-InternationalM-MillwrightT-Transportation,,36173
CMF Group (B),"4135-4137 Business Center Drive Fremont, CA 94538 United States",,,,,(810) 765-2200,4135-4137,4135-4137,,https://www.cmfgroupinc.com,Member Get (a-Member);  (),info@scranet.org,C-Crane & RiggingI-InternationalM-MillwrightT-Transportation,,14812
"CMG Engineers, Inc.","457 Saint Michael Street Mobile, AL 36602 United States",,,,,(251) 433-1611,457,457,,https://www.cmg-a.com,Member Get (a-Member);  (),info@scranet.org,,2013,37867
Coast 2 Coast Trucking Permits LLC,"5410 Homberg Drive, Suite 33 Knoxville, TN 37919 United States",,,,,(865) 963-0830,5410,5410,,https://www.coast2coasttruckingpermits.com,Member Get (a-Member);  (),info@scranet.org,,2022,43139
Coast Machinery Movers,"2431 Chico Avenue South El Monte, CA 91733 United States",,,,,(626) 579-4510,2431,2431,,https://www.coastmachinerymovers.com,Member Get (a-Member);  (),info@scranet.org,C-Crane & RiggingM-MillwrightT-Transportation,1983,10736
"Coastal Heavy Haulers, LLC","2511 S.E. Evangeline Thruway Layfayette, LA 70508 United States",,,,,(337) 316-9561,2511,2511,rogers@coastalheavyhaulers.com,https://www.coastalheavyhaulers.com,Member Get (a-Member);  (),info@scranet.org,T-Transportation,2025,44353
Coldfoot Crane Service,"4416 Briarwood Ave  Suite 11091 Midland, TX 79707 United States",,,,,(432) 239-0300,4416,4416,Jason@coldfoot.co,https://Jason@coldfoot.co,Member Get (a-Member);  (),info@scranet.org,C-Crane & RiggingT-Transportation,2024,52611
COLLETT & SONS LTD.,"Victoria Terminal  Albert Road, Halifax West Yorkshire,  HX2 0DF United Kingdom",,,,,44 1422 255233,2 0,2 0,,https://www.collett.co.uk,Member Get (a-Member);  (),info@scranet.org,C-Crane & RiggingI-InternationalO-Oil FieldS-SteelT-Transportation,2007,28088
"Collins Engineers, Inc.","685 Canton Street  Suite 102 Norwood, MA 02062 United States",,,,,(781) 761-2178,685,685,rtomkins@collinsengr.com,https://www.collinsengr.com,Member Get (a-Member);  (),info@scranet.org,,2025,53035
Colorado Crane Operator School,"4020 Kodiak Ct Frederick, CO 80234 United States",,,,,(720) 656-7325,4020,4020,rgallivan@ccoschool.us,https://,Member Get (a-Member);  (),info@scranet.org,,2025,53217
Combined Carriers Co.,"P.O. Box 73427 Puyallup, WA 98373 United States",,,,,(253) 531-3300,73427,73427,,https://www.combinedcarriers.com,Member Get (a-Member);  (),info@scranet.org,T-Transportation,1998,10742
"Combined Transport, Inc.","P.O. Box 3667  5656 Crater Lake Avenue Central Point, OR 97502 United States",,,,,(541) 734 7418,"3667
5656","3667
5656",,https://www.combinedtransport.com,Member Get (a-Member);  (),info@scranet.org,O-Oil FieldS-SteelT-Transportation,1988,10743
Comdata Inc.,"5301 Maryland Way Brentwood, TN 37027 United States",,,,,(615) 376-6822,5301,5301,,https://https://permits.comdata.com/permitservices/#!/,Member Get (a-Member);  (),info@scranet.org,,1972,10744
Comerica Bank,"8850 Boedecker St  4th Floor, MC 6592 Dallas, TX 75225 United States",,,,,(214) 890-4685,8850,8850,sacafazza@comerica.com,https://,Member Get (a-Member);  (),info@scranet.org,,2024,52022
"Commercial Credit Group, Inc.","2135 City Gate Lane  Suite 440 Naperville, IL 60563 United States",,,,,(630) 718-4650,2135,2135,,https://www.commercialcreditgroup.com,Member Get (a-Member);  (),info@scranet.org,,2007,28127
"Commercial Credit Group, Inc. (B)","525 N. Tyron Street  Suite 1000 Charlotte, NC 28202 United States",,,,,(704) 731-0031,525,525,,https://www.commercialcreditgroup.com,Member Get (a-Member);  (),info@scranet.org,,,37143
"Commercial Credit Group, Inc. (B)","400 Essjay Rd.  Suite 340 Williamsville, NY 14221 United States",,,,,(716) 935-6600,400,400,,https://www.commercialcreditgroup.com,Member Get (a-Member);  (),info@scranet.org,,,37142
Complex Cargo / PACT,"3367 Westshore Drive St. Cloud, FL 34772 United States",,,,,(407) 785-9603,3368,3368,seanko@complexcargo.com,https://www.complexcargo.com,Member Get (a-Member);  (),info@scranet.org,T-Transportation,2024,52716
Conductix-Wampfler GmbH,"Rheinstrasse 27+33 Weil am Rhein, Weil am Rhein 79576 Germany",,,,,+49 15170653494,"33
79576","33
79576",,https://www.conductix.com,Member Get (a-Member);  (),info@scranet.org,,2025,54426
Conn Equipment Rental Co. Inc.,"36980 Hwy. 280  P.O. Box 2157 Sylacauga, AL 35150 United States",,,,,(256) 245-4741,36980,36980,,https://www.connequipment.com,Member Get (a-Member);  (),info@scranet.org,C-Crane & RiggingM-MillwrightT-Transportation,1997,10749
Conn Equipment Rental Co. Inc. (B),"2050 Jackson Ferry Rd. Montgomery, AL 36104 United States",,,,,(334) 834-9567,2050,2050,,https://www.connequipment.com,Member Get (a-Member);  (),info@scranet.org,C-Crane & RiggingM-MillwrightT-Transportation,,11777
Connelly Crane Rental Corp.,"12635 Marion Detroit, MI 48239-2652 United States",,,,,(313) 531-2700,12635,12635,,https://www.connellycrane.com,Member Get (a-Member);  (),info@scranet.org,C-Crane & Rigging,1972,10751
"Consolidated Crane & Rigging, LLC","6370 Long Drive Houston, TX 77087 United States",,,,,(713) 641-3330,6370,6370,,https://www.consolidatedcrane.com,Member Get (a-Member);  (),info@scranet.org,C-Crane & Rigging,2006,16334
Construction Safety Experts,"7032 Copperleaf Place Cary, NC 27519 United States",,,,,(919) 463-0669,7032,7032,,https://www.safety-xperts.com,Member Get (a-Member);  (),info@scranet.org,,2006,16634
Continental Machinery Movers of Kentucky,"5884 Nashville Road  P.O. Box 10090 Bowling Green, KY 42102 United States",,,,,(270) 843-3113,5884,5884,gcobb@cmm-ky.com,https://www.cmm-tn.com,Member Get (a-Member);  (),info@scranet.org,C-Crane & RiggingM-Millwright,2015,11779
Convoy Logistics Providers Ltd.,"482 South Service Road East  Suite 117 Oakville, ON L6J 2X6 Canada",,,,,(416) 621-1519,482,482,,https://www.convoylogistics.ca,Member Get (a-Member);  (),info@scranet.org,,2009,32569
Cornerstone Companies,"10561 Barkley St  Suite 200 Shawnee Mission, KS 66212 United States",,,,,(913) 378-1050,10561,10561,dparkhurst@ckcins.com,https://www.ckcins.com,Member Get (a-Member);  (),info@scranet.org,,2017,44201
Corrigan Air & Sea Cargo,"6170 Middlebelt Rd. Romulus, MI 48174 United States",,,,,(734) 728-4000,6170,6170,,https://www.corriganairsea.com,Member Get (a-Member);  (),info@scranet.org,C-Crane & RiggingI-InternationalT-Transportation,2014,38539
Corrigan Oil Co,"775 N 2nd St Brighton, MI 48116 United States",,,,,(810) 494-2188,775,775,,https://https://corriganoil.com/,Member Get (a-Member);  (),info@scranet.org,T-Transportation,2023,50382
Costa Norte Construcciones C.A.,"Calle 66 Con Avenida 24  No. 65-81 Maracaibo, Zulia 4002 Venezuela",,,,,(58) 412 9997696,"65-81
4002","65-81
4002",jmarcano@costa-norte.com,https://www.costa-norte.com,Member Get (a-Member);  (),info@scranet.org,C-Crane & RiggingI-InternationalM-MillwrightT-Transportation,2006,16908
Cote Crane-Rigging,"P.O. Box 1418  2980 Hotel Road Auburn, ME 04210-1418 United States",,,,,(207) 783-0561,"1418
2980","1418
2980",,https://www.cotecrane.com,Member Get (a-Member);  (),info@scranet.org,C-Crane & RiggingM-MillwrightT-Transportation,1978,10762
Coverica,"7430 Colton Ln Pilot Point, TX 76258 United States",,,,,(214) 563-8566,7430,7430,,https://www.coverica.com,Member Get (a-Member);  (),info@scranet.org,,2018,44493
Coyson Transportation,"5247 east pine street Tulsa, OK 74115 United States",,,,,(620) 330-3699,5247,5247,jfink@coyson.com,https://,Member Get (a-Member);  (),info@scranet.org,T-Transportation,2025,52989
CR Transport,"2480 E Stellon St Diamond, IL 60416 United States",,,,,(815) 634-4443,2480,2480,johnriley@crtrans.biz,https://www.crtans.biz,Member Get (a-Member);  (),info@scranet.org,O-Oil FieldS-SteelT-Transportation,2025,53002
"Crainco, Inc.","10702 Painter Avenue Santa Fe Springs, CA 90670 United States",,,,,(562) 903-7290,10702,10702,info@craincoinc.com,https://www.craincoinc.com,Member Get (a-Member);  (),info@scranet.org,C-Crane & RiggingT-Transportation,2017,13499
Crane & Hoist Canada,"105 Donly Drive South Simcoe, ON N3Y 4N5 Canada",,,,,(226) 931-5095,105,105,amccracken@annexbusinessmedia.com,https://www.craneandhoistcanada.com,Member Get (a-Member);  (),info@scranet.org,,2016,41266
Crane Dude,"2810C Peachtree Industrial Blvd. Duluth, GA 30097 United States",,,,,(404) 845-7740,2810,2810,pramod@cranedude.com,https://www.cranedude.com,Member Get (a-Member);  (),info@scranet.org,,2015,40323
Crane Monsters Corp,"7455 Cullen Blvd Houston, TX 77051 United States",,,,,(281) 935-9204,7455,7455,luis@cranemonsters.com,https://www.cranemonsters.com,Member Get (a-Member);  (),info@scranet.org,,2019,46801
"Crane Network, LLC","400 E Illinois St. Suite B Lemont, IL 60439 United States",,,,,(214) 612-7626,400,400,,https://www.cranenetwork.com,Member Get (a-Member);  (),info@scranet.org,C-Crane & Rigging,2009,33191
Crane Rental Service Inc.,"1901 West Collins Avenue Orange, CA 92867 United States",,,,,(714) 997-3100,1901,1901,,https://www.cranerentalservice.com,Member Get (a-Member);  (),info@scranet.org,C-Crane & Rigging,1979,10426
"Crane Rental Service, Inc. (B)","1115 W. Ranch Road Tempe, AZ 85284 United States",,,,,(480) 893-0081,1115,1115,,https://www.cranerentalserviceaz.com,Member Get (a-Member);  (),info@scranet.org,C-Crane & Rigging,,11790
Crane Sales and Service,"5910 S. 27th Street Omaha, NE 68107 United States",,,,,(402) 731-4655,5910,5910,,https://www.cranesalesandservice.com,Member Get (a-Member);  (),info@scranet.org,C-Crane & Rigging,2014,39730
Crane Sales and Service (B),"3604 West Hovland Drive Sioux Falls, SD 57107 United States",,,,,(605) 978-1172,3604,3604,,https://www.cranesalesandservice.com,Member Get (a-Member);  (),info@scranet.org,C-Crane & Rigging,,39736
Crane Sales and Service (B),"720 W. 21st Street South Sioux City, NE 68776 United States",,,,,(402) 494-1441,720,720,,https://www.cranesalesandservice.com,Member Get (a-Member);  (),info@scranet.org,C-Crane & Rigging,,45923
Crane Sales and Service (B),"7501 N. 70th Street Lincoln, NE 68517 United States",,,,,(402) 438-5059,7501,7501,,https://www.cranesalesandservice.com,Member Get (a-Member);  (),info@scranet.org,C-Crane & Rigging,,39734
Crane Sales and Service (B),"301 Washington Street Bellevue, NE 68005 United States",,,,,(402) 933-2132,301,301,,https://www.cranesalesandservice.com,Member Get (a-Member);  (),info@scranet.org,C-Crane & Rigging,,39733
Crane Sales and Service (B),"1025 S. Mill Street Kansas City, KS 66105 United States",,,,,(913) 621-7040,1025,1025,,https://www.cranesalesandservice.com,Member Get (a-Member);  (),info@scranet.org,C-Crane & Rigging,,39732
Crane Sales and Service (B),"720 W. 21st Street South Sioux City, NE 68776 United States",,,,,(402) 494-1441,720,720,,https://www.cranesalesandservice.com,Member Get (a-Member);  (),info@scranet.org,C-Crane & Rigging,,39735
Crane Sales and Service (B),"4200 SE Beisser Drive Des Moines, IA 50111 United States",,,,,(515) 986-5704,4200,4200,,https://www.cranesalesandservice.com,Member Get (a-Member);  (),info@scranet.org,C-Crane & Rigging,,39731
"Crane Service Co., Inc.","9310 D'arcy Road Upper Marlboro, MD 20774 United States",,,,,(301) 333-6200,9310,9310,,https://www.craneserviceco.com,Member Get (a-Member);  (),info@scranet.org,C-Crane & RiggingT-Transportation,1996,10430
Crane Service Inc,"505 Murry Road, SE Albuquerque, NM 87105 United States",,,,,(505) 877-1100,505,505,,https://www.craneserviceinc.com,Member Get (a-Member);  (),info@scranet.org,C-Crane & RiggingO-Oil FieldT-Transportation,1995,10431
Crane Solution Supply LLC,"11650 E 51st Street Tulsa, OK 74146 United States",,,,,(405) 237-9218,11650,11650,connie.jones@cranesolutionsupply.com,https://www.cranesolutionsupply.com,Member Get (a-Member);  (),info@scranet.org,,2024,52525
Crane Solutions,"1500 Rankin Road Houston, TX 77584 United States",,,,,(972) 523-6054,1500,1500,tobin.anthony@cranesolutionsllc.com,https://www.cranesolutionsllc.com,Member Get (a-Member);  (),info@scranet.org,T-Transportation,2024,52815
Crane Tech LLC,"1215 Millennium Parkway Brandon, FL 33511 United States",,,,,(813) 248-4800,1215,1215,,https://www.cranetech.com,Member Get (a-Member);  (),info@scranet.org,,2025,12238
"Crane Tech Solutions, LLC","2030 Ponderosa Street Portsmouth, VA 23701 United States",,,,,(757) 405-0311,2030,2030,,https://www.ct-sol.com,Member Get (a-Member);  (),info@scranet.org,,2006,21108
Crane Training and Safety Consultants LLC,"375 Smith St Farmingdale, NY 11735 United States",,,,,(845) 701-5677,375,375,,https://www.ctsconsultants.com,Member Get (a-Member);  (),info@scranet.org,,2014,39685
Crane U,"782 Heatherwood Dr Birmingham, AL 35244 United States",,,,,(205) 478-2050,782,782,frances@craneu.com,https://www.craneu.com,Member Get (a-Member);  (),info@scranet.org,,2026,37412
CraneCo Crane Sales Inc.,"4601 W. 61st Street Tulsa, OK 74132 United States",,,,,(918) 625-1863,4601,4601,,https://www.crane-co.com,Member Get (a-Member);  (),info@scranet.org,,2022,50232
"Cranes & Material Handling, Inc.","1715 N. 1st Street Bloomfield, NM 87413 United States",,,,,(505) 632-8445,1715,1715,,https://www.cranesmaterial.com,Member Get (a-Member);  (),info@scranet.org,C-Crane & Rigging,2015,33964
"Cranes1 Consultants, LLC","1 Flying Cloud Road Stamford, CT 06902 United States",,,,,(917) 468-9433,06902,06902,,https://,Member Get (a-Member);  (),info@scranet.org,,2004,16722
CraneTrader.Com,"120 West Harvest Drive Lincoln, NE 68521 United States",,,,,(402) 458-4447,120,120,,https://www.cranetrader.com,Member Get (a-Member);  (),info@scranet.org,,2017,44321
"CraneWorks, Inc","2728 Reverend Abraham Woods, Jr Blvd Birmingham, AL 35203 United States",,,,,(205) 278-5438,2728,2728,,https://www.craneworks.com,Member Get (a-Member);  (),info@scranet.org,C-Crane & RiggingT-Transportation,1997,10433
"CraneWorks, Inc (B)","3090 State Hwy 20 Decatur, AL 35601 United States",,,,,(256) 936-5438,3090,3090,,https://www.craneworks.com,Member Get (a-Member);  (),info@scranet.org,C-Crane & RiggingT-Transportation,,51726
"CraneWorks, Inc (B)","5215 Willis Rd. Mobile, AL 36582 United States",,,,,(251) 679-0090,5215,5215,,https://www.craneworks.com,Member Get (a-Member);  (),info@scranet.org,C-Crane & RiggingT-Transportation,,32184
"CraneWorks, Inc (B)","127 International Blvd. La Vergne, TN 37086 United States",,,,,(615) 459-5438,127,127,,https://www.craneworks.com,Member Get (a-Member);  (),info@scranet.org,C-Crane & RiggingT-Transportation,,29750
"CraneWorks, LLC","7795 Little York Road Houston, TX 77016 United States",,,,,(281) 219-7779,7795,7795,mevans@Crane-Works.com,https://www.Crane-Works.com,Member Get (a-Member);  (),info@scranet.org,C-Crane & Rigging,2018,28109
"CraneWorks, LLC (B)","4580 Hallmark Dr. House Springs, MO 63051 United States",,,,,(636) 495-6080,4580,4580,jhenry@crane-works.com,https://www.Crane-Works.com,Member Get (a-Member);  (),info@scranet.org,C-Crane & Rigging,,49467
"CraneWorks, LLC (B)","100 S Paniplus Dr. Olathe, KS 66061 United States",,,,,(913) 764-1315,100,100,dcollis@Crane-Works.com,https://www.Crane-Works.com,Member Get (a-Member);  (),info@scranet.org,C-Crane & Rigging,,47631
"CraneWorks, LLC (B)","10200 E. 106th Ave. Brighton, CO 80601 United States",,,,,(303) 286-7555,10200,10200,jstrobel@Crane-Works.com,https://www.Crane-Works.com,Member Get (a-Member);  (),info@scranet.org,C-Crane & Rigging,,47630
"CraneWorks, LLC (B)","1312 Barham Dr. San Marcos, CA 92078 United States",,,,,(760) 735-9793,1312,1312,Dmishler@crane-works.com,https://www.Crane-Works.com,Member Get (a-Member);  (),info@scranet.org,C-Crane & Rigging,,33354
"CraneWorks, LLC (B)","15650 W 42nd Street Odessa, TX 79764 United States",,,,,,15650,15650,lrygula@Crane-Works.com,https://www.Crane-Works.com,Member Get (a-Member);  (),info@scranet.org,C-Crane & Rigging,,37995
"CraneWorks, LLC (B)","1725 W New Hampshire St. Orlando, FL 32804 United States",,,,,(407) 420-8320,1725,1725,gshank@Crane-Works.com,https://www.Crane-Works.com,Member Get (a-Member);  (),info@scranet.org,C-Crane & Rigging,,47633
"CraneWorks, LLC (B)","2000 49th St. W #6 Williston, ND 58801 United States",,,,,,2000 49,2000 49,jstrobel@crane-works.com,https://www.Crane-Works.com,Member Get (a-Member);  (),info@scranet.org,C-Crane & Rigging,,47629
"CraneWorks, LLC (B)","900 Blue Mound Rd. East Haslet, TX 76052 United States",,,,,(817) 562-7020,900,900,lrygula@Crane-Works.com,https://www.Crane-Works.com,Member Get (a-Member);  (),info@scranet.org,C-Crane & Rigging,,37994
"CraneWorks, LLC (B)","96 State Route 173 W. Suite 2 Hampton, NJ 08827 United States",,,,,(908) 842-8170,173,173,tyurkovitch@Crane-Works.com,https://www.Crane-Works.com,Member Get (a-Member);  (),info@scranet.org,C-Crane & Rigging,,47632
"Cranez, Inc.","345 E Weymouth Rd. Buena, NJ 08310 United States",,,,,(856) 262-0288,345,345,,https://www.cranezincnj.com,Member Get (a-Member);  (),info@scranet.org,C-Crane & Rigging,2006,26106
"Crocker Crane Co., Inc.","2221. E. Union Bower Rd. Irving, TX 75061 United States",,,,,(972) 445-1919,2221,2221,,https://www.crockercrane.net,Member Get (a-Member);  (),info@scranet.org,C-Crane & RiggingT-Transportation,2016,10437
Crocker Crane Rentals,"8000 FM-2243 Leander, TX 78641 United States",,,,,(512) 258-1323,8000,8000,,https://www.crockercrane.com,Member Get (a-Member);  (),info@scranet.org,C-Crane & RiggingT-Transportation,2022,49438
Cropac Equipment Inc.,"1007 South Service Rd W Oakville, ON L6L 6R3 Canada",,,,,(416) 688-8402,1007,1007,,https://www.cropac.com,Member Get (a-Member);  (),info@scranet.org,C-Crane & Rigging,2024,13047
"CSCG, Inc.","Box 991 Aguada, PR 00602 Puerto Rico",,,,,(787) 868-4060,991,991,vgarciaruiz@cscginc.com,https://www.cscginc.com,Member Get (a-Member);  (),info@scranet.org,C-Crane & RiggingI-InternationalM-MillwrightT-Transportation,2020,16981
"CSCG, Inc. (B)","Av. John F Kennedy Número. 88 Jardines Del Norte,   Dominican Republic",,,,,(809) 364-5015,(809) 364-5015,(809) 364-5015,vgarciaruiz@cscginc.com,https://www.cscginc.com,Member Get (a-Member);  (),info@scranet.org,C-Crane & RiggingI-InternationalM-MillwrightT-Transportation,,49283
"Cudd Pressure Control, Inc.","2033 N Main St. Newcastle, OK 73065 United States",,,,,(405) 692-1900,2033,2033,justin.gandy@thrutubing.com,https://www.cudd.com,Member Get (a-Member);  (),info@scranet.org,S-SteelT-Transportation,2021,49349
"Cullinan Rigging & Erecting, Inc.","6815 McKinley Street NW Ramsey, MN 55303 United States",,,,,(763) 422-9141,6815,6815,,https://www.cullinanrigging.com,Member Get (a-Member);  (),info@scranet.org,C-Crane & RiggingM-MillwrightT-Transportation,2007,16363
Cumberland Machinery Movers & Industrial Services Inc.,"516 S. Main St. Somerset, KY 45201 United States",,,,,(859) 548-2315,516,516,dave.e@cumberlandmm.com,https://www.cumberlandmachinerymovers.com,Member Get (a-Member);  (),info@scranet.org,C-Crane & RiggingM-MillwrightT-Transportation,2013,37936
Cummins,"2135 West Maple Rd Troy, MI 48084 United States",,,,,(248) 435-1000,2135,2135,,https://www.meritor.com,Member Get (a-Member);  (),info@scranet.org,,2017,43350
Curzon Transportation Inc,"17751 Ideal Parkway Manteca, CA 95336 United States",,,,,(925) 525-5293,17751,17751,Wesley@curzontransportation.com,https://www.Curzontransportation.com,Member Get (a-Member);  (),info@scranet.org,T-Transportation,2024,52311
"Custom Service Crane, Inc.","P.O. Box 267 Fisher, IL 61843 United States",,,,,(217) 897-1700,267,267,,https://www.customservicecrane.com,Member Get (a-Member);  (),info@scranet.org,C-Crane & Rigging,2005,21025
"Custom Service Crane, Inc. (B)",",",,,,,(636) 939-9818,(636) 939-9818,(636) 939-9818,,https://www.customservicecrane.com,Member Get (a-Member);  (),info@scranet.org,C-Crane & Rigging,,43029
"Customers Commercial Finance, LLC","25 Chestnut Street  Suite 200 S Portsmouth, NH 03801 United States",,,,,(603) 205-8436,200,200,ssmith2@customersbank.com,https://www.customerscommercialfinance.com,Member Get (a-Member);  (),info@scranet.org,,2020,48053
CWS Rigging Services LLC,"8221 E 96th Ave. Henderson, Unit A 80640 United States",,,,,(720) 527-9113,8221,8221,andy@cwsrigging.com,https://www.cwsrigging.com,Member Get (a-Member);  (),info@scranet.org,C-Crane & Rigging,2025,54094
D Rock Inc.,"116 South Pointe Drive Rincon, GA 31326 United States",,,,,(912) 658-5889,116,116,,https://,Member Get (a-Member);  (),info@scranet.org,T-Transportation,2016,42697
"D&D Machinery Movers & Millwrights, Inc.","P.O. Box 12168 Lexington, KY 40581 United States",,,,,(859) 887-1403,12168,12168,,https://www.ddmachinerymovers.com,Member Get (a-Member);  (),info@scranet.org,C-Crane & RiggingM-MillwrightT-Transportation,1990,10446
"D&D Machinery Movers & Millwrights, Inc. (B)","1 Lone Star Pass  Trailer City San Antonio, TX 78264 United States",,,,,(859) 983-0960,78264,78264,,https://www.ddmachinerymovers.com,Member Get (a-Member);  (),info@scranet.org,C-Crane & RiggingM-MillwrightT-Transportation,,21088
D&O Crane Service,"P.O. Box 3818 Cottonwood, AZ 86326 United States",,,,,(928) 649-8283,3818,3818,,https://www.dandocrane.com,Member Get (a-Member);  (),info@scranet.org,C-Crane & RiggingM-MillwrightT-Transportation,2004,17200
"D.C. Crane Service, Inc.","209 Tall Pines Road West Palm Beach, FL 33413 United States",,,,,(561) 478-3770,209,209,,https://www.dccrane.com,Member Get (a-Member);  (),info@scranet.org,C-Crane & Rigging,2003,15471
"D/C Transport, Inc.","1300 E. Devon Avenue Elk Grove Village, IL 60007 United States",,,,,(847) 593-4200,1300,1300,domjr@dcexport.com,https://www.dctransport.com,Member Get (a-Member);  (),info@scranet.org,T-Transportation,1993,10447
"D/C Transport, Inc. (B)","10025 Porter Road  Unit#200 LaPorte, TX 77571 United States",,,,,(847) 593-4200,10025,10025,domjr@dcexport.com,https://www.dcexport.com,Member Get (a-Member);  (),info@scranet.org,T-Transportation,,37932
"D/C Transport, Inc. (B)","2040 E. 220th Street Carson, CA 90810 United States",,,,,(847) 593-4200,2040,2040,domjr@dcexport.com,https://www.dctransport.com,Member Get (a-Member);  (),info@scranet.org,T-Transportation,,45876
"D/C Transport, Inc. (B)","216 E. Lathrop Ave Savannah, GA 29334 United States",,,,,(847) 593-4200,216,216,domjr@dcexport.com,https://www.dctransport.com,Member Get (a-Member);  (),info@scranet.org,T-Transportation,,27625
"D/C Transport, Inc. (B)","9557 Hamburg Rd. Ladson, SC 29456 United States",,,,,(847) 593-4200,9557,9557,domjr@dcexport.com,https://www.dctransport.com,Member Get (a-Member);  (),info@scranet.org,T-Transportation,,27587
"D/C Transport, Inc. (B)","1629 S. Highway 14 Greer, SC 29650-4622 United States",,,,,(864) 989-0434,1629,1629,davids@dcexport.com,https://www.dctransport.com,Member Get (a-Member);  (),info@scranet.org,T-Transportation,,16428
Daco Heavy Lift De Centro America S.A.,"6ª. Av. 1-36, Zona 14  Nivel 3 – Oficina 3B Guatemala City,   Guatemala",,,,,(+502) 2357-1200,1-36,1-36,,https://www.dacoheavylift.com,Member Get (a-Member);  (),info@scranet.org,C-Crane & RiggingI-InternationalT-Transportation,2009,32756
"Dailley Freight Services, DBA DFS Projects Inc.","1331 Commerce Way Woodstock, ON N4V 0A2 Canada",,,,,(519) 621-0111,1331,1331,,https://www.dfsprojects.com,Member Get (a-Member);  (),info@scranet.org,T-Transportation,2022,49654
"Daily Express, Inc.","P.O. Box 39 Carlisle, PA 17013 United States",,,,,(717) 243-5757,17013,17013,,https://www.dailyexp.com,Member Get (a-Member);  (),info@scranet.org,O-Oil FieldS-SteelT-Transportation,2006,14899
"Dalton Trucking, Inc.","13560 Whittram Ave. Fontana, CA 92335 United States",,,,,(909) 823-0663,13560,13560,,https://www.daltontrucking.com,Member Get (a-Member);  (),info@scranet.org,T-Transportation,2023,22160
"Dash Point Distributing, LLC","35000 Pacific Highway South Federal Way, WA 98003 United States",,,,,(253) 606-7327,35000,35000,robd@dashpointservices.com,https://www.dashpointservices.com,Member Get (a-Member);  (),info@scranet.org,T-Transportation,2024,52457
Davis Crane Group,"1222 N. Loop 12 Irving, TX 75061 United States",,,,,(972) 438-1122,1222,1222,,https://www.daviscrane.com,Member Get (a-Member);  (),info@scranet.org,C-Crane & RiggingT-Transportation,2012,19446
"Dawes Rigging & Crane Rental, Inc.","805 S. 72nd Street  P.O. Box 44080 Milwaukee, WI 53214 United States",,,,,(414) 453-5335,805,805,,https://www.allcrane.com,Member Get (a-Member);  (),info@scranet.org,C-Crane & RiggingT-Transportation,1948,11231
"Dawes Rigging & Crane Rental, Inc. (B)","E8670 555th Avenue Elk Mound, WI 54739 United States",,,,,(715) 879-4800,8670 555,8670 555,,https://www.allcrane.com,Member Get (a-Member);  (),info@scranet.org,C-Crane & RiggingT-Transportation,,11799
"Dawes Rigging & Crane Rental, Inc. (B)","2401 Hyland Ave. Kaukauna, WI 54130 United States",,,,,(920) 766-0100,2401,2401,,https://www.allcrane.com,Member Get (a-Member);  (),info@scranet.org,C-Crane & RiggingT-Transportation,,34812
"Dawes Rigging & Crane Rental, Inc. (B)","4710 Helgesen Dr. Madison, WI 53718 United States",,,,,(608) 221-2516,4710,4710,,https://www.allcrane.com,Member Get (a-Member);  (),info@scranet.org,C-Crane & RiggingT-Transportation,,11797
DCL Mooring & Rigging,"4400 N. Galvez St. New Orleans, LA 70117 United States",,,,,(504) 944-3366,4400,4400,mmarks@dcl-usa.com,https://www.dcl-usa.com,Member Get (a-Member);  (),info@scranet.org,,2023,51421
D-Crane Rental LLC,"11061 Dixie Highway Walton, KY 41094 United States",,,,,(859) 371-1218,11061,11061,rob@d-crane.net,https://www.d-cranerental.com,Member Get (a-Member);  (),info@scranet.org,C-Crane & Rigging,2021,41829
DD&S EXPRESS,"1348 Akron Oaks Drive Orange Park, FL 32065 United States",,,,,(989) 289-0701,1348,1348,,https://,Member Get (a-Member);  (),info@scranet.org,T-Transportation,2025,53144
DD&S Express Inc.,"185 Harry S. Truman Pkwy  Suite 116 Annanpolis, MD 21401 United States",,,,,(202) 696-1486,185,185,,https://www.ddsexpress.com,Member Get (a-Member);  (),info@scranet.org,T-Transportation,2012,10456
De Berardinis Heavy Haul Inc.,"10500 Rocket Ct Orlando, FL 32824 United States",,,,,(321) 299-5993,10500,10500,,https://www.floridasfirstcall.com,Member Get (a-Member);  (),info@scranet.org,T-Transportation,2019,46864
De Haan Special Equipment BV,"Transistorweg 3 Stadskanaal, GT 9503 Netherlands",,,,,+31599613300,"3
9503","3
9503",,https://www.dehaan-se.com,Member Get (a-Member);  (),info@scranet.org,,2024,52056
"De Mase Trucking Co., Inc.","2 Jerome Avenue  P.O. Box 387 Lyndhurst, NJ 07071 United States",,,,,(201) 933-7775,387,387,Chris.demase@demase.com,https://www.demase.com,Member Get (a-Member);  (),info@scranet.org,C-Crane & RiggingI-InternationalM-MillwrightS-SteelT-Transportation,1998,10457
Dean Steel,"P.O. Box 1164 Harrisonburg, VA 22803 United States",,,,,(540) 434-7465,1164,1164,,https://www.deansteel-dse.com,Member Get (a-Member);  (),info@scranet.org,C-Crane & RiggingT-Transportation,2007,16097
Dearborn Companies,"7471 West 93rd Street Bridgeview, IL 60455 United States",,,,,(708) 430-7600,7471,7471,,https://www.DearbornCos.com,Member Get (a-Member);  (),info@scranet.org,,2015,40003
"Deasey, Mahoney & Valentini","1601 Market St  Suite 3400 Philadelphia, PA 19103 United States",,,,,(215) 587-9400,1601,1601,,https://www.dmvnlaw.com,Member Get (a-Member);  (),info@scranet.org,,2010,31979
"Deep South Crane and Rigging, LLC","15324 Airline Highway Baton Rouge, LA 70817 United States",,,,,(225) 753-4371,15324,15324,,https://www.deepsouthcrane.com,Member Get (a-Member);  (),info@scranet.org,C-Crane & RiggingI-InternationalT-Transportation,1991,10460
"Deep South Crane and Rigging, LLC (B)","12019 Virginia Blvd. Ashland, KY 41102 United States",,,,,(606) 392-4072,12019,12019,,https://www.deepsouthcrane.com,Member Get (a-Member);  (),info@scranet.org,C-Crane & RiggingI-InternationalT-Transportation,,46147
"Deep South Crane and Rigging, LLC (B)","200 Holmes Road Houston, TX 77045 United States",,,,,(713) 721-1400,200,200,,https://www.deepsouthcrane.com,Member Get (a-Member);  (),info@scranet.org,C-Crane & RiggingI-InternationalT-Transportation,,11801
"Deep South Crane and Rigging, LLC (B)","3115 Petro Drive Sulphur, LA 70817 United States",,,,,(337) 882-6037,3115,3115,,https://www.deepsouthcrane.com,Member Get (a-Member);  (),info@scranet.org,C-Crane & RiggingI-InternationalT-Transportation,,11802
"Deep South Crane and Rigging, LLC (B)","6135 Hwy 347 Beaumont, TX 77705 United States",,,,,(409) 842-9280,6135,6135,,https://www.deepsouthcrane.com,Member Get (a-Member);  (),info@scranet.org,C-Crane & RiggingI-InternationalT-Transportation,,16633
"Del Gavio of California, Inc.","110 Second Ave South  Unit B-12 Pacheco, CA 94553 United States",,,,,(510) 523-3100,110,110,,https://www.delgavio.com,Member Get (a-Member);  (),info@scranet.org,C-Crane & RiggingM-MillwrightT-Transportation,2023,51505
Delong Heavy Haul LLC,"4880 Donovan Way N. Las Vegas, NV 89081 United States",,,,,(702) 644-3668,4880,4880,,https://www.delonghhlv.com,Member Get (a-Member);  (),info@scranet.org,T-Transportation,2005,20343
"DeLong Industrial Moving, Inc. DBA J&W Transfer","1010 W Court St. Janesville, WI 53548 United States",,,,,(608) 754-7761,1010,1010,,https://,Member Get (a-Member);  (),info@scranet.org,C-Crane & RiggingS-SteelT-Transportation,2000,12896
"Demag Riggers & Crane Service, Inc.","100 Demag Drive Williston, VT 05495-7261 United States",,,,,(802) 863-3642,100,100,,https://,Member Get (a-Member);  (),info@scranet.org,C-Crane & RiggingT-Transportation,1986,10462
DENZAI K.K.,"6F Shinagawa Grand  Central Tower  2-16-4 Konan Minato-ku, Tokyo 108-0075 Japan",,,,,+81-3-6260-0088,108-0075,108-0075,w.kimata@denzai.group,https://https://www.denzai-j.com/en,Member Get (a-Member);  (),info@scranet.org,C-Crane & RiggingT-Transportation,2023,51394
Deugro Canada Inc,"5710 Timberlea Blvd. Mississauga, ON L4W 4W1 Canada",,,,,(418) 808-1814,5710,5710,serge.turcotte@deugro.com,https://www.deugro.com,Member Get (a-Member);  (),info@scranet.org,,2024,52877
"Deutsche Leasing USA, Inc.","190 S. LaSalle St.  Suite 2150 Chicago, IL 60603 United States",,,,,(312) 792-4882,190,190,,https://www.deutsche-leasing.com/en/company/international/usa-en,Member Get (a-Member);  (),info@scranet.org,,2011,10466
"DFW Movers & Erectors, Inc.","3209 Galvez Ave. Fort Worth, TX 76111 United States",,,,,(817) 222-3200,3209,3209,jmingle@dfwmovers.com,https://www.dfwmovers.com,Member Get (a-Member);  (),info@scranet.org,C-Crane & RiggingM-MillwrightT-Transportation,1984,10467
"DFW Movers & Erectors, Inc. (B)","1880 Commerce Street Garland, TX 75040 United States",,,,,(469) 304-2447,1880,1880,jmingle@dfwmovers.com,https://www.dfwmovers.com,Member Get (a-Member);  (),info@scranet.org,C-Crane & RiggingM-MillwrightT-Transportation,,37885
"DFW Movers & Erectors, Inc. (B)","23563 Clay Road Katy, TX 77493 United States",,,,,(713) 764-6300,23563,23563,jmingle@dfwmovers.com,https://www.dfwmovers.com,Member Get (a-Member);  (),info@scranet.org,C-Crane & RiggingM-MillwrightT-Transportation,,39335
"DFW Movers & Erectors, Inc. (B)","4728 Goldfield Bldg 2 San Antonio, TX 78218 United States",,,,,(210) 359-8020,4728,4728,jmingle@dfwmovers.com,https://www.dfwmovers.com,Member Get (a-Member);  (),info@scranet.org,C-Crane & RiggingM-MillwrightT-Transportation,,37886
DHT Specialized Hauling,"87 Old Camplain Rd Hillsborough, NJ 08844 United States",,,,,(908) 626-3999,08844,08844,,https://www.Davesheavytowing.com,Member Get (a-Member);  (),info@scranet.org,T-Transportation,2023,50675
"Diamond Heavy Haul, Inc.","5045 Cincinnati-Brookville Road Shandon, OH 45063 United States",,,,,(513) 738-4500,5045,5045,,https://www.diamondheavyhaul.com,Member Get (a-Member);  (),info@scranet.org,T-Transportation,2001,12994
Diamond Plus Specialized,"1 William St. S Clifford, ON N0G 1MO Canada",,,,,(519) 327-4567,(519) 327-4567,(519) 327-4567,,https://www.diamondplusspecialized.com,Member Get (a-Member);  (),info@scranet.org,,2014,38601
Diamond Rigging Corp.,"680 Kingsland Drive Batavia, IL 60510-2298 United States",,,,,(630) 879-6500,680,680,,https://www.diamondrigging.com,Member Get (a-Member);  (),info@scranet.org,C-Crane & RiggingM-MillwrightT-Transportation,1996,10469
Diamond Steel Construction Co.,"PO Box 156 North Lima, OH 44452 United States",,,,,(330) 549-5500,156,156,,https://www.diamondsteel.com,Member Get (a-Member);  (),info@scranet.org,C-Crane & RiggingM-MillwrightT-Transportation,1982,10470
"Diamondback Hoist and Rigging, LLC","P.O. Box 1049 Polk City, FL 33868 United States",,,,,(239) 961-7401,1049,1049,,https://,Member Get (a-Member);  (),info@scranet.org,C-Crane & RiggingI-InternationalM-MillwrightT-Transportation,2010,34034
DICA,"4101 120th St. Urbandale, IA 50323 United States",,,,,(800) 610-3422,4101 120,4101 120,,https://www.dicausa.com,Member Get (a-Member);  (),info@scranet.org,,2013,37281
"Dielco Crane Service, Inc.","5454 Arville Street Las Vegas, NV 89118 United States",,,,,(702) 364-5000,5454,5454,,https://www.dielcocrane.com,Member Get (a-Member);  (),info@scranet.org,C-Crane & RiggingT-Transportation,1990,10471
"Digging & Rigging, Inc.","23924 Frederick Road Clarksburg, MD 20871 United States",,,,,(301) 972-4470,23924,23924,,https://www.digrig.com,Member Get (a-Member);  (),info@scranet.org,C-Crane & RiggingT-Transportation,1987,10472
"Digging & Rigging, Inc. (B)","10 Christina Court Baltimore, MD 21219 United States",,,,,(410) 285-4444,21219,21219,,https://www.digrig.com,Member Get (a-Member);  (),info@scranet.org,C-Crane & RiggingT-Transportation,,37991
"Digging & Rigging, Inc. (B)","5267 Agro Drive Frederick, MD 21703 United States",,,,,(240) 436-6234,5267,5267,,https://www.digrig.com,Member Get (a-Member);  (),info@scranet.org,C-Crane & RiggingT-Transportation,,37990
"Digging & Rigging, Inc. (B)","1100 Heavy Haul Drive Morgantown, WV 26508 United States",,,,,(304) 241-1580,1100,1100,,https://www.digrig.com,Member Get (a-Member);  (),info@scranet.org,C-Crane & RiggingT-Transportation,,37993
"Digging & Rigging, Inc. (B)","11424 Stotler Road Hagerstown, MD 21740 United States",,,,,(240) 313-3950,11424,11424,,https://www.digrig.com,Member Get (a-Member);  (),info@scranet.org,C-Crane & RiggingT-Transportation,,37992
"Digging & Rigging, Inc. (B)","957 Trinity Road York, PA 17408 United States",,,,,(717) 698-1216,957,957,,https://www.digrig.com,Member Get (a-Member);  (),info@scranet.org,C-Crane & RiggingT-Transportation,,37989
Dimon & Bacorn Inc.,"93 Industrial Park Blvd. Elmira, NY 14901 United States",,,,,(607) 734-2937,14901,14901,,https://www.dimonandbacorn.com,Member Get (a-Member);  (),info@scranet.org,C-Crane & RiggingM-MillwrightT-Transportation,2013,37188
Dixie Cullen Interests Inc.,"8501 East Freeway Houston, TX 77029 United States",,,,,(713) 747-1101,8501,8501,,https://www.dixiecullen.com,Member Get (a-Member);  (),info@scranet.org,,2015,40884
DLL,"1111 Old Eagle School Road Wayne, PA 19087 United States",,,,,(610) 386-5448,1111,1111,michael.hart@dllgroup.com,https://www.dllgroup.com,Member Get (a-Member);  (),info@scranet.org,,2020,48252
DMH Services Inc.,"2822 124th Street Franksville, WI 53126 United States",,,,,(262) 770-0158,2822 124,2822 124,DougHolden@DMHServicesinc.com,https://www.dmhservicesinc.com,Member Get (a-Member);  (),info@scranet.org,T-Transportation,2020,47829
"Dobson Industrial, Inc.","P.O. Box 1368  3660 N. Euclid Ave. Bay City, MI 48706-0368 United States",,,,,(989) 684-7131,"1368
3660","1368
3660",,https://www.dobsonindustrial.com,Member Get (a-Member);  (),info@scranet.org,C-Crane & RiggingM-MillwrightT-Transportation,1948,10479
Doc's Crane & Rigging Inc.,"6445 N. Mayne Road Roanoke, IN 46783 United States",,,,,(260) 672-8513,6445,6445,,https://www.docscraneandrigging.com,Member Get (a-Member);  (),info@scranet.org,C-Crane & RiggingM-MillwrightT-Transportation,1996,10480
Doleco-USA.Com,"290 Pratt St. Meriden, CT 06450 United States",,,,,(203) 440-1940,290,290,ralph.abato@doleco-usa.com,https://www.doleco-usa.com,Member Get (a-Member);  (),info@scranet.org,,2018,44585
Don Anderson Haulage Ltd.,"P.O. Box 130  36 Gordon Collins Dr Gormley, ON L0H 1G0 Canada",,,,,(416) 798-7737,"130
36","130
36",dave@andersonheavyhaul.com,https://www.andersonhaulage.com,Member Get (a-Member);  (),info@scranet.org,C-Crane & RiggingI-InternationalS-SteelT-Transportation,1994,10364
Don Anderson Haulage Ltd. (B),"10061 E 75 Rd Stony Mountain, MB R0C 3A0 Canada",,,,,(204) 906-9460,10061,10061,michael@andersonhaulage.com,https://www.andersonhaulage.com,Member Get (a-Member);  (),info@scranet.org,C-Crane & RiggingI-InternationalS-SteelT-Transportation,,48458
Don Anderson Haulage Ltd. (B),"194 Rue Carpentier Saint-Mathieu-de-Beloil, QC J3G 4S5 Canada",,,,,(514) 206-5944,194,194,michael@andersonhaulage.com,https://www.andersonhaulage.com,Member Get (a-Member);  (),info@scranet.org,C-Crane & RiggingI-InternationalS-SteelT-Transportation,,48459
"Don R. Fruchey, Inc.","5608 Old Maumee Road Fort Wayne, IN 46803 United States",,,,,(260) 749-8502,5608,5608,,https://www.donrfruchey.com,Member Get (a-Member);  (),info@scranet.org,C-Crane & RiggingM-MillwrightT-Transportation,1966,10020
"Donjon Marine Co., LLC","100 Central Avenue Hillside, NJ 07205 United States",,,,,(908) 353-2600,100,100,,https://www.donjon.com,Member Get (a-Member);  (),info@scranet.org,C-Crane & RiggingT-Transportation,1992,10483
Doral Equipment Rental,"15800 West Overland Drive New Berlin, WI 53151 United States",,,,,(262) 445-4455,15800,15800,,https://www.doralrental.com,Member Get (a-Member);  (),info@scranet.org,,2005,20647
"Doran Transfer & Rigging Co., LLC","P.O. Box 14249 Cincinnati, OH 45250-0249 United States",,,,,(513) 681-6939,14249,14249,,https://www.dorantransfer.com,Member Get (a-Member);  (),info@scranet.org,C-Crane & RiggingM-MillwrightT-Transportation,2007,12319
Double M Trucking Inc.,"18131 Crystal Lane Lansing, IL 60438 United States",,,,,(708) 418-1076,18131,18131,mbult@doublemtruckinginc.com,https://www.doublemtruckinginc.com,Member Get (a-Member);  (),info@scranet.org,T-Transportation,1998,10914
Double-O Permits & Project Services Inc.,"15 Howard Place Kitchener, ON N2K 2Z4 Canada",,,,,(226) 336-7333,(226) 336-7333,(226) 336-7333,,https://www.doubleopermits.com,Member Get (a-Member);  (),info@scranet.org,,2018,45936
"Doug Davidson Trucking, LLC","PO Box 652  3333 Conkle Road Salem, OH 44460 United States",,,,,(330) 337-8741,"652
3333","652
3333",,https://,Member Get (a-Member);  (),info@scranet.org,T-Transportation,2007,29700
Dozier Crane & Rigging,"1441 Mcintosh Rd. Douglasville, GA 30134 United States",,,,,(678) 503-8301,1441,1441,,https://www.doziercraneandrigging.com,Member Get (a-Member);  (),info@scranet.org,C-Crane & RiggingT-Transportation,2020,48392
"Dozier Crane and Machinery, Inc.","155 Pinebarren Rd. Pooler, GA 31322 United States",,,,,(912) 748-2684,155,155,,https://www.doziercrane.com,Member Get (a-Member);  (),info@scranet.org,,1998,10485
DRM,"2929 E. Front St. Monroe, MI  United States",,,,,(734) 457-2526,2929,2929,Kyle@drmmgmt.com,https://www.drmmgmt.com,Member Get (a-Member);  (),info@scranet.org,,2025,53128
DT Project America,"15109 Heathrow Forest Parkway  Suite 150 Houston, TX 77032 United States",,,,,(832) 703-8139,15109,15109,ddevlin@dtproject.us,https://www.dtprojectamerica.com,Member Get (a-Member);  (),info@scranet.org,,2025,53470
"Duncan Machinery Movers, Inc.","2004 Duncan Machinery Drive Lexington, KY 40504-1007 United States",,,,,(859) 233-7333,2004,2004,,https://www.dmmlex.com,Member Get (a-Member);  (),info@scranet.org,C-Crane & RiggingM-MillwrightT-Transportation,1973,10489
Dunkel,"14555 Alondra Blvd La Mirada, CA 90638 United States",,,,,(714) 712-5888,14555,14555,,https://www.dunkelbros.com,Member Get (a-Member);  (),info@scranet.org,C-Crane & RiggingM-Millwright,2020,10490
Dun-Rite Specialized Carriers,"1561 Southern Blvd Bronx, NY 10460 United States",,,,,(718) 991-1100,1561,1561,,https://www.dunritespecialized.com,Member Get (a-Member);  (),info@scranet.org,C-Crane & RiggingM-MillwrightT-Transportation,2014,12511
"Dura Crane, Inc.","5959 East St. Anderson, CA 96007 United States",,,,,(714) 788-1540,5959,5959,,https://www.duracrane.com,Member Get (a-Member);  (),info@scranet.org,C-Crane & Rigging,2023,41840
Durabilt By Durbin Inc.,"2545 South 25th Ave Broadview, IL 60155 United States",,,,,(708) 223-0258,2545,2545,martin@durabiltusa.com,https://www.Durabiltusa.com,Member Get (a-Member);  (),info@scranet.org,,2019,47302
Dutcher-Phipps Crane & Rigging Company,"P.O. Box 910 Monahans, TX 79756 United States",,,,,(432) 943-2581,910,910,,https://www.dpcrane.com,Member Get (a-Member);  (),info@scranet.org,C-Crane & Rigging,2001,13603
E.D. Etnyre & Co.,"1333 S. Daysville Road Oregon, IL 61061 United States",,,,,(815) 732-2116,1333,1333,,https://www.etnyre.com,Member Get (a-Member);  (),info@scranet.org,,2009,10519
"E.I.G. Crane Service, Inc.","1351 West South Loop Stephenville, TX 76401 United States",,,,,(254) 459-8595,1351,1351,,https://www.daviscrane.com,Member Get (a-Member);  (),info@scranet.org,C-Crane & RiggingT-Transportation,2020,47685
E.S. Fox Ltd.,"P.O. Box 1010  9127 Montrose Road Niagara Falls, ON L2E 7J9 Canada",,,,,(905) 354-3700,"1010
9127","1010
9127",,https://www.esfox.com,Member Get (a-Member);  (),info@scranet.org,C-Crane & RiggingI-InternationalM-Millwright,2006,26095
Eagle Rigging & Transport,"2963 Route 22 Patterson, NY 12563 United States",,,,,(800) 836-0331,2963,2963,jclancy@eagleriggers.com,https://www.eagleriggingandtransport.com,Member Get (a-Member);  (),info@scranet.org,C-Crane & RiggingI-InternationalT-Transportation,2015,40133
Easily Moved Equipment ULC,"530 Industrial Drive Fort Erie, ON L2A 5M4 Canada",,,,,(310) 720-6561,530,530,kyle@easilymovedequipment.com,https://www.easilymovedequipment.com,Member Get (a-Member);  (),info@scranet.org,,2025,54137
Easley's Crane Service,"5185 North US Highway 69 Lufkin, TX 75904 United States",,,,,(936) 632-0333,5185,5185,,https://www.easleyscrane.com,Member Get (a-Member);  (),info@scranet.org,C-Crane & Rigging,1999,10495
East Texas Truck Center,"11474 I-10E Baytown, TX 77523 United States",,,,,(936) 225-1552,11474,11474,,https://WWW.EASTTEXASTRUCKCENTER.COM,Member Get (a-Member);  (),info@scranet.org,,2026,54668
"Eastern Rigging Supply Co., Inc.","P.O. Box 39 Cos Cob, CT 06807 United States",,,,,(203) 348-5300,06807,06807,info@easternrigging.com,https://www.easternrigging.com,Member Get (a-Member);  (),info@scranet.org,,1987,10497
ECBM - Insurance Brokers & Consultants,"1400 N Providence Road  Suite 5025 Media, PA 19063 United States",,,,,(610) 668-7100,1400,1400,,https://www.ecbm.com,Member Get (a-Member);  (),info@scranet.org,,1998,10520
"Eckstine & Associates, Inc.","10817 Partridge Drive Waynesboro, PA 17268-9372 United States",,,,,(717) 762-1555,10817,10817,,https://www.eckstine.net,Member Get (a-Member);  (),info@scranet.org,,2022,14593
"Edwards Moving & Rigging, LLC","200 Everett Hall Road Shelbyville, KY 40065 United States",,,,,(502) 633-1961,200,200,,https://www.edwardsmoving.com,Member Get (a-Member);  (),info@scranet.org,C-Crane & RiggingT-Transportation,1992,10501
"Edwards Moving & Rigging, LLC (B)","1415 Donelson Pike Nashville, TN 37217 United States",,,,,(502) 321-9691,1415,1415,cgoddard@edwardsmoving.com,https://www.edwardsmoving.com,Member Get (a-Member);  (),info@scranet.org,C-Crane & RiggingT-Transportation,,12879
"Edwards Moving & Rigging, LLC (B)","707 Main Street Beech Grove, IN 46107 United States",,,,,(317) 965-1036,707,707,rstaley@edwardsmoving.com,https://www.edwardsmoving.com,Member Get (a-Member);  (),info@scranet.org,C-Crane & RiggingT-Transportation,,32139
"Edwards Moving & Rigging, LLC (B)","3755 Deerpark Blvd Elkton, FL 32033 United States",,,,,(904) 303-9566,3755,3755,cstolzenbach@edwardsmoving.com,https://www.edwardsmoving.com,Member Get (a-Member);  (),info@scranet.org,C-Crane & RiggingT-Transportation,,36189
"Edwards Moving & Rigging, LLC (B)","16 Automist Road Middleburg, PA 17842 United States",,,,,(717) 216-9816,17842,17842,,https://www.edwardsmoving.com,Member Get (a-Member);  (),info@scranet.org,C-Crane & RiggingT-Transportation,,34877
"Edwards Moving & Rigging, LLC (B)","24015 West Farmington Road Farmington, IL 61531 United States",,,,,(317) 965-1036,24015,24015,Rstaley@edwardsmoving.com,https://www.edwardsmoving.com,Member Get (a-Member);  (),info@scranet.org,C-Crane & RiggingT-Transportation,,16563
"Edwards Moving & Rigging, LLC (B)","2715 Mogadore Road Akron, OH 44312 United States",,,,,(317) 965-1036,2715,2715,,https://www.edwardsmoving.com,Member Get (a-Member);  (),info@scranet.org,C-Crane & RiggingT-Transportation,,34878
"Edwards Moving & Rigging, LLC (B)","405 West Main Street Taylors, SC 29687 United States",,,,,(865) 719-6112,405,405,kwilliams@edwardsmoving.com,https://www.edwardsmoving.com,Member Get (a-Member);  (),info@scranet.org,C-Crane & RiggingT-Transportation,,36190
"Edwards, Inc.","4119 Sheep Pasture Road Spring Hope, NC 27882 United States",,,,,(800) 682-6816,4119,4119,,https://www.edwardsinc.com,Member Get (a-Member);  (),info@scranet.org,C-Crane & RiggingM-MillwrightT-Transportation,1988,10500
"Edwards, Inc. (B)","10121 Old Liberty Liberty, NC 27298 United States",,,,,(800) 682-6816,10121,10121,,https://www.edwardsinc.com,Member Get (a-Member);  (),info@scranet.org,C-Crane & RiggingM-MillwrightT-Transportation,,51542
"Edwards, Inc. (B)","305 Easy Street Greenville, NC 27834 United States",,,,,(800) 336-3180,305,305,,https://www.edwardsinc.com,Member Get (a-Member);  (),info@scranet.org,C-Crane & RiggingM-MillwrightT-Transportation,,27693
"Edwards, Inc. (B)","3530 U.S. 421 N. Wilmington, NC 28401 United States",,,,,(800) 780-5223,3530,3530,,https://www.edwardsinc.com,Member Get (a-Member);  (),info@scranet.org,C-Crane & RiggingM-MillwrightT-Transportation,,27692
"Edwards, Inc. (B)","Hwy. 24 East Fayetteville, NC 28302 United States",,,,,(910) 829-9484,28302,28302,,https://www.edwardsinc.com,Member Get (a-Member);  (),info@scranet.org,C-Crane & RiggingM-MillwrightT-Transportation,,11810
"Edwards, Inc. (B)","Navaho Drive Raleigh, NC 27613 United States",,,,,(800) 682-6816,27613,27613,,https://www.edwardsinc.com,Member Get (a-Member);  (),info@scranet.org,C-Crane & RiggingM-MillwrightT-Transportation,,11808
Egenolf Industrial Group,"350 Wisconsin St. Indianapolis, IN 46225-1536 United States",,,,,(317) 637-9891,350,350,,https://www.egenolf-rigging.com,Member Get (a-Member);  (),info@scranet.org,C-Crane & RiggingM-MillwrightT-Transportation,1997,10503
Elko Wire Rope,"2425 West Bridger Road Salt Lake City, UT 84104 United States",,,,,(801) 954-0300,2425,2425,nick@elkowirerope.com,https://www.elkowirerope.com,Member Get (a-Member);  (),info@scranet.org,,2023,50867
Elman Trucking Inc,"2512 Waterbury Dr Woodridge, IL 60517 United States",,,,,(708) 773-0189,2512,2512,elmantruckin@gmail.com,https://www.elamnantruckinginc.com,Member Get (a-Member);  (),info@scranet.org,T-Transportation,2025,54111
"Emery & Karrigan, Inc.","9880 SW Beaverton Hillsdale Hwy.  Ste. 202 Beaverton, OR 97005 United States",,,,,(503) 941-8009,9880,9880,,https://www.emerykarrigan.com,Member Get (a-Member);  (),info@scranet.org,,1992,10508
Emmert International,"11811 SE Highway 212 Clackamas, OR 97015 United States",,,,,(503) 655-7191,11811,11811,,https://www.emmertintl.com,Member Get (a-Member);  (),info@scranet.org,C-Crane & RiggingI-InternationalM-MillwrightO-Oil FieldS-SteelT-Transportation,1976,10510
Empire Crane Company LLC,"7021 Performance Drive N. Syracuse, NY 13212 United States",,,,,(315) 458-4101,7021,7021,,https://www.EmpireCrane.com,Member Get (a-Member);  (),info@scranet.org,,2002,14205
Encore Bank,"1225 S Main Street, Suite 101 Grapevine, TX 76051 United States",,,,,(214) 505-4182,1225,1225,craig.caldwell@bankencore.com,https://,Member Get (a-Member);  (),info@scranet.org,,2021,48837
Enerpac,"N86 W12500 Westbrook Crossing  PO Box 9010 Menomonee Falls, WI 53051 United States",,,,,(262) 293-1500,12500,12500,,https://www.enerpac.com,Member Get (a-Member);  (),info@scranet.org,,2008,17038
Engine,"1601 Wewatta Street  Suite 250 Denver,  80202 United States",,,,,(303) 819-8655,1601,1601,niko.poulos@engine.com,https://www.engine.com,Member Get (a-Member);  (),info@scranet.org,,2026,54649
Engineered Rigging,"409 East Lincolnway  Suite 3 Valparaiso, IN 46383 United States",,,,,(844) 474-4448,409,409,ccox@engrigging.com,https://www.engineeredrigginggroup.com,Member Get (a-Member);  (),info@scranet.org,C-Crane & RiggingI-InternationalT-Transportation,2015,40231
Engineered Rigging (B),"Av. Presidente Eduardo Frei Montalva Santiago, Lampa 17500 Chile",,,,,,17500,17500,ccox@engrigging.com,https://www.EngineeredRiggingGroup.com,Member Get (a-Member);  (),info@scranet.org,C-Crane & RiggingI-InternationalT-Transportation,,49502
Engineered Rigging (B),"300 Industrial Blvd. Russellville, AR 72802 United States",,,,,(844) 474-4448,300,300,ccox@engrigging.com,https://www.engineeredrigginggroup.com,Member Get (a-Member);  (),info@scranet.org,C-Crane & RiggingI-InternationalT-Transportation,,48427
Environmental Health & Safety Solutions Inc.,"1128 Wolf Run Rd Industry, PA 15052 United States",,,,,(724) 643-0300,1128,1128,kkelley@ehs-solution.com,https://www.ehs-solution.com,Member Get (a-Member);  (),info@scranet.org,,2019,46799
EPIC Brokers & Consultants,"One Blue Hill Plaza Pearl River, NY 10965 United States",,,,,(201) 661-2452,10965,10965,,https://,Member Get (a-Member);  (),info@scranet.org,,2018,44739
"Epperson Cranes, Inc.","P.O. Box 52-3065 Miami, FL 33152 United States",,,,,(305) 592-7888,52-3065,52-3065,,https://www.EppersonCranes.com,Member Get (a-Member);  (),info@scranet.org,C-Crane & RiggingT-Transportation,1986,10514
Equipment Express INC,"1109 Foundation Dr. Caldwell, TX 77836 United States",,,,,(979) 315-2151,1109,1109,,https://www.equipexp.com,Member Get (a-Member);  (),info@scranet.org,T-Transportation,2022,50092
Equipment Express Inc.,"60 Wanless Court Ayr, ON N0B 1E0 Canada",,,,,(519) 740-8008,(519) 740-8008,(519) 740-8008,,https://www.equipmentexpress.com,Member Get (a-Member);  (),info@scranet.org,C-Crane & RiggingI-InternationalM-MillwrightT-Transportation,1995,10515
"Equipment Leasing Group of America, LLC","211 Waukegan  Suite 100 Northfield, IL 60093 United States",,,,,(847) 784-0011,211,211,VinceDingianni@ELGALLC.com,https://www.elgallc.com,Member Get (a-Member);  (),info@scranet.org,,2023,51316
Equipos Y Transportes Especialieados Auriga,"Calle 1 No. 211  Parque Industrial Jurica 76120 Queretaro,  76120 Mexico",,,,,(52) 442 218 41 42(52),211,211,jcano@auriga.mx,https://www.auriga.mx,Member Get (a-Member);  (),info@scranet.org,C-Crane & RiggingI-InternationalT-Transportation,1994,11017
Erickson's Inc.,"2217 Lake Avenue North Muskegon, MI 49445 United States",,,,,(231) 744-1686,2217,2217,,https://www.ericksonsgr.com,Member Get (a-Member);  (),info@scranet.org,C-Crane & RiggingM-MillwrightT-Transportation,1966,10516
Erickson's Inc. (B),"3128 Three Mile Road NW Grand Rapids, MI 49534 United States",,,,,(616) 735-1700,3128,3128,,https://www.ericksonsgr.com,Member Get (a-Member);  (),info@scranet.org,C-Crane & RiggingM-MillwrightT-Transportation,,11815
Erwin Crane,"1340 Tuskawilla Rd.  Suite 114 Winter Springs, FL 32708 United States",,,,,(407) 416-7441 / (813) 29,1340,1340,berwin@erwincrane.com,https://www.erwincrane.com,Member Get (a-Member);  (),info@scranet.org,,2013,37243
Evans Project Logistics,"2020 Silver Bell Road Saint Paul, MN 55122 United States",,,,,(651) 955-6715,2020,2020,jasonjohnson@evanstrans.com,https://www.evanstrans.com,Member Get (a-Member);  (),info@scranet.org,,2024,52315
Evergreen Safety Council,"12545 135th Ave NE Kirkland, WA 98034 United States",,,,,(425) 814-3868,12545 135,12545 135,michelle@esc.org,https://www.esc.org,Member Get (a-Member);  (),info@scranet.org,,2017,44227
Exact Crane & Equipment Corp.,"28985 Ambina Dr Solon, OH 44139 United States",,,,,(440) 349-1999,28985,28985,,https://www.exactcrane.com,Member Get (a-Member);  (),info@scranet.org,C-Crane & Rigging,2008,31852
Extreme Crane,"4515 Whiting Rd Marshall, VA 20115 United States",,,,,(540) 439-2636,4515,4515,,https://www.extremecrane.com,Member Get (a-Member);  (),info@scranet.org,C-Crane & RiggingS-SteelT-Transportation,2016,42593
F.B. McIntire Equipment Co.,"3025 South Cravens Road Fort Worth, TX 76119-1859 United States",,,,,(817) 429-1750,3025,3025,,https://www.fbmcintire.com,Member Get (a-Member);  (),info@scranet.org,C-Crane & RiggingT-Transportation,2005,16129
Fagioli Inc.,"21310 Highway 6 Manvel, TX 77578 United States",,,,,(281) 997-3434,2025,21310,,https://www.fagioli.com,Member Get (a-Member);  (),info@scranet.org,C-Crane & RiggingI-InternationalM-MillwrightT-Transportation,1991,12223
Fagioli S.P.A (B),"Via Ferraris 13, S. Ilario D'Enza,  42049 Italy",,,,,+39 0522 6751,42049,42049,,https://www.fagioli.com,Member Get (a-Member);  (),info@scranet.org,C-Crane & RiggingI-InternationalM-MillwrightT-Transportation,1991,10009
Farasoobar Int'l Forwarder & Shipping Agency Co.ltd,"Suite Nr.603 5th Flr  Nr.132 Sadaf building,  Keshavarz Bulvard Tehran,  1416634653 Iran",,,,,0098 21 88979737-9,603 5,603 5,,https://www.farasoobar.com,Member Get (a-Member);  (),info@scranet.org,C-Crane & RiggingI-InternationalS-SteelT-Transportation,2015,41002
Fascan International,"4517 North Point Blvd. Baltimore, MD 21219 United States",,,,,(816) 877-6828,4517,4517,bernief@fascan.com,https://www.fascan.com,Member Get (a-Member);  (),info@scranet.org,,2018,13722
"FastTrack Engineering, Inc.","225 W. Burville Rd Crete, IL 60417 United States",,,,,(815) 467-7187,225,225,andrew.oliver@fasttrack.pro,https://www.fasttrack.pro,Member Get (a-Member);  (),info@scranet.org,,2025,27765
Favelle Favco Cranes (USA) Inc.,"26360 FM106 Harlingen, TX 78550 United States",,,,,(956) 428-7488,26360,26360,purchasing@favcousa.com,https://www.favellefavco.com,Member Get (a-Member);  (),info@scranet.org,,1997,10012
Faymonville Group,"Z.A.E.R. Op Der Sang  16, Op Der Bréimicht Lentzweiler,  9779 Luxembourg",,,,,352 269004155,9779,9779,,https://www.faymonville.group,Member Get (a-Member);  (),info@scranet.org,,2009,15132
FEMC USA,"270 South Bay Drive Bullard, TX 75757 United States",,,,,(214) 385-6988,270,270,,https://www.femcusa.com,Member Get (a-Member);  (),info@scranet.org,,2025,53203
"Fenton Rigging & Contracting, Inc.","2150 Langdon Farm Road Cincinnati, OH 45237-4711 United States",,,,,(513) 631-5500,2150,2150,,https://www.fenton1898.com,Member Get (a-Member);  (),info@scranet.org,C-Crane & RiggingM-Millwright,1965,10212
Fide Freight,"400 ANN ST NW  STE 200 Grand Rapids, MI 49504 United States",,,,,(313) 424-4490,400,400,,https://www.fidefreight.com,Member Get (a-Member);  (),info@scranet.org,,2023,50551
FieldForce Workforce Solutions,"9711 Lancaster Road Hebron, OH 43025 United States",,,,,(803) 753-4044,9711,9711,tbailey@fieldforcesolutions.com,https://www.fieldforcesolutions.com,Member Get (a-Member);  (),info@scranet.org,,2025,53551
Fill-Rite Company,"8825 Aviation Drive Fort Wayne, IN 46809 United States",,,,,(773) 483-0280,8825,8825,,https://WWW.FILLRITE.COM,Member Get (a-Member);  (),info@scranet.org,,2025,53811
Finnco Services Inc,"8241 Beech Ave Fontana, CA 92335 United States",,,,,(909) 355-0707,8241,8241,,https://Www.finncoservices.com,Member Get (a-Member);  (),info@scranet.org,C-Crane & RiggingI-International,2019,46566
First Financial Equipment Leasing,"750 The City Center  Suite 300 Orange, CA 92868 United States",,,,,(630) 853-1991,750,750,,https://www.ffequipmentleasing.com,Member Get (a-Member);  (),info@scranet.org,,2021,48548
Flagstar Financial & Leasing LLC,"12100 NE 195th St.  Suite 315 Bothell, WA 98011 United States",,,,,(425) 202-3701,12100,12100,,https://,Member Get (a-Member);  (),info@scranet.org,,2013,37246
Flaherty Equipment Repair Corporation,"11 Oak St Chelmsford, MA 01824 United States",,,,,(781) 736-9009,01824,01824,mike@flahertyequipment.com,https://www.flahertyequipment.com,Member Get (a-Member);  (),info@scranet.org,,2021,48527
"Fleet Cost & Care, Inc","865 S. Fort Street Detroit, MI 48217 United States",,,,,,865,865,,https://www.fleetcostcare.com,Member Get (a-Member);  (),info@scranet.org,,2009,11224
Fleetseek,"500 Lafayette Blvd Ste 230 Fredericksburg, VA 22401 United States",,,,,(540) 899-9872,500,500,,https://www.fleetseek.com,Member Get (a-Member);  (),info@scranet.org,,1996,11010
Fleetworthy,"500 New Karner Road Albany, NY 27603 United States",,,,,(703) 731-3947,500,500,rob.abbott@fleetworthy.com,https://www.fleetworthy.com,Member Get (a-Member);  (),info@scranet.org,,2026,54617
Florida Trucking and Rigging Inc,"PO Box 63 Englewood, FL 32495 United States",,,,,(281) 706-5222,34295-0063,34295-0063,bgardner@floridatruckinginc.com,https://,Member Get (a-Member);  (),info@scranet.org,C-Crane & RiggingT-Transportation,2025,53434
Florida's Ultimate Heavy Hauling & Rigging,"9395 Meridian Dr. Parkland, FL 33076 United States",,,,,(954) 972-7878,9395,9395,,https://www.ultimateheavyhauling.com,Member Get (a-Member);  (),info@scranet.org,T-Transportation,2013,37276
Floyd Gibbons Trucking,"5960 Rd 119 Brunner, ON N0K 1C0 Canada",,,,,(519) 699-0909,5960,5960,,https://www.floydgibbonstrucking.ca,Member Get (a-Member);  (),info@scranet.org,S-SteelT-Transportation,2003,16345
"Floyd Steel Erectors, Inc.","310 Richert Road Wood Dale, IL 60191-1207 United States",,,,,(630) 238-8383,310,310,,https://www.floydcrane.com,Member Get (a-Member);  (),info@scranet.org,C-Crane & Rigging,2003,16268
"Floyd's Rigging & Machinery Movers, Inc.","P.O. Box 365 Adrian, MI 49221 United States",,,,,(517) 263-1420,365,365,,https://www.floydsrigging.com,Member Get (a-Member);  (),info@scranet.org,C-Crane & RiggingT-Transportation,2000,12136
Fontaine Specialized,"5398 US Highway 11 Springville, AL 35146 United States",,,,,(205) 467-6171,5398,5398,,https://www.fontainespecialized.com,Member Get (a-Member);  (),info@scranet.org,,1986,10017
"Foreman's Machinery Movers, LLC","4206 Williamson Rd. Wilson, NC 27893 United States",,,,,(561) 234-8758,4206,4206,james@foremansmm.com,https://www.foremansmm.com,Member Get (a-Member);  (),info@scranet.org,C-Crane & RiggingM-Millwright,2025,53138
Forest Ridge Transport Services LLC,"226 Gap Road Strasburg, PA 17579 United States",,,,,(717) 687-0109,301,2007,,https://www.forestridgetransport.com,Member Get (a-Member);  (),info@scranet.org,,2020,47739
"Forklift Exchange, Inc.","6901 Alico Rd Fort Myers, FL 33912 United States",,,,,(800) 423-7600,6901,6901,,https://www.forkliftexchange.com,Member Get (a-Member);  (),info@scranet.org,,2023,50652
Foxtrot Industrial,"7871 Av. Raoul-Lassonde Saint-Hyacinthe, QC J2R 1E4 Canada",,,,,(450) 230-6282,7871,7871,,"https://www.foxtrotindustriel.com

",Member Get (a-Member);  (),info@scranet.org,,2023,51176
FPW Media,"4660 Main St, Suite 150 Springfield, OR 97478 United States",,,,,(541) 3431355,4660,4660,,https://www.fpwmedia.com,Member Get (a-Member);  (),info@scranet.org,,2025,53352
FR8AGENT,"507 Atascocita Road Humble, TX 77396 United States",,,,,(821) 441-4585,507,507,loren@fr8agent.com,https://www.fr8agent.com,Member Get (a-Member);  (),info@scranet.org,,2023,51566
Fracht Group,"16701 Greenspoint Park Drive  Suite 300N Houston, TX 77060 United States",,,,,(281) 227-1700,16701,16701,sven.braun@fracht.com,https://www.frachtgroup.com,Member Get (a-Member);  (),info@scranet.org,,2025,13314
Franna,"11001 Electron Dr. Louisville, KY 40299 United States",,,,,(920) 840-4278,11001,11001,,https://https://www.terex.com/franna/en-au,Member Get (a-Member);  (),info@scranet.org,,2002,10313
Frantz Ward LLP,"200 Public Square, Suite 3000 Cleveland, OH 44114 United States",,,,,(216) 515-1660,200,200,,https://www.frantzward.com,Member Get (a-Member);  (),info@scranet.org,,2020,48346
Freight-Stack LLC,"5555 East Van Buren Street  Suite 155 Queen Creek, AZ 85142 United States",,,,,(602) 508-9800,5555,5555,,https://www.freight-stack.com,Member Get (a-Member);  (),info@scranet.org,T-Transportation,2024,52702
"Frick Transfer, Inc. - Heavy Machinery Movers","1905 Bushkill Drive Easton, PA 18040 United States",,,,,(610) 252-2161,1905,1905,,https://www.fricktransfer.com,Member Get (a-Member);  (),info@scranet.org,M-MillwrightT-Transportation,2012,22558
Friderici Special SA,"Route Du Molliau CH-1131 Tolochenaz,   Switzerland",,,,,+41 0 21 804 94 94,1131,1131,,https://www.friderici.com,Member Get (a-Member);  (),info@scranet.org,C-Crane & RiggingI-InternationalT-Transportation,2000,11980
Frontier Heavy Haul & Support Inc.,"120 County Road 940 Fairfield, TX 75840 United States",,,,,(928) 587-6509,120,120,danc@frontierhhs.com,https://,Member Get (a-Member);  (),info@scranet.org,O-Oil FieldT-Transportation,2020,47771
"Fruhquip, Inc.","357 N. 5th St Zanesville, OH 43701 United States",,,,,(740) 588-0681,357,357,,https://www.fruhquip.com,Member Get (a-Member);  (),info@scranet.org,C-Crane & RiggingM-Millwright,2007,20663
"Frye Mechanical, Inc.","1500 Humphrey Ave Dayton, OH 45410 United States",,,,,(937) 222-8750,1500,1500,jwryick@fryemechanical.com,https://www.fryemechanical.com,Member Get (a-Member);  (),info@scranet.org,C-Crane & RiggingI-InternationalM-MillwrightS-SteelT-Transportation,2023,50476
FT&L Specialized LLC,"3417 Davey Allison Blvd. Bessemer, AL 35023 United States",,,,,(251) 599-6265,3417,3417,,https://,Member Get (a-Member);  (),info@scranet.org,O-Oil FieldS-SteelT-Transportation,2019,47272
Fulcrum Lifting,"5246 Wooster Road Cincinnati, OH 45226 United States",,,,,(513) 918-3344,5246,5246,,https://www.fulcrumlifting.com,Member Get (a-Member);  (),info@scranet.org,,2018,45647
"Fusion Tools, Inc.","260 W Bockman Way Sparta, TN 38583 United States",,,,,(610) 428-0231,260,260,west@fusion-tools.com,https://www.fusion-tools.com,Member Get (a-Member);  (),info@scranet.org,,2026,54631
"G&G Specialized Carriers, LLC","S82 W19480 Apollo Drive Muskego, WI 53150 United States",,,,,(262) 971-0846,19480,19480,,https://www.gngsc.com,Member Get (a-Member);  (),info@scranet.org,T-Transportation,2014,13249
G&L Corporation,"3101 Brooklyn Avenue Fort Wayne, IN 46809 United States",,,,,(260) 747-0541,3101,3101,gabe@g-lcorp.com,https://www.g-lcorp.com,Member Get (a-Member);  (),info@scranet.org,C-Crane & RiggingM-MillwrightT-Transportation,2000,11923
"G&R Mineral Services, Inc.","P.O. Box 100939 Birmingham, AL 35210 United States",,,,,(205) 956-7300,100939,100939,,https://www.grplantmaint.com,Member Get (a-Member);  (),info@scranet.org,C-Crane & RiggingM-MillwrightT-Transportation,1998,10026
"GAC Equipment, LLC dba Austin Crane Service","904 Leander Dr. Leander, TX 78641 United States",,,,,(512) 452-4400,904,904,,https://www.austincrane.com,Member Get (a-Member);  (),info@scranet.org,C-Crane & Rigging,2010,16747
Gallagher Crane Division,"4 Gateway Center444 Liberty Ave, FL 4 Pittsburgh, PA 15222 United States",,,,,(800) 569-9427,444,444,,https://www.ajg.com,Member Get (a-Member);  (),info@scranet.org,,2003,14978
"Garcia Trucking Service, Inc.","1361 Rio Danubio St.  Suite #2 Carolina, PR 00982 United States",,,,,(787) 762-5353,1361,1361,,https://www.garciatrucking.com,Member Get (a-Member);  (),info@scranet.org,C-Crane & RiggingI-InternationalM-MillwrightO-Oil FieldS-SteelT-Transportation,2013,11819
"Garrod Hydraulics, Inc.","1050 Locust Point Road York, PA 17406 United States",,,,,(717) 767-6429,1050,1050,,https://www.garrod.com,Member Get (a-Member);  (),info@scranet.org,,2004,17247
"Gateway Logistics, Inc.","Bend, OR 97703 United States",,,,,(541) 3067326,97703,97703,,https://www.gatewayspecialized.net,Member Get (a-Member);  (),info@scranet.org,T-Transportation,2015,40319
"GC Crane, Inc","833 Greensprings Hwy Birmingham, AL 35209 United States",,,,,(205) 381-5775,833,833,ajoiner@greenspringscap.com,https://www.gccraneinc.com,Member Get (a-Member);  (),info@scranet.org,C-Crane & RiggingT-Transportation,2025,53938
GE Vernova Onshore Wind,"Greenville, SC  United States",,,,,,2019,2019,michaelc.ebner@ge.com,https://,Member Get (a-Member);  (),info@scranet.org,,2019,47543
"Gelock Transfer Line, Inc.","450 Market Avenue, SW Grand Rapids, MI 49503-4943 United States",,,,,(616) 774-2828,450,450,,https://www.gelock.com,Member Get (a-Member);  (),info@scranet.org,C-Crane & RiggingM-MillwrightT-Transportation,1962,10032
GEM Inc.,"6842 Commodore Drive Walbrdige, OH 43465 United States",,,,,(419) 666-6554,6842,6842,,https://www.rlcos.com/gem,Member Get (a-Member);  (),info@scranet.org,C-Crane & RiggingM-MillwrightT-Transportation,1989,10033
GEM Inc. (B),"47461 Clipper St. Plymouth, MI 48170 United States",,,,,(734) 354-1735,47461,47461,,https://www.rlcos.com/gem,Member Get (a-Member);  (),info@scranet.org,C-Crane & RiggingM-MillwrightT-Transportation,,12224
GEM Inc. (B),"5505 Valley Belt Rd. Independence, OH 44131 United States",,,,,(216) 369-0198,5505,5505,,https://www.rlcos.com/gem,Member Get (a-Member);  (),info@scranet.org,C-Crane & RiggingM-MillwrightT-Transportation,,16420
"General Machine Shop, Inc.","6000 Columbia Park Road Landover, MD 20785 United States",,,,,(301) 773-5050,6000,6000,,https://www.generalmachine.com,Member Get (a-Member);  (),info@scranet.org,C-Crane & RiggingM-Millwright,1995,10036
General Steel Crane & Rigging,"P.O. Box 1078 Hopkinsville, KY 42241 United States",,,,,(270) 886-8857,1078,1078,,https://www.gen-steel.com,Member Get (a-Member);  (),info@scranet.org,C-Crane & RiggingM-MillwrightT-Transportation,1998,10037
General Steel Crane & Rigging (B),"227 Heilman Street Henderson, KY 42420 United States",,,,,(270) 827-2344,227,227,,https://www.gen-steel.com,Member Get (a-Member);  (),info@scranet.org,C-Crane & RiggingM-MillwrightT-Transportation,,12227
General Steel Crane & Rigging (B),"1646 Morgantown Rd. Bowling Green, KY 42101 United States",,,,,(270) 842-5014,1646,1646,,https://www.gen-steel.com,Member Get (a-Member);  (),info@scranet.org,C-Crane & Rigging,,36176
General Steel Crane & Rigging (B),"504 McCamish Drive Elizabethtown, KY 42701 United States",,,,,(270) 982-2100,504,504,,https://www.gen-steel.com,Member Get (a-Member);  (),info@scranet.org,C-Crane & RiggingM-MillwrightT-Transportation,,39756
General Steel Crane & Rigging (B),"504 McCamish Drive Elizabethtown, KY 42701 United States",,,,,(270) 791-9770,504,504,,https://www.gen-steel.com,Member Get (a-Member);  (),info@scranet.org,C-Crane & RiggingM-MillwrightT-Transportation,,39757
General Steel Crane & Rigging (B),"681 Arcada Industrial Clarksville, TN 37040 United States",,,,,(931) 552-3671,681,681,,https://www.gen-steel.com,Member Get (a-Member);  (),info@scranet.org,C-Crane & RiggingM-MillwrightT-Transportation,,12226
Giltner Heavy Haul,"700 Douthit Ferry Rd, Suite 780 Cartersville, GA 30120 United States",,,,,(770) 334-8558,700,700,jchristiana@giltner.com,"https://www.giltnerheavyhaul.com

",Member Get (a-Member);  (),info@scranet.org,I-InternationalO-Oil FieldT-Transportation,2020,47614
GiraffeG4 Systems LLC,"5 Taxter Road Irvington, New York 10533 United States",,,,,(877) 543-1087,10533-1031,10533-1031,bnugent@giraffeg4.com,https://www.giraffeg4.com,Member Get (a-Member);  (),info@scranet.org,,2025,54356
GKS Lifting and Moving Solutions,"202 North Limestone St. Springfield, OH 45503 United States",,,,,(937) 324-8867,202,202,,https://www.gksweb.com,Member Get (a-Member);  (),info@scranet.org,,2006,25936
Global Executive Solutions Group,"3505 Embassy Pkwy Ste 200 Fairlawn, OH 44333 United States",,,,,(330) 664-9400,3505,3505,,https://www.globalesg.com/industry/transportation.htm,Member Get (a-Member);  (),info@scranet.org,,2008,31915
Global Rigging and Transport,"200 19399 96th Avenue Surrey, BC V4N 4C4 Canada",,,,,(604) 513-8468,200 19399 96,200 19399 96,a.johnson@globalrigging.com,https://www.globalrigging.com,Member Get (a-Member);  (),info@scranet.org,C-Crane & RiggingI-InternationalM-MillwrightT-Transportation,2015,32264
GMVykon,"NOGALAR 305-22  Industrial Nogalar San Nicolas De Los Garza, Nuevo León 66484 Mexico",,,,,+52 (818) 154-8000,305-22,305-22,,https://www.gmvykon.com,Member Get (a-Member);  (),info@scranet.org,C-Crane & Rigging,1994,36405
Goins Crane Service Inc,"6830 E Hwy 80 Abilene, TX 79601 United States",,,,,(325) 676-7506,6830,6830,,https://www.goinscraneservice.com,Member Get (a-Member);  (),info@scranet.org,C-Crane & RiggingT-Transportation,2016,19447
Goldhofer Aktiengesellschaft,"P.O. Box 1364 Memmingen, Bavaria 87683 Germany",,,,,011 - 49 - 8331 - 150 (op,"1364
87683","1364
87683",,https://www.goldhofer.com,Member Get (a-Member);  (),info@scranet.org,,1972,10044
"Goldhofer, Inc. (B)","7401 Riviera Blvd. Miramar, FL 33023 United States",,,,,(954) 433-5490,7401,7401,,https://www.goldhofer.com,Member Get (a-Member);  (),info@scranet.org,,,50364
Gould & Smith Crane,"5128 Fishwick Dr Cincinnati, OH 45216 United States",,,,,(513) 489-2050,5128,5128,,https://www.gouldandsmithcrane.com,Member Get (a-Member);  (),info@scranet.org,C-Crane & RiggingM-MillwrightT-Transportation,2024,52779
GPS Trucking & Permits,"5182 Sebring Warner Road Greenville, OH 45331 United States",,,,,(937) 547-9238,5182,5182,,https://,Member Get (a-Member);  (),info@scranet.org,,2013,37821
Grand Davo Crane Service,"5701 E. Cork Street Kalamazoo, MI 49048 United States",,,,,(269) 349-7677,5701,5701,,https://www.granddavocrane.com,Member Get (a-Member);  (),info@scranet.org,C-Crane & RiggingT-Transportation,1997,10046
Grand Davo Crane Service (B),"10196 S. 300 W. Brookston, IN 47923 United States",,,,,(765) 449-7677,10196,10196,,https://www.granddavocrane.com,Member Get (a-Member);  (),info@scranet.org,C-Crane & Rigging,,36192
Green Mountain Lion Corporation,"#256 34 Blair Park Road, Ste. 104 Williston, VT 05495 United States",,,,,(802) 448-8250,256 34,256 34,kstern@grnvt.com,https://www.greenmountainlioncorp.com,Member Get (a-Member);  (),info@scranet.org,,2024,52007
Greenfield Products LLC,"3920 Greendield Dr. Union City, TN 38261 United States",,,,,(708) 394-7371,3920,3920,,https://www.greenfieldpi.com,Member Get (a-Member);  (),info@scranet.org,,2013,36916
Gruas Del Norte,"C. Fray Juan De Zumarraga  #225 San Lorenzo Cd. Juárez, Chihuaha 32320 Mexico",,,,,52(656)618-2220,225,225,,https://www.gruasdelnorte.com,Member Get (a-Member);  (),info@scranet.org,C-Crane & RiggingI-InternationalT-Transportation,2017,20892
"Gruas San Luis, S.a. De C.V.","Eje 110 # 120  Zona IndustrialSan Luis Potosi San Luis Potosi, SP 78395 Mexico",,,,,444 1294892,110,110,,https://www.gruassanluis.com,Member Get (a-Member);  (),info@scranet.org,C-Crane & RiggingI-InternationalT-Transportation,2016,42145
Gruas Y Maniobras De Tijuana S.A De C.V.,"Calle Santa Elena #6050,  Col. Rio Tijuana  3ra Etapa Tijuana, B.C. 22226 Mexico",,,,,+52 (664) 626-1226,6050,6050,,https://www.campillo.com.mx,Member Get (a-Member);  (),info@scranet.org,C-Crane & RiggingI-InternationalT-Transportation,1999,10059
Gruas Y Maniobras S.A.C.,"Av. Los Canarios Mz. E2 - Lt. 9A, Luriga Lima,  15457 Peru",,,,,51972144553,15457,15457,andrea.sanchez@gruasymaniobrasperu.com,https://www.gruasymaniobrasperu.com,Member Get (a-Member);  (),info@scranet.org,C-Crane & RiggingI-International,2021,49138
Grupo BASH,"Ave Los Angeles 3005 Ote  Fracc Industrial Benito Juarez Monterrey, NL 64517 Mexico",,,,,+52 8181308000,3005,3005,,"https://www.grupobash.com

",Member Get (a-Member);  (),info@scranet.org,C-Crane & RiggingI-InternationalM-MillwrightT-Transportation,2023,50685
"GTS Services, Inc","1000 Constitution Blvd New Kensington, PA 15068 United States",,,,,(724) 339-3740,1000,1000,,https://,Member Get (a-Member);  (),info@scranet.org,,2023,50577
"Guay, Inc. Crane Service","10801 Colbert Street  Anjou Montreal, PQ H1J 2G5 Canada",,,,,(514) 354-4420,10801,10801,,https://www.gruesguay.com,Member Get (a-Member);  (),info@scranet.org,C-Crane & Rigging,1967,10064
"Guy M. Turner, Inc.","P.O. Box 7776  4514 S Holden Rd (27406) Greensboro, NC 27417 United States",,,,,(336) 294-4660,"7776
4514","7776
4514",,https://www.guymturner.com,Member Get (a-Member);  (),info@scranet.org,C-Crane & RiggingM-MillwrightT-Transportation,1974,10626
"Guy M. Turner, Inc. (B)","9143 Bobby Williams Parkway Covington, GA 30014 United States",,,,,(404) 696-4093,9143,9143,canglin@guymturner.com,https://www.guymturner.com,Member Get (a-Member);  (),info@scranet.org,C-Crane & RiggingM-MillwrightT-Transportation,,12445
"Guy M. Turner, Inc. (B)","7 Cain Circle Houston, TX 77015 United States",,,,,(713) 451-8900,77015,77015,dfitzgerald@guymturner.com,https://www.guymturner.com,Member Get (a-Member);  (),info@scranet.org,C-Crane & RiggingM-MillwrightT-Transportation,,27629
"Guy M. Turner, Inc. (B)","800 Corporate Blvd. Rock Hill, SC 29730 United States",,,,,(803) 985-1333,800,800,dsaine@guymturner.com,https://www.guymturner.com,Member Get (a-Member);  (),info@scranet.org,C-Crane & RiggingM-MillwrightT-Transportation,,12443
"Guy M. Turner, Inc. (B)","800 Corporate Blvd. Rock Hill, SC 29730 United States",,,,,(704) 391-8118,800,800,dsaine@guymturner.com,https://www.guymturner.com,Member Get (a-Member);  (),info@scranet.org,C-Crane & RiggingM-MillwrightT-Transportation,,39782
"Guy M. Turner, Inc. (B)","1759 Vargrave St. Winston-Salem, NC 27107 United States",,,,,(336) 650-9000,1759,1759,gray@guymturner.com,https://www.guymturner.com,Member Get (a-Member);  (),info@scranet.org,C-Crane & RiggingM-MillwrightT-Transportation,,12447
"Guy M. Turner, Inc. (B)","750 V-C Drive Martinsville, VA 24112 United States",,,,,(276) 638-4660,750,750,,https://www.guymturner.com,Member Get (a-Member);  (),info@scranet.org,C-Crane & RiggingM-MillwrightT-Transportation,,12442
"Guy M. Turner, Inc. (B)","2602 Eric Lane, D5 Burlington, NC 27215 United States",,,,,(336) 584-0161,2602,2602,,https://www.guymturner.com,Member Get (a-Member);  (),info@scranet.org,C-Crane & RiggingM-MillwrightT-Transportation,,12448
"Guy M. Turner, Inc. (B)","2724 Trade St. Chesapeake, VA 23323 United States",,,,,(757) 487-5518,2724,2724,,https://www.guymturner.com,Member Get (a-Member);  (),info@scranet.org,C-Crane & RiggingM-MillwrightT-Transportation,,12441
"Guy M. Turner, Inc. (B)","4490 North Point Blvd. Sparrows Point, MD 21219 United States",,,,,(410) 388-9360,4490,4490,,https://www.guymturner.com,Member Get (a-Member);  (),info@scranet.org,C-Crane & RiggingM-MillwrightT-Transportation,,13975
"Guy M. Turner, Inc. (B)","4185 Chitwood Drive N. Charleston, SC 29405 United States",,,,,(843) 566-0920,4185,4185,,https://www.guymturner.com,Member Get (a-Member);  (),info@scranet.org,C-Crane & RiggingM-MillwrightT-Transportation,,12444
"Guy M. Turner, Inc. (B)","314 Muldee St. Durham, NC 27703 United States",,,,,(919) 598-0271,314,314,,https://www.guymturner.com,Member Get (a-Member);  (),info@scranet.org,C-Crane & RiggingM-MillwrightT-Transportation,,39784
"H. Brown, Inc.","P.O. Box 427  1678 Hwy 190 Eunice, LA 70535 United States",,,,,(337) 457-8131,"427
1678","427
1678",,https://www.hbrown.com,Member Get (a-Member);  (),info@scranet.org,C-Crane & RiggingT-Transportation,1987,10675
"H.A. Leo Crane Service, LLC","1 Harrys Way Webster, MA 01570 United States",,,,,(774) 321-0199,01570,01570,,https://www.Haleocrane.com,Member Get (a-Member);  (),info@scranet.org,C-Crane & RiggingT-Transportation,2023,51522
H.W. Farren LLC,"1881 US Highway 46 Ledgewood, NJ 07852 United States",,,,,(973) 927-2777,1881,1881,,https://www.FarrenInternational.com,Member Get (a-Member);  (),info@scranet.org,C-Crane & RiggingM-MillwrightT-Transportation,1995,10011
Haggard Hauling & Rigging Inc.,"2100 Guinotte Avenue Kansas City, MO 64120-1538 United States",,,,,(816) 221-7840,2100,2100,John@haggardhauling.com,https://www.haggardhauling.com,Member Get (a-Member);  (),info@scranet.org,C-Crane & RiggingM-MillwrightT-Transportation,1989,10070
"Halbert Brothers, Inc.","17400 E. Chestnut Street City of Industry, CA 91748-1013 United States",,,,,(626) 913-1800,17400,17400,,https://www.halbertbrothersinc.com,Member Get (a-Member);  (),info@scranet.org,C-Crane & RiggingM-MillwrightT-Transportation,1964,10072
"Hale Trailer Brake & Wheel, Inc.","PO Box 1400 Voorhees, NJ 08043 United States",,,,,(856) 768-1330 ext. 335,1400,1400,,https://www.haletrailer.com,Member Get (a-Member);  (),info@scranet.org,,2010,33899
"Hale Trucking, Inc.","80 Doctors Dr. Munford, TN 38058 United States",,,,,(901) 355-4640,38058-6301,38058-6301,,https://,Member Get (a-Member);  (),info@scranet.org,T-Transportation,2015,39908
"Hall Industrial Services, Inc.","1221 E. Murdock Street Wichita, KS 67214-3496 United States",,,,,(316) 945-HALL,1221,1221,,https://www.hallservices.com,Member Get (a-Member);  (),info@scranet.org,C-Crane & RiggingM-MillwrightO-Oil FieldT-Transportation,1992,10074
Hall Trucking Inc,"1086 Hwy 10 E Belfield, ND 58622 United States",,,,,(701) 575-5107,1086,1086,,https://,Member Get (a-Member);  (),info@scranet.org,C-Crane & RiggingI-InternationalO-Oil FieldS-SteelT-Transportation,2020,48219
Hamilton Drayage Inc.,"44 Railroad Street Huntington Station, NY 11746 United States",,,,,(631) 792-1838,11746,11746,,https://www.crhamilton.com,Member Get (a-Member);  (),info@scranet.org,C-Crane & RiggingM-MillwrightT-Transportation,1996,10076
"Hampton Crane Service, Inc.","1499 County Hospital Rd. Nashville, TN 37218 United States",,,,,(615) 256-8733,1499,1499,,https://,Member Get (a-Member);  (),info@scranet.org,C-Crane & RiggingT-Transportation,2015,39799
"Hampton Cranes, Inc.","2903 State Street Bettendorf, IA 52722 United States",,,,,(563) 359-3581,2903,2903,,https://www.hamptoncranesqc.com,Member Get (a-Member);  (),info@scranet.org,C-Crane & Rigging,1972,10077
Hampton Roads Crane & Rigging,"525 J. Clyde Morris Blvd. Newport News, VA 23601 United States",,,,,(757) 595-5838,525,525,,https://www.hamptonroadscrane.com,Member Get (a-Member);  (),info@scranet.org,C-Crane & RiggingM-MillwrightT-Transportation,1984,10078
Harris Heavy Haul Rigging & Rail LLC.,"359 Mission Industrial Dr. Floresville, TX 78114 United States",,,,,(830) 386-6284,359,359,,https://www.harrisheavyhaul.com,Member Get (a-Member);  (),info@scranet.org,C-Crane & RiggingT-Transportation,2023,51419
Harry Fry & Associates,"291 Main Street W. Newbury, MA 01985 United States",,,,,(978) 308-1000,291,291,,https://www.harryfry.com,Member Get (a-Member);  (),info@scranet.org,,1995,10085
Harvey Trucking Services Inc,"6267 Coffman Road Indianapolis, IN 46268 United States",,,,,(317) 429-1647,6267,6267,,https://www.harveyts.com,Member Get (a-Member);  (),info@scranet.org,T-Transportation,2020,47824
"Hastings Truck Company, Inc.","450 Market Avenue SW Grand Rapids, MI 49503 United States",,,,,(616) 774-2828,450,450,,https://www.gelock.com,Member Get (a-Member);  (),info@scranet.org,C-Crane & RiggingM-MillwrightT-Transportation,1948,11197
Hawaiian Crane & Rigging Ltd.,"91-335A Kauhi Street, A Kapolei, HI 96707 United States",,,,,(808) 682-7444,91-335,91-335,,https://www.hawaiiancrane.com,Member Get (a-Member);  (),info@scranet.org,C-Crane & Rigging,1987,10088
Hawthorne Crane Rentals,"2900 Orthodox st. Philadelphia, PA 19137 United States",,,,,(215) 743-3880,2900,2900,,https://www.hawthornecranerentals.com,Member Get (a-Member);  (),info@scranet.org,C-Crane & Rigging,2025,54118
"Hayden-Murphy Equipment Co., Inc.","9301 E. Bloomington Fwy. Minneapolis, MN 55420 United States",,,,,(952) 884-2301,9301,9301,,https://www.hayden-murphy.com,Member Get (a-Member);  (),info@scranet.org,,2015,10089
"HBC-radiomatic, Inc.","1017 Petersburg Rd. Hebron, KY 41048 United States",,,,,(800) 410-4562,1017,1017,,https://www.hbc-usa.com,Member Get (a-Member);  (),info@scranet.org,,2016,41196
Heartland Crane and Rigging LLC,"3613 S County Road 400 W Logansport, IN 46947 United States",,,,,(574) 722-3742,3613,3613,ross@heartlandcrane.com,https://www.heartlandcrane.com,Member Get (a-Member);  (),info@scranet.org,C-Crane & Rigging,2025,54064
Heaton Erecting Inc.,"5237 Jones Rd Forest Park, GA 30928 United States",,,,,(404) 363-3130,5237,5237,CJ@heatonerecting.com,https://www.heatonerecting.com,Member Get (a-Member);  (),info@scranet.org,C-Crane & RiggingT-Transportation,2024,10093
Heavy and Specialized Hauling INC,"7264 hwy 25e Thorn Hill, TN 37881 United States",,,,,(423) 526-7015,7264,7264,,https://,Member Get (a-Member);  (),info@scranet.org,T-Transportation,2025,54348
"Heavy Company, Inc","205 NW 27th Street  P.O. Box 81527 Lincoln, NE 68501 United States",,,,,(402) 435-1234,205,205,troy@heavycompany.com,https://www.heavycompany.com,Member Get (a-Member);  (),info@scranet.org,C-Crane & RiggingM-MillwrightT-Transportation,2016,14202
"Heavy Haul Solutions, LLC","386 Sims Chapel Rd Spartanburg, SC 29306 United States",,,,,(864) 580-1954,386,386,,https://www.heavyhaulsolutions.com,Member Get (a-Member);  (),info@scranet.org,C-Crane & RiggingI-InternationalM-MillwrightS-SteelT-Transportation,2022,49860
"Heavy Iron, LLC","411 Burton Road Lexington, SC 29072 United States",,,,,(803) 358-9191,411,411,,https://www.heavyironsales.com,Member Get (a-Member);  (),info@scranet.org,,2008,31522
Heavy Rigging International,"Cuarta Avenida 604  Parque Industrial Escobedo, NL 66062 Mexico",,,,,+52 8118485012,604,604,jpgutierrez@heavyrigging.mx,https://https://heavyrigging.mx/,Member Get (a-Member);  (),info@scranet.org,C-Crane & RiggingI-International,2024,52711
"HeavyLift Sales, Rentals and Leasing","1967 Wehrle Dr. #1 Buffalo, NY 14221 United States",,,,,(416) 238-6684,1967,1967,,https://www.heavyliftsales.com,Member Get (a-Member);  (),info@scranet.org,,2024,46534
"Heck & Wicker, Inc.","1900 Southern Blvd. Parsons, KS 67357 United States",,,,,(620) 421-3280,1900,1900,,https://www.heckandwicker.com,Member Get (a-Member);  (),info@scranet.org,C-Crane & RiggingM-MillwrightS-SteelT-Transportation,2009,32967
Heffernan Insurance Brokers,"2020 N Central Ave Ste 950 Phoenix, AZ 85004 United States",,,,,(800) 466-6599,2020,2020,,https://www.heffins.com,Member Get (a-Member);  (),info@scranet.org,,2021,49089
Henderson Machinery Moving Inc.,"3446 Mavis Road Mississauga, ON L5C 1T8 Canada",,,,,(905) 270-1243,3446,3446,,https://www.hmmi.ca,Member Get (a-Member);  (),info@scranet.org,C-Crane & RiggingM-MillwrightS-SteelT-Transportation,2011,35290
Hendrickson,"840 S. Frontage Road Woodridge, IL 60517 United States",,,,,(630) 874-9700,840,840,,https://www.hendrickson-intl.com,Member Get (a-Member);  (),info@scranet.org,,1990,10098
Henke Industrial LLC,"7310 Turfway Road  Suite 550 Florence, KY 41042 United States",,,,,(859) 757-8080,7310,7310,jerry.henke@henkeindustrial.com,https://www.henkeindustrial.com,Member Get (a-Member);  (),info@scranet.org,C-Crane & RiggingI-InternationalM-MillwrightT-Transportation,2016,40166
"Hennes Services, Inc.","4100 W. Lincoln Avenue Milwaukee, WI 53215-2345 United States",,,,,(414) 672-3470,4100,4100,,https://www.hennes.us,Member Get (a-Member);  (),info@scranet.org,C-Crane & RiggingM-MillwrightT-Transportation,1949,10100
"Heritage Industrial Services, Inc.","784 Monmouth Rd Cream Ridge, NJ 08514 United States",,,,,(609) 752-0143,784,784,jason@heritageindustrialservices.com,https://www.heritageindustrialservices.com,Member Get (a-Member);  (),info@scranet.org,C-Crane & RiggingM-MillwrightT-Transportation,2014,38326
Hess Services Inc.,"P.O. Box 843 Hays, KS 67601 United States",,,,,(785) 625-9295,843,843,,https://www.hess-services.com,Member Get (a-Member);  (),info@scranet.org,C-Crane & RiggingO-Oil Field,2004,16361
Hiab USA,"12233 Williams Rd Perrysburg, OH 43551 United States",,,,,(419) 482-6000,12233,12233,phillip.johnsonjr@hiab.com,https://www.hiab.us.com,Member Get (a-Member);  (),info@scranet.org,,2025,53048
Higginbotham Insurance & Risk Management,"500 W. 13th Street Fort Worth, TX 76102 United States",,,,,(866) 377-1959,500,500,PHolt@Higginbotham.net,https://www.Higginbotham.net,Member Get (a-Member);  (),info@scranet.org,,2017,43238
High Caliber Cranes,"1888 South Market Street Selinsgrove, PA 17870 United States",,,,,(570) 863-8899,1888,1888,josh@highcalibercranes.com,https://,Member Get (a-Member);  (),info@scranet.org,,2024,51861
High Reach Inc.,"480 Wyecroft Road Oakville, ON L6K2G7 Canada",,,,,(905) 844-4164,480,480,,https://www.highreachinc.com,Member Get (a-Member);  (),info@scranet.org,I-International,2010,13110
High Transit LLC,"P.O. Box 10008 Lancaster, PA 17605-0008 United States",,,,,(717) 390-4211,10008,10008,,https://www.hightransit.com,Member Get (a-Member);  (),info@scranet.org,S-SteelT-Transportation,1988,10104
High Wide & Heavy Oversize Escorts LLC,"323 Loafers Glory View Gray, TN 37615 United States",,,,,(718) 966-7255,323,323,,https://WWW.HIGHWIDENHEAVY.US,Member Get (a-Member);  (),info@scranet.org,,2007,28243
Highway Heavy Hauling,"4101 N. Suttle Rd. Portland, OR 97217 United States",,,,,(503) 747-2222,4101,4101,kristine@hwytransport.com,https://www.hwyheavyhauling.com,Member Get (a-Member);  (),info@scranet.org,T-Transportation,2017,44467
Hill College Truck Driving Academy,"112 Lamar Drive  Suite 77B Hillsboro, TX 76645 United States",,,,,(254) 659-7628,112,112,,https://https://www.hillcollege.edu/JobTraining/TDA/TruckDrivingAcademy.html,Member Get (a-Member);  (),info@scranet.org,,2025,54369
"Hill Crane Service, Inc.","3333 Cherry Avenue Long Beach, CA 90807 United States",,,,,(562) 595-6031,3333,5-500,,https://www.hillcraneservice.com,Member Get (a-Member);  (),info@scranet.org,C-Crane & RiggingO-Oil FieldT-Transportation,1996,10106
"Hill Crane Service, Inc. (B)","2430 South 39th Ave. Phoenix, AZ 85009 United States",,,,,(480) 761-5326,2430,2430,john.simpson@hillcrane.com,https://www.hillcrane.com,Member Get (a-Member);  (),info@scranet.org,C-Crane & RiggingO-Oil FieldT-Transportation,,50256
"Hill Crane Service, Inc. (B)","2675 S. Willow Ave. Bloomington, CA 92316 United States",,,,,(909) 820-9886,2675,2675,,https://www.hillcraneservice.com,Member Get (a-Member);  (),info@scranet.org,C-Crane & RiggingO-Oil FieldT-Transportation,,12247
Hilman Rollers,"12 Timber Lane Marlboro, NJ 07746 United States",,,,,(732) 462-6277,07746,07746,,https://www.hilmanrollers.com,Member Get (a-Member);  (),info@scranet.org,,1976,10108
"HLI Laredo, LLC","102 Pinto Valle Dr.  (281) 826-0094 Laredo, TX 78045 United States",,,,,(281) 882-9107,102,102,,https://www.hli.us.com,Member Get (a-Member);  (),info@scranet.org,C-Crane & RiggingI-InternationalT-Transportation,2018,36204
"HLI Rail & Rigging, LLC","8900 Eastloch Rd.  Suite 205 Spring, TX 77379 United States",,,,,(281) 826-0009,8900,8900,mike@hli.us.com,https://www.hli.us.com,Member Get (a-Member);  (),info@scranet.org,C-Crane & RiggingI-InternationalT-Transportation,2005,21094
"Hohl Industrial Services, Inc.","770 Riverview Blvd. Buffalo, NY 14150 United States",,,,,(716) 332-0466,770,770,,https://www.hohlind.com,Member Get (a-Member);  (),info@scranet.org,C-Crane & RiggingM-MillwrightS-SteelT-Transportation,2000,12311
HoistCam / Netarus,"4855 Brookside Ct. Unit B Norfolk, VA 23502 United States",,,,,(757) 819-4600,4855,4855,,https://www.hoistcam.com,Member Get (a-Member);  (),info@scranet.org,,2024,39408
"Holland Manufacturing Co., Inc.","PO Box 5568 Dothan, AL 36302 United States",,,,,(334) 792-0937,5568,5568,,https://www.hollandmfgcrane.com,Member Get (a-Member);  (),info@scranet.org,C-Crane & RiggingM-Millwright,2006,26142
"Holloway Houston, Inc.","5833 Armour Drive Houston, TX 77020 United States",,,,,(713) 674-5631,5833,5833,,https://www.hhilifting.com,Member Get (a-Member);  (),info@scranet.org,,2011,35333
Holmatro Industrial Equipment,"9 Mallard Lane Londonderry, NH 03053 United States",,,,,(603) 425-3269,03053,03053,kmcleod@holmatro.com,https://www.holmatro.com,Member Get (a-Member);  (),info@scranet.org,,2023,51466
Houchens Insurance Group,"2009 Frederica Street Owensboro, KY 42301 United States",,,,,(270) 282-3949,2009,2009,,https://www.higusa.com,Member Get (a-Member);  (),info@scranet.org,,2023,51292
Houston Freightliner & Western Star,"12802 Crosby Freeway Houston, TX 77049 United States",,,,,(713) 829-3680,12802,12802,Trace.Billet@houstonfreightliner.com,https://www.houstonfreightliner.com,Member Get (a-Member);  (),info@scranet.org,,2024,42735
Hovago Cranes B.V.,"Toermalijnring 2200 Dordrecht, Zuid Holland 3316 LC Netherlands",,,,,(31) 10-8920475,"2200
3316","2200
3316",,https://www.hovago.com,Member Get (a-Member);  (),info@scranet.org,C-Crane & Rigging,1996,10114
"Howard I. Shapiro & Associates Consulting Engineers, P.C.","266 Merrick Road  Suite 300 Lynbrook, NY 11563 United States",,,,,(516) 791-2600,266,266,,https://www.HISAssoc.com,Member Get (a-Member);  (),info@scranet.org,,1972,10863
"Howard L. Bowers Contracting Co., Inc.","324 Two Ridge Road  P.O. Box 2249 Wintersville, OH 43953 United States",,,,,(740) 264-7731,324,324,,"Additional Information
SERVICE PROVIDED - Crane service and rental thru 120 ton - Rigging - Riggers Lifts thru 30 ton - Machinery Moving and Erecting - Lowbeds thru 13 axle - Dump Trucks - Dump Trailers - Piledriving - Forklifts - Aerial Lifts - River Dock Facilities at Ohio River Mile 65.5 - Barge Loading and Unloading Service - Indoor and Outdoor Secure Storage Facilities available.
Visit our www.bowerscontracting.net",Member Get (a-Member);  (),info@scranet.org,C-Crane & RiggingM-MillwrightT-Transportation,1995,10956
"HSI: Hanes Supply, Inc.","55 James E. Casey Drive Buffalo, NY 14206 United States",,,,,(716) 826-2636,14206,14206,,https://www.hanessupply.com,Member Get (a-Member);  (),info@scranet.org,,1998,10079
"HTS Direct, LLC","1310 Kalamazoo Street South Haven, MI 49090 United States",,,,,(616) 591-3945,1310,1310,will@hts-direct.com,https://www.hts-direct.com,Member Get (a-Member);  (),info@scranet.org,,2023,43007
Hub,"601 N Mesa El Paso, TX 79901 United States",,,,,(915) 328-6847,601,601,,https://www.hubinternational.com,Member Get (a-Member);  (),info@scranet.org,,2025,53982
Hub International Mid-South,"1770 Kirby Parkway  Suite 320 Memphis, TN 38138 United States",,,,,(901) 312-5300,1770,1770,,https://www.hmpins.com,Member Get (a-Member);  (),info@scranet.org,,2013,36994
"Huddleston Machinery Moving, Inc","7800 E 12th Street Kansas City, MO 64126 United States",,,,,(816) 231-4147,7800,7800,huddlestonkc@hmmkc.com,https://www.huddlestonmachinerymoving.com,Member Get (a-Member);  (),info@scranet.org,C-Crane & RiggingM-MillwrightS-SteelT-Transportation,2015,13107
HWP Rigging,"5484 Brown Ave St. Louis, MO 63120 United States",,,,,(314) 436-9019,5484,5484,,https://www.hwprigging.com,Member Get (a-Member);  (),info@scranet.org,C-Crane & RiggingM-MillwrightT-Transportation,1998,10120
Hydra-Slide Ltd.,"84 Royal Rd. Guelph, ON N1H 1G3 Canada",,,,,(519) 900-1450,(519) 900-1450,(519) 900-1450,,https://www.hydra-slide.com,Member Get (a-Member);  (),info@scranet.org,,2011,34989
Hydraulic Skidding Systems Industrial Inc.,"PO Box 602  12 Highlander Street St. George, ON N0E 1N0 Canada",,,,,(519) 448-3919,"602
12","602
12",,https://www.hydraulicskiddingsystems.com,Member Get (a-Member);  (),info@scranet.org,,2018,44627
Hydraulic Technologies,"5885 11th Street Rockford, IL 61109 United States",,,,,(330) 212-7960,5885 11,5885 11,,https://www.spxflow.com,Member Get (a-Member);  (),info@scranet.org,,2023,50433
"I.B. Dickinson & Sons, Inc.","1089 Van Reed Road Reading, PA 19605 United States",,,,,(610) 376-6367,1089,1089,,https://www.ibdickinson.com,Member Get (a-Member);  (),info@scranet.org,C-Crane & Rigging,2010,14186
I3 Verticals,"8961 E Bell Road Scottsdale, AZ 85260 United States",,,,,(480) 682-3791,8961,8961,,https://www.celtic.bz,Member Get (a-Member);  (),info@scranet.org,,2018,38202
IC&EE - Parts & Service,"4300 Little York Houston, TX 77093 United States",,,,,(713) 926-1100,4300,4300,steve@ic-ee.com,https://www.ic-ee.com,Member Get (a-Member);  (),info@scranet.org,,2017,43235
ICC Forensics LLC,"800 Bonaventure Way  Suite 149 Sugar Land, TX 77479 United States",,,,,(713) 902-6997,800,800,jwiethorn@iccsafetysolutions.com,https://iccsafetysolutions.com/,Member Get (a-Member);  (),info@scranet.org,,2021,48426
"ICE Service Group, Inc.","238 Moon Clinton Road 2nd Floor  Suite 200 Coraopolis, PA 15108 United States",,,,,(724) 650-6863,238,238,gchirgott@iceservicegroup.com,https://www.iceservicegroup.com,Member Get (a-Member);  (),info@scranet.org,T-Transportation,2023,51228
Iconic Crane & Rigging,"1817 7th Street Macon, GA 31208 United States",,,,,(478) 258-0827,1817 7,1817 7,Jacob@iconiccrane.com,https://www.iconiccrane.com,Member Get (a-Member);  (),info@scranet.org,C-Crane & RiggingT-Transportation,2025,53997
"Ideal Crane Rental, Inc.","4349 Acker Rd. Madison, WI 53704 United States",,,,,(608) 241-4092,4349,4349,,https://www.idealcranerental.com,Member Get (a-Member);  (),info@scranet.org,C-Crane & RiggingT-Transportation,1986,10124
"Ideal Crane Rental, Inc. (B)","2601 S. Washburn St Oshkosh, WI 54904 United States",,,,,(920) 235-2411,2601,2601,,https://www.idealcranerental.com,Member Get (a-Member);  (),info@scranet.org,C-Crane & RiggingT-Transportation,,27853
"Ideal Crane Rental, Inc. (B)","2030 Cofrin Drive Green Bay, WI 54304 United States",,,,,(920) 212-4103,2030,2030,,https://www.idealcranerental.com,Member Get (a-Member);  (),info@scranet.org,C-Crane & RiggingT-Transportation,,51386
"Ideal Crane Rental, Inc. (B)","12120 West Wirth Street Milwaukee, WI 53222 United States",,,,,(414) 463-5438,12120,12120,,https://www.idealcranerental.com,Member Get (a-Member);  (),info@scranet.org,C-Crane & RiggingT-Transportation,,12251
"Ideal Crane Rental, Inc. (B)","2430 Plover Road Plover, WI 54467 United States",,,,,(715) 496-2112,2430,2430,,https://www.idealcranerental.com,Member Get (a-Member);  (),info@scranet.org,C-Crane & RiggingT-Transportation,,52745
"Ideal Crane Rental, Inc. (B)","3090 Berlin Dr. LaCrosse, WI 54601 United States",,,,,(608) 784-4862,3090,3090,,https://www.idealcranerental.com,Member Get (a-Member);  (),info@scranet.org,C-Crane & RiggingT-Transportation,,14762
"ILoca Services, Inc.","9S104 Frontenac Street Aurora, IL 60504 United States",,,,,(630) 618-5121,104,104,sales@semitrailers.net,https://www.semitrailers.net,Member Get (a-Member);  (),info@scranet.org,,2021,38643
IMA,"10400 NE 4th St.  Suite 900 Bellevue, WA 98004 United States",,,,,(360) 951-0012,10400,10400,david.goldsmith@imacorp.com,https://https://imacorp.com/,Member Get (a-Member);  (),info@scranet.org,,2025,53744
IMA Solutions & Rigging,"Carr. Aguascalientes-Villa Hidalgo KM 4. Aguascalientes, Aguascalientes 20317 Mexico",,,,,+52(449)9941519,"4.
20317","4.
20317",,https://www.solucionesima.com,Member Get (a-Member);  (),info@scranet.org,C-Crane & RiggingT-Transportation,2018,45440
"Imperatore Steel Erectors, Inc.","2550 Plainfield Pike Cranston, RI 02921 United States",,,,,(401)942-7790,2550,2550,,https://www.imperatorecrane.com,Member Get (a-Member);  (),info@scranet.org,C-Crane & Rigging,2001,13290
Industrial Builders Inc,"PO Box 406 Fargo, ND 58107 United States",,,,,(701) 282-4977,406,406,,https://www.industrialbuilders.com,Member Get (a-Member);  (),info@scranet.org,C-Crane & RiggingM-MillwrightS-SteelT-Transportation,2008,18587
Industrial Contracting & Rigging,"39  Ramapo Valley Road Mahwah, NJ 07430 United States",,,,,(201) 529-5111,07430,07430,,https://,Member Get (a-Member);  (),info@scranet.org,C-Crane & RiggingM-MillwrightT-Transportation,1994,10128
"Industrial Logistics Services, Inc.","3868 Goni Road Carson City, NV 89706-0651 United States",,,,,(775) 882-3319,3868,3868,,https://www.machinerymovingnv.com,Member Get (a-Member);  (),info@scranet.org,C-Crane & RiggingM-MillwrightT-Transportation,1999,10131
Industrial Maintenance & Service Corp.,"1617 Willis Road Richmond, VA 23237 United States",,,,,(804) 743-1155,1617,1617,,https://www.imscorponline.com,Member Get (a-Member);  (),info@scranet.org,C-Crane & RiggingM-MillwrightT-Transportation,1984,10133
Industrial Rigging Solutions,"Unit 12 N1 Industrial Park  5 Sixteenth St Elsies River, Cape Town WC 7490 South Africa",,,,,27832762033,7490,7490,info@i-rigging.com,https://www.i-rigging.com,Member Get (a-Member);  (),info@scranet.org,C-Crane & RiggingI-International,2025,52978
"Industrial Transfer & Storage, Inc. (B)","342 Compass Circle #B4 North Kingstown, RI 02852 United States",,,,,(508) 765-9178,342,342,,https://,Member Get (a-Member);  (),info@scranet.org,C-Crane & RiggingM-MillwrightT-Transportation,,51388
"Industrias Murtra Cadenas, SL","Jordi Camp 94 Granollers,  08403 Spain",,,,,+34691401317,"94
08403","94
08403",,https://,Member Get (a-Member);  (),info@scranet.org,,2026,54708
"Industry Erectors, Inc.","8930 Lowell Snohomish River Rd Snohomish, WA 98290 United States",,,,,(425) 879-9781,8930,8930,,https://www.industryerectors.com,Member Get (a-Member);  (),info@scranet.org,C-Crane & Rigging,2025,53497
"Inland Crane, Inc.","6931 Supply Way Boise, ID 83716 United States",,,,,(208) 345-9508,6931,6931,,https://www.inlandcrane.com/,Member Get (a-Member);  (),info@scranet.org,C-Crane & Rigging,2020,48322
International Industrial Contracting Corporation,"35900 Mound Road Sterling Heights, MI 48310 United States",,,,,(586) 264-7070,35900,35900,,https://www.iiccusa.com,Member Get (a-Member);  (),info@scranet.org,C-Crane & RiggingI-InternationalM-MillwrightT-Transportation,1976,10145
International Industrial Contracting Corporation (B),"Av. Isidoro Sepulveda 605  Regio Parque Industrial Apodaca, Nuevo Leon 66600 Mexico",,,,,+81 8008 0162,605,605,,https://www.iiccusa.com,Member Get (a-Member);  (),info@scranet.org,C-Crane & RiggingI-InternationalM-MillwrightT-Transportation,,27720
International Industrial Contracting Corporation (B),"37 Murray Drive Tullahoma, TN 37388 United States",,,,,(615) 793-7070,37388,37388,,https://www.iiccusa.com,Member Get (a-Member);  (),info@scranet.org,C-Crane & RiggingI-InternationalM-MillwrightT-Transportation,,20229
International Union of Operating Engineers (I.U.O.E.),"1125 17th Street, N.W. Washington, DC 20036 United States",,,,,(202) 251-4447,1125 17,1125 17,,https://www.iuoe.org,Member Get (a-Member);  (),info@scranet.org,,2018,11304
International Union of Operating Engineers Local 4,"16 Trotter Drive Medway, MA 02053 United States",,,,,(508) 533-1433,02053,02053,,https://www.iuoelocal4.org,Member Get (a-Member);  (),info@scranet.org,C-Crane & Rigging,2021,48467
IRH,"P.O. Box 27163  961 South Pioneer Road Salt Lake City, UT 84127 United States",,,,,(801) 972-5581,"27163
961","27163
961",,https://www.irhusa.com,Member Get (a-Member);  (),info@scranet.org,C-Crane & RiggingM-MillwrightT-Transportation,1990,10142
IRM Industry Movers,"Conjunto Industrial Luxar  #16368 Int. 4 Santiago De Querataro, Queretaro 76220 Mexico",,,,,+52 (442) 2946320,16368,16368,c.morales@irmindustrial.com,https://www.irmindustrial.com,Member Get (a-Member);  (),info@scranet.org,C-Crane & RiggingI-InternationalM-MillwrightT-Transportation,2013,37865
"IRM Industry Movers, Inc. (B)","11601 Pellicano Dr.  Suite B16 El Paso, TX 79928 United States",,,,,(915) 300-3617,11601,11601,c.morales@irmindustrial.com,https://www.irmindustrial.com,Member Get (a-Member);  (),info@scranet.org,C-Crane & RiggingI-InternationalM-MillwrightT-Transportation,,41102
Irontech Industrial Contractors Inc.,"Road 127 Km 17.3, Penuelas Penuelas, PR 00624 United States",,,,,(787) 836-3232,127,127,sammy@irontechpr.com,https://www.irontechgroup.com,Member Get (a-Member);  (),info@scranet.org,C-Crane & RiggingI-InternationalS-SteelT-Transportation,2024,51864
Ironworker Management Progressive Action Cooperative Trust (IMPACT),"1750 New York Ave. N.W.  Lobby Washington, DC 20006 United States",,,,,(202) 393-1147,1750,1750,,https://www.impact-net.org,Member Get (a-Member);  (),info@scranet.org,,2009,16893
Irving Equipment Limited,"P.O. Box 3400 Saint John, NB E2M 4X9 Canada",,,,,(506) 635-5555,3400,3400,,https://www.irvingequipment.com,Member Get (a-Member);  (),info@scranet.org,C-Crane & RiggingI-InternationalT-Transportation,1978,10152
"ITI, An Interplay Company","9428 Old Pacific Highway Woodland, WA 98674 United States",,,,,(360) 225-1100,9428,9428,,https://www.iti.com,Member Get (a-Member);  (),info@scranet.org,,2013,16013
IUOE Local 15 Training Center,"160-50 Lefferts Blvd. Ozone Park, NY 11420 United States",,,,,(718) 835-0400,160-50,160-50,patrickp@iuoe15.org,https://,Member Get (a-Member);  (),info@scranet.org,C-Crane & Rigging,2019,46249
IUOE Local 302,"18701 120th Ave NE Bothell, WA 98011 United States",,,,,(425) 806-0302,18701 120,18701 120,,https://www.iuoe302.com,Member Get (a-Member);  (),info@scranet.org,C-Crane & Rigging,2020,47812
IUOE Local 612,"1555 S. Fawcett Ave Tacoma, WA 98402 United States",,,,,(253) 572-9612,1555,1555,todd@iuoe612.org,https://www.iuoelocal612.org,Member Get (a-Member);  (),info@scranet.org,C-Crane & Rigging,2020,48256
IUOE Local 701,"555 E. First Street Gladstone, OR 97027 United States",,,,,(503) 650-7701,555,555,,https://www.iuoe701.com,Member Get (a-Member);  (),info@scranet.org,C-Crane & Rigging,2018,44815
"Izzi Trucking and Rigging, Inc.","116 Truman Drive Edison, NJ 08817-2425 United States",,,,,(732) 819-8100,116,116,,https://www.izzirigging.com,Member Get (a-Member);  (),info@scranet.org,C-Crane & RiggingM-MillwrightS-SteelT-Transportation,1990,10153
J and D Equipment Hauling,"3470 West Richmond Shop Rd Lebanon, TN 37090 United States",,,,,(615) 453-8444,3470,3470,,https://www.jdseh.com,Member Get (a-Member);  (),info@scranet.org,T-Transportation,2008,27589
"J Mor Machinery Movers, Inc.","6108 Anglin Dr. Fort Worth, TX 76119 United States",,,,,(817) 293-1680,6108,6108,,https://www.JMorMachineryMovers.com,Member Get (a-Member);  (),info@scranet.org,C-Crane & RiggingI-InternationalM-MillwrightT-Transportation,2017,43561
"J Mor Machinery Movers, Inc. (B)","13903 Huffmeister Rd. Houston, TX 77429 United States",,,,,(346) 566-5916,13903,13903,masten@jmorinc.com,https://www.JMorMachineryMovers.com,Member Get (a-Member);  (),info@scranet.org,C-Crane & RiggingI-InternationalM-MillwrightT-Transportation,,51498
"J&B Heavy Haul, Inc.","2724 S. Vermont Ave Oklahoma City, OK 73108 United States",,,,,(405) 702-8890,2724,2724,,https://www.jandbheavyhaul.com,Member Get (a-Member);  (),info@scranet.org,C-Crane & RiggingT-Transportation,2019,46208
"J&B Pavelka, Inc.","3205 Hwy 44 Robstown, TX 78380 United States",,,,,(361) 387-5010,3205,3205,,https://www.jbpavelkainc.com,Member Get (a-Member);  (),info@scranet.org,,2009,32453
"J&B Pavelka, Inc. (B)","11113 Wallisville Road Houston, TX 77013 United States",,,,,(713) 670-0733,11113,11113,,https://www.jbpavelkainc.com,Member Get (a-Member);  (),info@scranet.org,,,41272
"J&R Engineering Co., Inc.","538 Oakland Avenue  P.O. Box 447 Mukwonago, WI 53149 United States",,,,,(262) 363-9660,538,538,,https://www.jrengco.com,Member Get (a-Member);  (),info@scranet.org,,1988,10160
J. Haugh Cranes Inc.,"1517 Pennsylvania Ave Linden, NJ 07036 United States",,,,,(732) 606-6164,1517,1517,,https://www.jhaughcranes.com,Member Get (a-Member);  (),info@scranet.org,C-Crane & Rigging,2021,48641
J. Lalonde Machinery Movers Ltd.,"1225 Scugog Line 6 Port Perry, ON L9L 0C3 Canada",,,,,(416) 285-0024,1225,1225,,https://www.lalondemachinerymovers.com,Member Get (a-Member);  (),info@scranet.org,C-Crane & RiggingT-Transportation,1989,10232
"J.E. Oswalt & Sons Heavy Hauling & Rigging, Inc.","1531 Chinquapin Church Rd. Batesburg, SC 29006 United States",,,,,(803) 532-5121,1531,1531,,https://www.oswaltmoves.com,Member Get (a-Member);  (),info@scranet.org,C-Crane & RiggingT-Transportation,1989,10780
"J.K. Hackl Transportation Services, Inc.","2833 La Rue Fields Lane Sun Prairie, WI 53590 United States",,,,,(608) 834-8756,2833,2833,,https://www.jkhackl.com,Member Get (a-Member);  (),info@scranet.org,T-Transportation,1991,10069
"J.L. Dobbs, Inc.","P.O. Box 516 Thorofare, NJ 08086 United States",,,,,(856) 686-9090,516,516,,https://www.dobbscrane.com,Member Get (a-Member);  (),info@scranet.org,C-Crane & RiggingT-Transportation,1997,10478
"J.V. Rigging, Inc.","150 Nova Drive Leechburg, PA 15656 United States",,,,,(724) 339-8900,150,150,,https://www.jvrigging.com,Member Get (a-Member);  (),info@scranet.org,C-Crane & RiggingM-MillwrightT-Transportation,1986,10155
Jack O. Blair Corporation,"330 Rayford Road  #260 Spring, TX 77386 United States",,,,,(832) 928-9655,330,330,,https://,Member Get (a-Member);  (),info@scranet.org,,2023,49135
JAGwire Management,"28345 Beck Road  Suite 209 Wixom, MI 48393 United States",,,,,(313) 608-3884,28345,28345,,https://www.jagwiremanagement.com,Member Get (a-Member);  (),info@scranet.org,,2018,44632
"Jan Packaging, Inc.","P.O. Box 448 Dover, NJ 07802 United States",,,,,(973) 361-7200,448,448,,https://janpackaging.com/home.html,Member Get (a-Member);  (),info@scranet.org,C-Crane & RiggingT-Transportation,1982,10163
JC-Duggan Inc.,"320 Maspeth Avenue Brooklyn, NY 11211-1704 United States",,,,,(718) 384-3260,320,320,,https://,Member Get (a-Member);  (),info@scranet.org,C-Crane & RiggingM-MillwrightT-Transportation,1979,10154
Jeff Martin Auctioneers,"2236 Hwy 49 Brooklyn, MS 39425 United States",,,,,(601) 508-6207,2236,2236,bryan.c@jeffmartinauctioneers.com,https://www.jeffmartinauctioneers.com,Member Get (a-Member);  (),info@scranet.org,,2022,50346
"Jeffers Crane Service, Inc.","5421 Navarre Ave. Oregon, OH 43616 United States",,,,,(419) 693-0421,5421,5421,,https://www.allcrane.com,Member Get (a-Member);  (),info@scranet.org,C-Crane & RiggingT-Transportation,1987,10165
"Jeffers Crane Service, Inc. (B)","1119 S. Metcalf St. Lima, OH 45804 United States",,,,,(419) 223-9010,1119,1119,ryan.stoner@allcrane.com,https://www.allcrane.com,Member Get (a-Member);  (),info@scranet.org,C-Crane & RiggingT-Transportation,,11025
Jensen Trucking LLC,"8055N Highway 191 Vernal, UT 84078 United States",,,,,(907) 388-4456,8055,8055,,https://,Member Get (a-Member);  (),info@scranet.org,O-Oil FieldT-Transportation,2025,53820
Jetco Delivery,"3010 Aldine Bender Road Houston, TX 77020 United States",,,,,(713) 676-1111,3010,3010,,https://www.jetcodelivery.com,Member Get (a-Member);  (),info@scranet.org,O-Oil FieldS-SteelT-Transportation,2019,23274
JHam Group Consulting LLC,"416 S. Bethlehem Pike  Suite B Fort Washington, PA 19034 United States",,,,,(267) 705-2741,416,416,jh@jhamgrp.com,https://www.jhamgrp.com,Member Get (a-Member);  (),info@scranet.org,,2016,42762
Jim's Heavy Hauling LLC,"4309 Ironside Lane Saint Louis, MO 63128 United States",,,,,(314) 939-1065,4309,4309,,https://,Member Get (a-Member);  (),info@scranet.org,T-Transportation,2014,38655
JJ Curran Crane Company,"865 S. Fort Street Detroit, MI 48217 United States",,,,,(313) 842-1700,865,865,,https://www.jjcurran.com,Member Get (a-Member);  (),info@scranet.org,C-Crane & Rigging,1977,10006
JJ Curran Crane Company (B),"7428 Kensington Rd. Brighton, MI 48217 United States",,,,,(313) 842-1700,7428,7428,,https://www.jjcurran.com,Member Get (a-Member);  (),info@scranet.org,C-Crane & Rigging,,50415
"JJC Industrial Services, Inc.","Las Violetas 3C Vega Alta,  00692 Puerto Rico",,,,,(787) 883-5260,00692,00692,,https://www.jjcindustrial.com,Member Get (a-Member);  (),info@scranet.org,C-Crane & RiggingI-InternationalM-MillwrightT-Transportation,1996,10171
"JJC Industrial Services, Inc. (B)","Calle Club Activo 20/30 #62  Ensanche Ozama Santo Domingo,   Dominican Republic",,,,,(787) 883-5260,(787) 883-5260,(787) 883-5260,,https://www.jjcindustrial.com,Member Get (a-Member);  (),info@scranet.org,C-Crane & RiggingI-InternationalM-MillwrightT-Transportation,,39605
JMG Cranes S.P.A,"Via Sito Nuovo 14 Sarmato, Emilia Romagna 29010 Italy",,,,,+3905238486,"14
29010","14
29010",,https://www.jmgcranesamerica.com,Member Get (a-Member);  (),info@scranet.org,,2018,44575
"John M. Mullins Rigging & Hauling, Inc.","1 Pine Street Green Island, NY 12183 United States",,,,,(518) 273-0771,12183,12183,,https://www.mullinsrigging.com,Member Get (a-Member);  (),info@scranet.org,C-Crane & RiggingM-MillwrightT-Transportation,2012,36652
"Johnny Coe, Inc.","9470A Barrel Factory Road Hastings, FL 32145 United States",,,,,(386) 937-0000,9470,9470,,https://www.Johnnycoe.com,Member Get (a-Member);  (),info@scranet.org,T-Transportation,2024,51608
Jordan Carriers,"170 Hwy 61 South Natchez, MS 39120 United States",,,,,(601) 446-1044,170,170,charleya@jordancarriers.com,https://www.jordancarriers.com,Member Get (a-Member);  (),info@scranet.org,T-Transportation,2023,51556
JOST Cranes GmbH & Co. KG,"Herzogplatz 30 Zorneding,  85604 Germany",,,,,+49 172 8922493,"30
85604","30
85604",,https://www.jostcranes.de,Member Get (a-Member);  (),info@scranet.org,C-Crane & RiggingI-InternationalT-Transportation,2014,38358
Joyce Crane,"P.O. Box 8466 Longview, TX 75607 United States",,,,,(903) 757-3061,8466,8466,,https://www.joycecrane.com,Member Get (a-Member);  (),info@scranet.org,C-Crane & Rigging,1997,10185
JPG 28 Specialized TX LLC,"900 N Lenora Rd.  Bldg 7E Moorestown, NJ 08057 United States",,,,,(443) 553-4851,900,900,jpgarcia@jpg28spzd.com,https://,Member Get (a-Member);  (),info@scranet.org,C-Crane & RiggingT-Transportation,2025,54399
"JPW Erectors, Inc.","6376 Thompson Road Syracuse, NY 13206 United States",,,,,(315) 432-1111,6376,6376,,https://www.jpwriggers.com,Member Get (a-Member);  (),info@scranet.org,C-Crane & RiggingT-Transportation,2024,10186
JRN Engineering LLC,"52 Galway Drive Cartesville, GA 30120 United States",,,,,(817) 914-3616,30120-5201,30120-5201,,https://www.jrn-engineering.com,Member Get (a-Member);  (),info@scranet.org,,2026,54637
JYC Equipment,"20900 NE 30th Ave  Suite 200 Miami, FL 33180 United States",,,,,(954) 323-8740,20900,20900,jcordoba@jycexports.com,https://www.jycexports.com,Member Get (a-Member);  (),info@scranet.org,,2024,41472
Kalyn Siebert,"1505 West Main Street Gatesville, TX 76528 United States",,,,,(254) 865-7235,1505,1505,,https://www.kalynsiebert.com,Member Get (a-Member);  (),info@scranet.org,,1989,10192
Karim's Institute for Health and Safety Training,"#156-158 Coffee Street San Fernando,   Trinidad",,,,,(868) 652-3383,156-158,156-158,,https://,Member Get (a-Member);  (),info@scranet.org,,2020,32558
Kauff's Transportation Systems,"4701 East Ave West Palm Beach, FL 33407 United States",,,,,(561) 753-5348,4701,4701,,https://www.kauffstransportation.com,Member Get (a-Member);  (),info@scranet.org,T-Transportation,2021,29991
KD Equipment Sales,"11910 Dexter-Chelsea Road Chelsea, MI 48118 United States",,,,,(734) 904-9117,11910,11910,,https://www.kdequipmentsales.com,Member Get (a-Member);  (),info@scranet.org,,2025,53309
KD Specialized,"2020 S. Nursery Rd. Irving, TX 75060 United States",,,,,(320) 895-0348,2020,2020,,https://www.kdspecialized.com,Member Get (a-Member);  (),info@scranet.org,T-Transportation,2024,51695
"Kelley Equipment Co. Of Florida, Inc.","4140 118th Ave., North Clearwater, FL 33762 United States",,,,,(727) 571-4100,4140 118,4140 118,,https://www.kelleyequipment.com,Member Get (a-Member);  (),info@scranet.org,C-Crane & RiggingT-Transportation,1993,10195
Kelly Crane Consultants,"103 W Franklin St Pleasant Hill, OH 45359 United States",,,,,(937) 570-6531,103,103,Gary@nationalcraneinsp.com,https://www.Kellycraneconsultants.net,Member Get (a-Member);  (),info@scranet.org,,2025,53599
"Kenco Bucket Trucks, LLC","5901 Bayway Drive Baytown, TX 77520 United States",,,,,(281) 459-3100,5901,5901,,https://www.highloads.com,Member Get (a-Member);  (),info@scranet.org,,2010,16244
Kennedy Wire Rope & Sling Company,"302 Flato Road Corpus Christi, TX 78405 United States",,,,,(361) 289-1444,302,302,aaron@kwrs.com,https://www.kwrs.com,Member Get (a-Member);  (),info@scranet.org,,2017,44178
Keystone Structural Concrete,"16575 Village Dr. Houston, TX 77040 United States",,,,,(713) 856-9530,16575,16575,,https://,Member Get (a-Member);  (),info@scranet.org,C-Crane & Rigging,2019,46179
KG Industries Ltd.,"725 Hwy 3 Cawston, BC V0X 1C3 Canada",,,,,(250) 499-2492,725,725,lukegenberg@kgi.ca,https://www.kgi.ca,Member Get (a-Member);  (),info@scranet.org,,2017,43202
KHL Group,"KHL Group Ltd.  Southfields, Southview Road Wadhurst/East Sussex,  TN5 6TP United Kingdom",,,,,(44) 1 892-784088,5 6,5 6,,https://www.khl.com,Member Get (a-Member);  (),info@scranet.org,,1992,10143
KHL Group Americas,"14269 N 87th St. Phoenix, AZ 85260 United States",,,,,(480) 659-0578,3726,3726,,https://www.khl.com,Member Get (a-Member);  (),info@scranet.org,,2005,16427
Kiewit Crane Services,"10055 Trainstation Circle Lone Tree, CO 80124 United States",,,,,(303) 265-0200,10055,10055,brad.martin@kiewit.com,https://,Member Get (a-Member);  (),info@scranet.org,C-Crane & RiggingT-Transportation,2015,41001
Kinderknop Specialized Hauling Inc.,"P.O. Box 449  250 Grand Street Hamburg, PA 19526 United States",,,,,(610) 562-0800,"449
250","449
250",,https://www.kmxintl.com,Member Get (a-Member);  (),info@scranet.org,C-Crane & RiggingO-Oil FieldS-SteelT-Transportation,1983,11237
Kinetic Custom Trailers,"110-272 Dawson Ave. Penticton, BC V2A 3N6 Canada",,,,,(250) 486-2121,110-272,110-272,tlibby@kinetictrailer.com,https://www.kinetictrailer.com,Member Get (a-Member);  (),info@scranet.org,,2023,51516
"Kirby-Smith Machinery, Inc.","6715 W. Reno Oklahoma City, OK 73127 United States",,,,,(405) 495-7820,6715,6715,,https://www.kirby-smith.com,Member Get (a-Member);  (),info@scranet.org,,2001,13474
Kitchen's Crane & Equipment,"8436 Kintail Dr. Chesterfield, VA 23838 United States",,,,,(804) 814-4844,8436,8436,,https://www.kitchensequipment.com,Member Get (a-Member);  (),info@scranet.org,,2007,20371
Kito Crosby,"2023 Exchange Dr. Arlington, TX 76011 United States",,,,,(918) 231-9994,2600,2600,,https://www.kitocrosby.com,Member Get (a-Member);  (),info@scranet.org,,1972,10438
Kiwi Cranes LLC,"1711 Galleon Oaks Dr. Katy, TX 77450 United States",,,,,(713) 303-1085,1711,1711,grant@kiwicranes.com,https://www.kiwicranes.com,Member Get (a-Member);  (),info@scranet.org,,2023,51211
KMJ Industrial Contractors Inc.,"2000 N. Talbot Rd. Oldcastle, ON N9G 0C1 Canada",,,,,(519) 737-6120,2000,2000,,https://www.kmjindustrialcontractors.com,Member Get (a-Member);  (),info@scranet.org,C-Crane & RiggingI-InternationalM-Millwright,1991,10406
KMJ Industrial Contractors Inc. (B),"216 Wilkinson Road Brampton, ON L6T 4M4 Canada",,,,,(416) 702-6477,216,216,,https://www.kmjindustrialcontractors.com,Member Get (a-Member);  (),info@scranet.org,C-Crane & RiggingI-InternationalM-Millwright,,43217
KMX International,"2nd and Grand Streets  P O Box 449 Hamburg, PA 19526 United States",,,,,(610) 562-0800,449,449,,https://www.kmxintl.com,Member Get (a-Member);  (),info@scranet.org,C-Crane & RiggingI-InternationalM-MillwrightT-Transportation,1961,10209
Kobelco Construction Machinery USA (KCMU),"22370 Merchants Way  Ste. 100 Katy, TX 77449 United States",,,,,(281) 888-8430,22370,22370,,https://www.kcmu-cranes.com,Member Get (a-Member);  (),info@scranet.org,,1992,10210
Krank Limited,"Office 02-29, The Bradfield Centre  184 Cambridge Science Park Rd Cambridge, Cambridgeshire CB4 0GA United Kingdom",,,,,07939545457,02-29,02-29,,"https://www.krank.com

",Member Get (a-Member);  (),info@scranet.org,,2022,49678
L&L Construction Inc.,"1040 California Rd. Quakertown, PA 18951 United States",,,,,(215) 536-9361,1040,1040,,https://,Member Get (a-Member);  (),info@scranet.org,C-Crane & RiggingT-Transportation,2019,47146
L&M Crane & Rigging,"1013 Long Island Ave. Deer Park, NY 11729 United States",,,,,(516) 546-3725,11520,11520,,https://www.lmcrane.com,Member Get (a-Member);  (),info@scranet.org,C-Crane & RiggingM-Millwright,2023,51552
L.A Crane and Hoist Inspection,"18739 Laurel Hills Drive New Caney,  77357 United States",,,,,(949) 519-7088,18739,18739,Leerunez@craneandhoistinspections.com,https://www.craneandhoistinspections.com,Member Get (a-Member);  (),info@scranet.org,,2025,53298
"L.P.W.-I., Inc. Industrial Contractors","P.O. Box 2790 Davenport, IA 52809 United States",,,,,(563) 386-5794,2790,2790,,https://www.lpw-i.com,Member Get (a-Member);  (),info@scranet.org,C-Crane & RiggingM-MillwrightT-Transportation,1988,10229
L.R. Willson & Sons,"P.O. Box 227 Gambrills, MD 21054-0227 United States",,,,,(410) 987-5414,227,227,,https://,Member Get (a-Member);  (),info@scranet.org,C-Crane & Rigging,2002,13637
"La Grange Crane Service, Inc.","6180 River Rd. Hodgkins, IL 60525 United States",,,,,(708) 354-3510,6180,6180,mbell@lagrangecrane.com,https://www.lagrangecrane.com,Member Get (a-Member);  (),info@scranet.org,C-Crane & Rigging,2013,37662
La Rosa Del Monte,"P.O. Box 2358 Toa Baja, PR 00951-2358 Puerto Rico",,,,,(787) 780-5775,2358,2358,rigging@larosadelmonte.com,https://www.larosadelmonterigging.com,Member Get (a-Member);  (),info@scranet.org,C-Crane & RiggingI-InternationalT-Transportation,2003,16214
"Lake Michigan Carferry, Inc.","701 Maritime Drive Ludington, MI 49431 United States",,,,,(231) 843-7239,701,701,,https://www.ssbadger.com,Member Get (a-Member);  (),info@scranet.org,T-Transportation,2025,10230
"Lakenen Crane and Rigging Service, LLC","120 Industrial Drive Marquette, MI 49855 United States",,,,,(906) 361-4561,120,120,walker@lakenencrane.com,https://Www.lakenencrane.com,Member Get (a-Member);  (),info@scranet.org,C-Crane & RiggingM-Millwright,2023,50849
"Lampson International, LLC","P.O. Box 6510  607 E. Columbia Drive Kennewick, WA 99336 United States",,,,,(509) 586-0411,"6510
607","6510
607",,https://www.lampsoncrane.com,Member Get (a-Member);  (),info@scranet.org,C-Crane & RiggingT-Transportation,1998,10234
"Lampson International, LLC. (B)","20 Lampson Avenue  PO Box 510 Beiseker, AB T0M 0G0 Canada",,,,,(403) 947-2222,510,510,,https://www.lampsoncrane.com,Member Get (a-Member);  (),info@scranet.org,C-Crane & RiggingT-Transportation,,13885
"Lampson International, LLC. (B)","4305 E. 60th Ave. Commerce City, CO 80022 United States",,,,,(303) 286-1000,4305,4305,,https://www.lampsoncrane.com,Member Get (a-Member);  (),info@scranet.org,C-Crane & RiggingT-Transportation,,13881
"Lampson International, LLC. (B)","607 E. Columbia Drive Kennewick, WA 99336 United States",,,,,(509) 586-0411,607,607,,https://www.lampsoncrane.com,Member Get (a-Member);  (),info@scranet.org,C-Crane & RiggingT-Transportation,,27586
"Lampson International, LLC. (B)","5124 Roeser Rd. Laveen, AZ 85339 United States",,,,,(602) 237-2080,5124,5124,,https://www.lampsoncrane.com,Member Get (a-Member);  (),info@scranet.org,C-Crane & RiggingT-Transportation,,13883
"Lampson International, LLC. (B)","8820 Highway 35S Liverpool, TX 77577 United States",,,,,(509) 528-7179,8820,8820,,https://www.lampsoncrane.com,Member Get (a-Member);  (),info@scranet.org,C-Crane & RiggingT-Transportation,,13884
Landoll Company LLC,"1900 North Street Marysville, KS 66508 United States",,,,,(785) 562-5381,1900,1900,,https://www.landoll.com,Member Get (a-Member);  (),info@scranet.org,,2009,11519
Landriault Transport Inc,"1120 42nd St SE Minot, SD 58701 United States",,,,,(701) 240-4969,1120 42,1120 42,,https://,Member Get (a-Member);  (),info@scranet.org,,2025,52928
Landstar - Momentum,"4901 Belfort RD. Jacksonville, FL 32256 United States",,,,,(904) 607-6377,4901,4901,,https://,Member Get (a-Member);  (),info@scranet.org,T-Transportation,2024,51717
Landstar - Shasko Global Logistics LLC,"333 Concord Ln Belle Vernon, PA 15012 United States",,,,,(724) 798-8322,333,333,troy@shasko.com,https://www.shaskoglobal.com,Member Get (a-Member);  (),info@scranet.org,T-Transportation,2020,47816
"Landstar JRG / Success Transportation, Inc.","4700 Diplomacy Blvd Fort Worth, TX 76155 United States",,,,,(214) 673-7382,4700,4700,lisa@landstarjrg.com,https://www.landstarjrg.com,Member Get (a-Member);  (),info@scranet.org,T-Transportation,2026,54584
"Landstar Transportation Logistics, Inc.","13410 Sutton Park Drive, South Jacksonville, FL 32224-5270 United States",,,,,(904) 390-4876,13410,13410,japplegate@landstar.com,https://www.landstar.com,Member Get (a-Member);  (),info@scranet.org,T-Transportation,1991,10236
Landwehr Construction,"851 60th Street South Saint Cloud, MN 56301 United States",,,,,(320) 252-1494,851 60,851 60,,https://www.landwehrconstruction.com,Member Get (a-Member);  (),info@scranet.org,C-Crane & RiggingM-MillwrightT-Transportation,2015,41160
Lane's Crane Service,"1024-26 Springbrook Avenue Moosic, PA 18507 United States",,,,,(570) 457-7314,1024-26,1024-26,,https://www.lanescraneservice.com,Member Get (a-Member);  (),info@scranet.org,C-Crane & Rigging,1990,10237
"Laramie Enterprises, Inc.","48400 West Rd. Wixom, MI 48393 United States",,,,,(313) 273-4900,48400,48400,,https://www.laramiecrane.com,Member Get (a-Member);  (),info@scranet.org,C-Crane & RiggingT-Transportation,1950,10238
Larkin Express,"109 Suburban Road  Suite 202 Knoxville, TN 37923 United States",,,,,(843) 410-4850,109,109,stelling@larkinexpress.com,https://www.larkinexpress.com,Member Get (a-Member);  (),info@scranet.org,T-Transportation,2023,50844
"LaVenture Crane & Rigging, Inc.","1033 Highway 64 New Richmond, WI 54017 United States",,,,,(715) 246-2436,1033,1033,,https://www.laventurecrane.com,Member Get (a-Member);  (),info@scranet.org,C-Crane & RiggingM-MillwrightT-Transportation,1995,10242
"Lawson Drayage, Inc.","3402 Enterprise Avenue Hayward, CA 94545 United States",,,,,(510) 785-5100,3402,3402,,https://www.lawsoninc.com,Member Get (a-Member);  (),info@scranet.org,C-Crane & Rigging,2009,14283
"LC Cranes, L.L.C.","2000 Meredith Park Dr McDonough, GA 30253 United States",,,,,(678) 432-0593,2000,2000,,https://www.lccraneparts.com,Member Get (a-Member);  (),info@scranet.org,C-Crane & Rigging,2012,35403
"Leavitt Cranes USA, Inc","1140 Thorne Road Mount Vernon, WA 98421 United States",,,,,,1140,1140,erickz@leavittcranes.com,https://www.leavittcranes.com,Member Get (a-Member);  (),info@scranet.org,C-Crane & Rigging,2018,42462
"Lee Transportation, Inc","563 N. Cass Ave. Pontiac, MI 48342 United States",,,,,(810) 441-8089,563,563,richj@leetransportation.us,https://www.leetransportation.us,Member Get (a-Member);  (),info@scranet.org,T-Transportation,2025,41483
Leeto LLC,"123 Hampton Ct. Newington, CT  United States",,,,,(860) 990-2452,123,123,,https://www.leeto-permits.com,Member Get (a-Member);  (),info@scranet.org,,2026,54783
"LeFebvre & Sons, Inc.","10895 171st Avenue NW Elk River, MN 55330 United States",,,,,(763) 441-2681,10895 171,10895 171,,https://www.leftruck.com,Member Get (a-Member);  (),info@scranet.org,T-Transportation,1992,10244
Lents Enterprise Inc. DBA Lents Crane & Rigging,"1272 Hardin-Wadesboro Rd Hardin, KY 42048 United States",,,,,(270) 493-3771,1272,1272,,https://www.lentscranandrigging.com,Member Get (a-Member);  (),info@scranet.org,C-Crane & RiggingT-Transportation,2022,49831
"Lester R. Summers, Inc.","40 Garden Spot Rd Ste 100 Ephrata, PA 17522 United States",,,,,(717) 733-6556,100,100,,https://www.summerstrucking.com,Member Get (a-Member);  (),info@scranet.org,T-Transportation,1994,10190
LEXCO CABLE,"7320 W Agatite Ave Norridge, IL 60706 United States",,,,,(773) 588-8890,7320,7320,,https://www.lexcocable.com,Member Get (a-Member);  (),info@scranet.org,,2022,50296
"Lexicon, Inc.","8900 Fourche Dam Pike Road Little Rock, AR 72206 United States",,,,,(501) 490-7822,8900,8900,,https://www.lexicon-inc.com,Member Get (a-Member);  (),info@scranet.org,C-Crane & RiggingM-MillwrightS-SteelT-Transportation,2006,17353
LGH,"9925 South Industrial Drive Bridgeview, IL 60455 United States",,,,,(708) 430-3393,9925,9925,,https://www.RentLGH.com,Member Get (a-Member);  (),info@scranet.org,,1998,10251
"LIEBHERR USA, CO.","4800 Chestnut Avenue Newport News, VA 23607 United States",,,,,4800,4800,4800,Mobile.Cranes.USA@liebherr.com,https://www.liebherr.com,Member Get (a-Member);  (),info@scranet.org,,2016,34867
Liebherr-Werk Biberach,"Memminger Strasse 120 Biberach, Wuerttemberg 88400 Germany",,,,,+4915168953921,"120
88400","120
88400",,https://www.liebherr.com,Member Get (a-Member);  (),info@scranet.org,,2023,50407
Liebherr-Werk Ehingen GmbH,"Dr.-Hans-Liebherr-StraBe1 Ehingen,  D-89584 Germany",,,,,(49) 7391-502-4220,89584,89584,,https://www.liebherr.com,Member Get (a-Member);  (),info@scranet.org,,1993,10247
Liebherr-Werk Nenzing GmbH,"Dr. Hans Liebherr Strasse 1 Nenzing,  6710 Austria",,,,,(305) 817-7513,"1
6710","1
6710",,https://www.liebherr.com,Member Get (a-Member);  (),info@scranet.org,,1999,11901
Lift Logic Crane,"3813 Old US 1 Moncure, NC 27559 United States",,,,,(919) 503-4686,3813,3813,info@liftlogiccrane.com,https://Www.liftlogiccrane.com,Member Get (a-Member);  (),info@scranet.org,C-Crane & Rigging,2025,54335
"Lift Planning Services, LLC","5782 Main Street Elkridge, MD 21075 United States",,,,,(443) 773-2383,5782,5782,kellyg@liftplanningservices.com,https://kellyg@liftplanningservices.com,Member Get (a-Member);  (),info@scranet.org,,2023,51571
Lift Source Machinery Ltd.,"109 North Post Oak Lane  Suite 400 Houston, TX 77024 United States",,,,,(713) 975-7702,109,109,,https://www.LSMcrane.com,Member Get (a-Member);  (),info@scranet.org,,2004,16776
"Lift Systems, Inc.","1505 - 7th St. East Moline, IL 61244 United States",,,,,(309) 764-9842,1505 - 7,1505 - 7,,https://www.lift-systems.com,Member Get (a-Member);  (),info@scranet.org,,1983,10248
"Lift Systems, Inc. Canada","35 Longworth Ln. Woodstock, ON N4V1G6 Canada",,,,,(519) 539-0213,(519) 539-0213,(519) 539-0213,,https://,Member Get (a-Member);  (),info@scranet.org,,2007,20802
"Liftgear International, Inc.","16542 Air Center Blvd Houston, TX 77032 United States",,,,,(832) 821-5438,16542,16542,marketing@liftgear.com,https://www.Liftgear.com,Member Get (a-Member);  (),info@scranet.org,,2023,51469
LiftHigh Crane & Rigging,"10809 Sheldon Road Houston, TX 77044 United States",,,,,(713) 202-3807,10809,10809,sland@lifthighcrane.com,https://,Member Get (a-Member);  (),info@scranet.org,C-Crane & Rigging,2025,53446
Lifting Solutions,"2398 Boynton Pl Brooklyn, NY 11223 United States",,,,,(718) 437-0055,2398,2398,,https://www.liftingsolutionsny.com,Member Get (a-Member);  (),info@scranet.org,C-Crane & Rigging,2009,32638
"Lift-It Manufacturing Co.,  Inc.","1603 West 2nd Street Pomona, CA 91766 United States",,,,,(909) 469-2251,1603,1603,,https://www.lift-it.com,Member Get (a-Member);  (),info@scranet.org,,2019,11902
Liftking Manufacturing Corporation,"7135 Islington Ave. Woodbridge, ON L4L 1V9 Canada",,,,,(905) 851-3988,7135,7135,,https://https://liftking.com,Member Get (a-Member);  (),info@scranet.org,,2024,52428
"Limehouse & Sons, Inc","9550 Hwy 78 Ladson, SC 29456 United States",,,,,(843) 797-0711,9550,9550,,https://www.limehousesons.com,Member Get (a-Member);  (),info@scranet.org,C-Crane & RiggingM-Millwright,1999,10284
Linden Comansa America,"11608 Downs Rd. Pineville, NC 28314 United States",,,,,(704) 588-3985,11608,11608,jpatton@LCACranes.com,https://www.lcacranes.com,Member Get (a-Member);  (),info@scranet.org,,2013,15665
Link-Belt Cranes,"2651 Palumbo Drive Lexington, KY 40509 United States",,,,,(859) 264-6289,2651,2651,,https://www.linkbelt.com,Member Get (a-Member);  (),info@scranet.org,,1967,10289
Link-Belt Mid-Atlantic,"PO Box 6518 Ashland, VA 23005 United States",,,,,(804) 798-2290,6518,6518,,https://,Member Get (a-Member);  (),info@scranet.org,,2018,44605
Lipari Transport & Rigging Ltd.,"104 Doyon Ave. Montreal ( Pointe-Claire ), PQ H9R 5X5 Canada",,,,,(514) 694-7999,104,104,,https://www.liparigroup.ca,Member Get (a-Member);  (),info@scranet.org,C-Crane & RiggingI-InternationalM-MillwrightT-Transportation,2010,34215
"Littler Mendelson, P.C.","815 Connecticut Ave., NW  Ste. 400 Washington, DC 20006 United States",,,,,(202) 842-3400,815,815,,https://www.littler.com,Member Get (a-Member);  (),info@scranet.org,,2001,13659
LMM,"675 Cesar E. Chavez Ave. Pontiac, MI 48340 United States",,,,,(248) 499-6086,675,675,,https://www.lmm.us,Member Get (a-Member);  (),info@scranet.org,C-Crane & RiggingM-MillwrightT-Transportation,2006,26024
Load King,"7701 Independence Ave Kansas City, MO 64125 United States",,,,,(816) 241-4888,7701,7701,,https://www.loadkingmfg.com,Member Get (a-Member);  (),info@scranet.org,,2019,35405
LoadGuard Alliance,"860 Fayette St Gary, IN 46403 United States",,,,,844-97-GUARD,860,860,Paul@loadguardalliance.com,https://www.loadguardalliance.com,Member Get (a-Member);  (),info@scranet.org,,2026,54654
Local 14-14B Int'l Union of Operating Engineers,"159-18 Northern Boulevard Flushing, NY 11358 United States",,,,,(718) 939-0600,159-18,159-18,,https://,Member Get (a-Member);  (),info@scranet.org,C-Crane & Rigging,2017,43574
LOGISPESA - ASSOCIACAO BRASILEIRA DE LOGISTICA PESADA,"Rua Batataes, 391 Sala 61 Sao Paulo, Sao Paulo 01423-010 Brazil",,,,,551130520546,391,391,joao@logispro.com.br,https://www.logispesa.com.br,Member Get (a-Member);  (),info@scranet.org,,2019,44619
"Logistic Dynamics, LLC.","1140 Wehrle Drive Amherst, NY 14221 United States",,,,,(541) 852-0998,1140,1140,,https://,Member Get (a-Member);  (),info@scranet.org,,2015,50582
"Logistics Group International, Inc.","1426 North Post Oak Road Houston, TX 77055 United States",,,,,(713) 957-4812,1426,1426,,https://www.lgiinc.com,Member Get (a-Member);  (),info@scranet.org,I-InternationalT-Transportation,2004,16810
Logisticus Group,"1000  E North Street Greenville, SC 29601 United States",,,,,(864) 659-3461,1000,1000,,https://www.logisticusgroup.com,Member Get (a-Member);  (),info@scranet.org,C-Crane & RiggingI-InternationalT-Transportation,2012,36650
Lone Star Permit Solutions,"8424 Bissell Rd Manvel, TX 77578 United States",,,,,(281) 450-3027,8424,8424,,https://www.lonestarpermits.com,Member Get (a-Member);  (),info@scranet.org,,2021,49372
"Lone Star Transportation, LLC","1100 Northway Dr Fort Worth, TX 76131 United States",,,,,(817) 306-1000,1100,1100,doug.miller@lonestar-llc.com,https://www.lonestar-llc.com,Member Get (a-Member);  (),info@scranet.org,O-Oil FieldS-SteelT-Transportation,1991,10297
"Long Island Crane & Rigging, LLC","56A S County Rd Westhampton Beach, NY 11978 United States",,,,,(631) 325-5588,11978-1505,11978-1505,,https://,Member Get (a-Member);  (),info@scranet.org,C-Crane & RiggingM-MillwrightT-Transportation,2024,52777
Long Road Transportation LLC,"8467 S 208TH ST Kent, WA 98031 United States",,,,,(425) 800-4609,8467,8467,info@longroad.one,https://www.longroad.one,Member Get (a-Member);  (),info@scranet.org,S-SteelT-Transportation,2025,54126
"Louis P. Cote, Inc.","42 Cote Avenue Goffstown, NH 03045-2500 United States",,,,,(603) 623-1533,03045-2500,03045-2500,,https://www.lpcote.com,Member Get (a-Member);  (),info@scranet.org,C-Crane & RiggingM-MillwrightT-Transportation,2003,12243
"Lovegreen Industrial Services, Inc.","2280 Sibley Ct Eagan, MN 55122 United States",,,,,(651) 206-3027,2280,2280,jdooley@lovegreen.com,https://www.lovegreen.com,Member Get (a-Member);  (),info@scranet.org,C-Crane & RiggingI-InternationalM-Millwright,2025,53423
Lowther-Rolton LLC,"4314 Tarlton Way Sugar Land, TX 77478 United States",,,,,(713) 314-0683,4314,4314,doug@lr3.us,https://www.lowther-rolton.com,Member Get (a-Member);  (),info@scranet.org,,2017,44340
LS Cargo Logistics USA Corp.,"3730 Kirby Dr.  Ste 1200 / Ofc 37 Houston, TX 77098 United States",,,,,(832) 707-8896,3730,3730,,https://ls-cargo.com/,Member Get (a-Member);  (),info@scranet.org,,2022,49405
LTG Transportation,"2225 Knob Hill Drive Corinth, TX 76210 United States",,,,,(940) 765-2552,2225,2225,,https://,Member Get (a-Member);  (),info@scranet.org,O-Oil FieldT-Transportation,2017,44259
LTR Rigging and Hauling,"340 Robinson Street North Tonawanda, NY 14120 United States",,,,,(716) 694-7010,340,340,,https://www.ltrrigging.com,Member Get (a-Member);  (),info@scranet.org,C-Crane & RiggingM-MillwrightT-Transportation,2006,27472
LUBEABOOM,"8930 Bash St. Suite D  Bldg 7 Indianapolis, IN 46256 United States",,,,,(317) 578-3961,8930,8930,Sales@lubeaboom.com,https://www.lubeaboom.com,Member Get (a-Member);  (),info@scranet.org,,2016,19945
"Luckett Crane Service, Ltd.","P.O. Box 252 Commerce, TX 75429 United States",,,,,(903) 886-3407,252,252,,https://www.luckettcraneservice.com,Member Get (a-Member);  (),info@scranet.org,C-Crane & Rigging,2002,14237
Luma Brighter Learning,"Po Box 2588 Mount Pleasant, SC 29465 United States",,,,,(919) 924-2265,2588,2588,gina@learnwithluma.com,https://https://lumabrighterlearning.com/,Member Get (a-Member);  (),info@scranet.org,,2025,49343
Luxtrailers SARL,"31a Rue Des Celtes Luxembourg,  1318",,,,,00352621810003,1318,1318,,https://,Member Get (a-Member);  (),info@scranet.org,,2019,46403
LV Crane & Rigging,"972 Tx Hwy 123 N Stockdale, TX 78160 United States",,,,,(361) 491-0678,972,972,jason@lvcrane.com,https://www.lvcrane.com,Member Get (a-Member);  (),info@scranet.org,C-Crane & Rigging,2025,53223
Lykon Machinery LLC,"4921 Lower Mountain Road New Hope, PA 18938 United States",,,,,(215) 783-0504,4921,4921,nick@lykonmachinery.com,https://www.lykonmachinery.com,Member Get (a-Member);  (),info@scranet.org,,2025,53514
M&M Trucking,"3481 SW Addison Ave Arcadia, FL 34266 United States",,,,,(941) 916-5113,3481,3481,,https://,Member Get (a-Member);  (),info@scranet.org,T-Transportation,2023,50683
M&P Speciality Insurance,"1179 Sunset Blvd. West Columbia, SC 29169 United States",,,,,(803) 936-1601,1179,1179,,https://www.mpspecialty.com,Member Get (a-Member);  (),info@scranet.org,,2015,40815
M&T Bank,"105 Lordship Court Fayetteville, GA 30215 United States",,,,,(770) 719-2679,105,105,,https://www.peoples.com,Member Get (a-Member);  (),info@scranet.org,,2025,33607
M&T Equipment Finance Corporation,"1300 Post Oak Blvd Ste 1300 Houston, TX 77056 United States",,,,,(713) 439-1177,1300,1300,,https://www.MTB.com/MTEFC,Member Get (a-Member);  (),info@scranet.org,,1995,10013
M&W Crane Rental LLC/ Hi-Ball Co,"7211 Tyrell Road Laingsburg, MI 48848 United States",,,,,(517) 651-5695,7211,7211,joe@mwcrane.com,https://,Member Get (a-Member);  (),info@scranet.org,C-Crane & RiggingT-Transportation,2022,10102
M.R. Solutions LLC,"PO Box 302 Urbana, OH 43078 United States",,,,,(937) 508-2253,302,302,,https://www.mraysolutions.com,Member Get (a-Member);  (),info@scranet.org,,2023,51449
Machine Moving & Engineering,"P.O. Box 10555 Ashwood,  3605 South Africa",,,,,+27 11 824 5172,10555,10555,andre@mmekzn.co.za,https://www.mme.co.za,Member Get (a-Member);  (),info@scranet.org,C-Crane & RiggingI-InternationalT-Transportation,2004,16702
Machine Repair International dba Vezer Industrial Professionals,"2526 Mankas Corner Rd Fairfield, CA 94534 United States",,,,,(707) 435-8082,2526,2526,Frank@vezervip.com,https://www.vezervip.com,Member Get (a-Member);  (),info@scranet.org,C-Crane & Rigging,2024,52261
"MACS Crane and Rigging, LLC","4524 Ogeechee Road Savannah, GA 31405 United States",,,,,(912) 236-6227,4524,4524,srahn@macscrane.com,https://www.macscrane.com,Member Get (a-Member);  (),info@scranet.org,C-Crane & RiggingM-MillwrightT-Transportation,2015,41063
"MACS Crane and Rigging, LLC (B)","146 Brown Town Road Charleston, SC 29448 United States",,,,,(843) 462-2970,146,146,srahn@macscrane.com,https://www.macscrane.com,Member Get (a-Member);  (),info@scranet.org,C-Crane & RiggingM-MillwrightT-Transportation,,44622
"MACS Crane and Rigging, LLC (B)","2475 Lloyd Rd. Jacksonville, FL 32254 United States",,,,,(904) 345-3047,2475,2475,srahn@macscrane.com,https://www.macscrane.com,Member Get (a-Member);  (),info@scranet.org,C-Crane & RiggingM-MillwrightT-Transportation,,54435
"MACS Crane and Rigging, LLC (B)","4008 Mike Padgett Highway Augusta, GA 30906 United States",,,,,(706) 771-9937,4008,4008,srahn@macscrane.com,https://www.macscrane.com,Member Get (a-Member);  (),info@scranet.org,C-Crane & RiggingM-MillwrightT-Transportation,,44621
Maeda America,"22130 Merchants Way  Suite 100 Katy, TX 77449 United States",,,,,(325) 773-0924,22130,22130,,https://www.Maedaamerica.com,Member Get (a-Member);  (),info@scranet.org,,2022,50292
Maitland Creek Transport,"1001 B Wroxeter, ON N0G 2X0 Canada",,,,,(519) 531-3937,1001,1001,,https://,Member Get (a-Member);  (),info@scranet.org,S-SteelT-Transportation,2025,53261
Makro Engenharia LTDA,"Rodovia BR 116 KM 14 Nº 4921 Fortaleza, Ceara 60873815 Brazil",,,,,859989 0400,116,116,,https://www.makroengenharia.com.br,Member Get (a-Member);  (),info@scranet.org,C-Crane & RiggingI-InternationalM-MillwrightS-SteelT-Transportation,2006,16707
Mammoet Americas,"20525 FM 521 Rosharon, TX 77583 United States",,,,,(281) 369-2200,20525,20525,,https://www.mammoet.com,Member Get (a-Member);  (),info@scranet.org,C-Crane & RiggingI-InternationalM-MillwrightO-Oil FieldT-Transportation,1978,10451
Mammoet Americas (B),"12920-33rd St, NE Edmonton, AB T6S 1H6 Canada",,,,,1 (833) 626-6638,12920-33,12920-33,,https://www.mammoet.com,Member Get (a-Member);  (),info@scranet.org,C-Crane & RiggingI-InternationalT-Transportation,,12221
Mammoet Americas (B),"2102 Peardonville Rd Abbotsford, BC V2T 6J8 Canada",,,,,1-833-626-6638,2102,2102,,https://www.mammoet.com,Member Get (a-Member);  (),info@scranet.org,C-Crane & RiggingI-InternationalM-MillwrightT-Transportation,1964,10608
Mammoet Americas (B),"12400, Boul. Industriel Montreal, PQ HIB 5M5 Canada",,,,,(514) 645-4333,12400,12400,,https://www.mammoet.com,Member Get (a-Member);  (),info@scranet.org,C-Crane & RiggingI-InternationalT-Transportation,,12219
Mammoet Americas (B),"500 Gladwish Dr Sarnia, ON N7T 7H9 Canada",,,,,(226) 402-4149,500,500,,https://www.mammoet.com,Member Get (a-Member);  (),info@scranet.org,C-Crane & RiggingI-InternationalT-Transportation,,32157
Mammoet Americas (B),"7504 McLean Rd. E. Guelph, ON N0B 2JO Canada",,,,,(519) 740-0550,7504,7504,,https://www.mammoet.com,Member Get (a-Member);  (),info@scranet.org,C-Crane & RiggingI-InternationalT-Transportation,1991,10518
Mammoet Americas (B),"Site 12, Box 8, RR#2  3736 Hwy #11 N North Bay, ON P1B 8G3 Canada",,,,,(705) 688-6299,"2
3736","2
3736",,https://www.mammoet.com,Member Get (a-Member);  (),info@scranet.org,C-Crane & RiggingI-InternationalT-Transportation,,32155
Mammoet Americas (B),"10811 99 St Clairmont, AB T8X 5B4 Canada",,,,,1-833-626-6638,10220 140,10220 140,,https://www.mammoet.com,Member Get (a-Member);  (),info@scranet.org,C-Crane & RiggingI-InternationalT-Transportation,,42875
Mammoet Americas (B),"3236-46 Avenue S.E. Calgary, AB T2B 3K7 Canada",,,,,1-833-626-6638,3236-46,3236-46,,https://www.mammoet.com,Member Get (a-Member);  (),info@scranet.org,C-Crane & RiggingI-InternationalT-Transportation,,42873
Mammoet Americas (B),"45521 Hwy 660 Bonnyville, AB T0A 1H0 Canada",,,,,(780) 826-2253,5508 54,5508 54,,https://www.mammoet.com,Member Get (a-Member);  (),info@scranet.org,C-Crane & RiggingI-InternationalT-Transportation,,39753
Mammoet Americas (B),"752 Enterprise Avenue Kitimat, BC V8C 2E6 Canada",,,,,1-833-626-6638,752,752,,https://www.mammoet.com,Member Get (a-Member);  (),info@scranet.org,C-Crane & RiggingI-InternationalT-Transportation,,38002
Mammoet Americas (B),"9615 77 Avenue Fort St. John, BC V1J 4H9 Canada",,,,,1-833-626-6638,9615 77,9615 77,,https://www.mammoet.com,Member Get (a-Member);  (),info@scranet.org,C-Crane & RiggingI-InternationalT-Transportation,,38023
Mammoet Americas (B),"Hwy 63 North  Fort McKay Industrial Park Fort McMurray, AB T9H 3G6 Canada",,,,,1-833-626-6638,1-833-626-6638,1-833-626-6638,,https://www.mammoet.com,Member Get (a-Member);  (),info@scranet.org,C-Crane & RiggingI-InternationalT-Transportation,,32159
Mammoet Americas (B),"2898 Harry T. Moore Ave. Mims, FL 32754 United States",,,,,(281) 299-1943,2898,2898,,https://www.mammoet.com,Member Get (a-Member);  (),info@scranet.org,C-Crane & RiggingI-InternationalM-MillwrightO-Oil FieldT-Transportation,,32158
Mammoet Americas (B),"4009 Hwy 30 St. Gabriel, LA 70776 United States",,,,,(225) 319-2185,4009,4009,,https://www.mammoet.com,Member Get (a-Member);  (),info@scranet.org,C-Crane & RiggingI-InternationalM-MillwrightO-Oil FieldT-Transportation,,37633
Mammoet Americas (B),"4800 Waterfront Drive Atlanta, GA 30336 United States",,,,,(404) 696-4982,4800,4800,,https://www.mammoet.com,Member Get (a-Member);  (),info@scranet.org,C-Crane & RiggingI-InternationalM-MillwrightO-Oil FieldT-Transportation,,37632
Manac Trailer,"8593 State Highway 77 Oran, MO 63771 United States",,,,,(800) 545-5086,8593,8593,,https://www.manac.us,Member Get (a-Member);  (),info@scranet.org,,2017,43321
"Mangum's, Inc.","2811 Yukon RD Wilson, NC 27893 United States",,,,,(252) 237-4256,2811,2811,,https://www.mangumshauling.com,Member Get (a-Member);  (),info@scranet.org,O-Oil FieldS-SteelT-Transportation,2017,23834
Maniobras De Precision SA De CV,"Carr.Tijuana Mexicali Km.16.4-092.20  Florido Tijuana, Baha California 22237 Mexico",,,,,(619) 671-9214,16.4-092.20,16.4-092.20,,https://www.sermaq.com.mx,Member Get (a-Member);  (),info@scranet.org,C-Crane & RiggingI-InternationalT-Transportation,2024,39850
Manitex International,"3000 S Austin Ave Georgetown, TX 78626 United States",,,,,(512) 942-3000,3000,3000,,https://www.manitex.com,Member Get (a-Member);  (),info@scranet.org,,2008,15668
Mansfield Crane Service,"79 Westgate Road Mansfield, PA 16933 United States",,,,,(570) 662-3997,16933,16933,,https://www.mansfieldcrane.com,Member Get (a-Member);  (),info@scranet.org,C-Crane & Rigging,2007,14574
Mansfield Crane Service (B),"Rt. 13 North Elmira, NY 14845 United States",,,,,,14845,14845,,https://www.mansfieldcrane.com,Member Get (a-Member);  (),info@scranet.org,C-Crane & Rigging,,40986
Mansfield Crane Service (B),"US 15 South Williamsport, PA 17701 United States",,,,,,17701,17701,,https://www.mansfieldcrane.com,Member Get (a-Member);  (),info@scranet.org,C-Crane & Rigging,,40987
Marcello Cranes,"PO Box 2047 Meridian, MS 39302 United States",,,,,(601) 693-3701,2047,2047,walt@marcellocranes.com,https://www.marcellocranes.com,Member Get (a-Member);  (),info@scranet.org,C-Crane & RiggingT-Transportation,2016,42717
Marco Crane & Rigging Co.,"221 S. 35th Avenue Phoenix, AZ 85009 United States",,,,,(602) 272-2671,221,221,,https://www.marcocrane.com,Member Get (a-Member);  (),info@scranet.org,C-Crane & RiggingT-Transportation,1969,10316
Marco Crane & Rigging Co. (B),"10168 Channel Rd. Lakeside, CA 92040 United States",,,,,(619) 938-8080,10168,10168,,https://www.marcocrane.com,Member Get (a-Member);  (),info@scranet.org,C-Crane & RiggingT-Transportation,,12339
Marco Crane & Rigging Co. (B),"2703 E. Industrial Dr Flagstaff, AZ 86004 United States",,,,,(928) 526-4966,2703,2703,,https://www.marcocrane.com,Member Get (a-Member);  (),info@scranet.org,C-Crane & RiggingT-Transportation,,34870
Marco Crane & Rigging Co. (B),"2941 N Locust Ave. Rialto, CA 92377 United States",,,,,(562) 699-0664,2941,2941,,https://www.marcocrane.com,Member Get (a-Member);  (),info@scranet.org,C-Crane & RiggingT-Transportation,,12877
Marco Crane & Rigging Co. (B),"4142 E. Tennessee Tucson, AZ 85714 United States",,,,,(520) 748-8636,4142,4142,,https://www.marcocrane.com,Member Get (a-Member);  (),info@scranet.org,C-Crane & RiggingT-Transportation,,12338
"Marco Transport, Inc","1501 N. Susan St Santa Ana, CA 92703 United States",,,,,(714) 554-5930,1501,1501,,https://www.marcotrucking.com,Member Get (a-Member);  (),info@scranet.org,S-SteelT-Transportation,2011,35030
Marine & Industrial,"150 Virginia St Mobile, AL 36603 United States",,,,,(251) 438-4617,150,150,steve@marineandindustrial.com,https://www.marineandindustrial.com,Member Get (a-Member);  (),info@scranet.org,,2018,45568
Maritime World Logistics Inc.,"50 Bedford Highway, Unit 103 Halifax, NS B3M 0J9 Canada",,,,,(902) 463-0935,103,103,,https://www.mwlinc.ca,Member Get (a-Member);  (),info@scranet.org,,2009,33248
Marmon-Herrington,"13001 Magisterial Drive Louisville, KY 40023 United States",,,,,(269) 873-5552,13001,13001,,https://,Member Get (a-Member);  (),info@scranet.org,T-Transportation,2016,39922
Marquis Crane Services Inc,"13 Berry St. Brunswick, ME 04011 United States",,,,,(207) 650-1853,04011,04011,broc@marquiscraneservices.com,"https://www.marquiscraneservices.com

",Member Get (a-Member);  (),info@scranet.org,,2024,51975
MARR Crane & Rigging,"201 Commerce Drive Braintree, MA 02184 United States",,,,,(617) 269-7200,201,201,,https://www.marrcrane.com,Member Get (a-Member);  (),info@scranet.org,C-Crane & RiggingM-MillwrightT-Transportation,1997,10321
Marshall Crane and Equipment,"26 Cypress Creek Drive Calvert City, KY 42029 United States",,,,,(270) 331-5511,42029,42029,,https://www.marshallcranes.com,Member Get (a-Member);  (),info@scranet.org,C-Crane & Rigging,2025,53207
"Marvin Johnson and Associates, INC","P.O. Box 1849 Columbus, IN 47202 United States",,,,,(812) 372-7474,1849,1849,,https://www.MJAI.Com,Member Get (a-Member);  (),info@scranet.org,,2012,14754
Maryland Port Administration,"401 E Pratt Street Suite 1900 Baltimore, MD 21202 United States",,,,,(410) 385-4460,401,401,,https://www.marylandports.com,Member Get (a-Member);  (),info@scranet.org,,2015,40148
"MAS Building & Bridge, Inc","18 Sharon Ave Norfolk, MA 02056 United States",,,,,(508) 520-2277,02056,02056,,https://www.masbuildingandbridge.com,Member Get (a-Member);  (),info@scranet.org,C-Crane & Rigging,2021,48516
MAS Rigging Inc.,"10216 North Galena Road Peoria, IL 61615 United States",,,,,(309) 692-6625,10216,10216,,https://www.masrigging.com,Member Get (a-Member);  (),info@scranet.org,C-Crane & RiggingM-MillwrightT-Transportation,1992,10392
"Masthead International, Inc.","6270 S. Ash Avenue  Suite B Tempe, AZ 85283 United States",,,,,(602) 276-5373,6270,6270,,https://www.masthead.net,Member Get (a-Member);  (),info@scranet.org,C-Crane & RiggingI-InternationalM-MillwrightT-Transportation,2011,10323
"Masthead International, Inc. (B)","700 Quantum Rd. NE Rio Rancho, NM 87124 United States",,,,,(505) 890-7103,700,700,,https://www.masthead.com,Member Get (a-Member);  (),info@scranet.org,C-Crane & RiggingI-InternationalM-MillwrightT-Transportation,,54522
MATCOM,"400 Parkhurst Square  Unit 2 Brampton, ON L6T 5H5 Canada",,,,,(905) 669-5474,400,400,,https://www.matcom.com,Member Get (a-Member);  (),info@scranet.org,C-Crane & RiggingI-InternationalM-MillwrightT-Transportation,1987,10324
"Matter Crane, LLC","4297 Grove Street Denver, CO 80211 United States",,,,,(720) 415-2593,4297,4297,,https://www.MatterCrane.com,Member Get (a-Member);  (),info@scranet.org,C-Crane & Rigging,2025,53327
"Maxim Crane Works, L.P.","840 Licking Pike Wilder, KY 41076 United States",,,,,(859) 441-7400,840,000,,https://www.maximcrane.com,Member Get (a-Member);  (),info@scranet.org,C-Crane & RiggingT-Transportation,1990,10366
"Maxim Crane Works, L.P. (B)","101 Independent Avenue Nitro, WV 25143 United States",,,,,(304) 755-1033,101,101,,https://www.maximcrane.com,Member Get (a-Member);  (),info@scranet.org,C-Crane & RiggingT-Transportation,,11715
"Maxim Crane Works, L.P. (B)","1901 S. Hwy 171 Cleburne, TX 76031 United States",,,,,(817) 202-8745,1901,1901,,https://www.maximcrane.com,Member Get (a-Member);  (),info@scranet.org,C-Crane & RiggingT-Transportation,,11723
"Maxim Crane Works, L.P. (B)","6654 NE 47th Ave. Portland, OR 97218 United States",,,,,(503) 288-8100,6654,6654,,https://www.maximcrane.com,Member Get (a-Member);  (),info@scranet.org,C-Crane & RiggingT-Transportation,,11720
"Maxim Crane Works, L.P. (B)","1100 Chippewa St. Baton Rouge, LA 70805 United States",,,,,(877) 629-5438,1100,1100,,https://www.maximcrane.com,Member Get (a-Member);  (),info@scranet.org,C-Crane & RiggingT-Transportation,,11767
"Maxim Crane Works, L.P. (B)","1101 E. Spring Street Long Beach, CA 90806 United States",,,,,(562) 989-5709,1101,1101,,https://www.maximcrane.com,Member Get (a-Member);  (),info@scranet.org,C-Crane & RiggingT-Transportation,,11731
"Maxim Crane Works, L.P. (B)","1115 Smelter Ave. Black Eagle, MT 59414 United States",,,,,(877) 629-5438,1115,1115,,https://www.maximcrane.com,Member Get (a-Member);  (),info@scranet.org,C-Crane & RiggingT-Transportation,,11727
"Maxim Crane Works, L.P. (B)","1115 Smelter Ave. Black Eagle, MT 59414 United States",,,,,(406) 452-4614,1115,1115,,https://www.maximcrane.com,Member Get (a-Member);  (),info@scranet.org,C-Crane & RiggingT-Transportation,,11717
"Maxim Crane Works, L.P. (B)","1124 112th St. East Tacoma, WA 98445 United States",,,,,(206) 622-1151,1124 112,1124 112,,https://www.maximcrane.com,Member Get (a-Member);  (),info@scranet.org,C-Crane & RiggingT-Transportation,,11732
"Maxim Crane Works, L.P. (B)","1140 Turnpike Street Stoughton, MA 02072 United States",,,,,(877) 629-5438,1140,1140,,https://www.maximcrane.com,Member Get (a-Member);  (),info@scranet.org,C-Crane & RiggingT-Transportation,,54406
"Maxim Crane Works, L.P. (B)","120 Minue Street Carteret, NJ 07008 United States",,,,,(732) 802-0100,120,120,,https://www.maximcrane.com,Member Get (a-Member);  (),info@scranet.org,C-Crane & RiggingT-Transportation,,11719
"Maxim Crane Works, L.P. (B)","1201 Highway 20 Decatur, AL 35601 United States",,,,,(256) 203-5515,1201,1201,,https://www.maximcrane.com,Member Get (a-Member);  (),info@scranet.org,C-Crane & RiggingT-Transportation,,39619
"Maxim Crane Works, L.P. (B)","1213 Miller Avenue Westlake, LA 70669 United States",,,,,(337) 433-7898,1213,1213,,https://www.maximcrane.com,Member Get (a-Member);  (),info@scranet.org,C-Crane & RiggingT-Transportation,,11721
"Maxim Crane Works, L.P. (B)","1287 Marks Church Road, Suite F Augusta, GA 30909 United States",,,,,(706) 790-3000,1287,1287,,https://www.maximcrane.com,Member Get (a-Member);  (),info@scranet.org,C-Crane & RiggingT-Transportation,,11718
"Maxim Crane Works, L.P. (B)","1405 W Hanna Avenue Indianapolis, IN 46217 United States",,,,,(317) 244-7801,1405,1405,,https://www.maximcrane.com,Member Get (a-Member);  (),info@scranet.org,C-Crane & RiggingT-Transportation,,11769
"Maxim Crane Works, L.P. (B)","1498 Channel Avenue Memphis, TN 38113 United States",,,,,(901) 946-3690,1498,1498,,https://www.maximcrane.com,Member Get (a-Member);  (),info@scranet.org,C-Crane & RiggingT-Transportation,,11724
"Maxim Crane Works, L.P. (B)","150 Old Waldron Road La Vergne, TN 37086 United States",,,,,(615) 883-3900,150,150,,https://www.maximcrane.com,Member Get (a-Member);  (),info@scranet.org,C-Crane & RiggingT-Transportation,,11728
"Maxim Crane Works, L.P. (B)","1530 Nicholas Road Dayton, OH 45418 United States",,,,,(877) 629-5438,1530,1530,,https://www.maximcrane.com,Member Get (a-Member);  (),info@scranet.org,C-Crane & RiggingT-Transportation,,11768
"Maxim Crane Works, L.P. (B)","1560 Veterans Memorial Hwy SE Mableton, GA 30126 United States",,,,,(877) 629-5438,1560,1560,,https://www.maximcrane.com,Member Get (a-Member);  (),info@scranet.org,C-Crane & RiggingT-Transportation,,44283
"Maxim Crane Works, L.P. (B)","15919 Jacinto Port Blvd Houston, TX 77015 United States",,,,,(281) 452-0101,15919,15919,,https://www.maximcrane.com,Member Get (a-Member);  (),info@scranet.org,C-Crane & RiggingT-Transportation,,11713
"Maxim Crane Works, L.P. (B)","160 Old Maple Street Stoughton, MA 02072 United States",,,,,(877) 629-5438,160,160,,https://www.maximcrane.com,Member Get (a-Member);  (),info@scranet.org,C-Crane & RiggingT-Transportation,,54405
"Maxim Crane Works, L.P. (B)","1615 S. 16th Street Louisville, KY 40210 United States",,,,,(502) 361-7000,1615,1615,,https://www.maximcrane.com,Member Get (a-Member);  (),info@scranet.org,C-Crane & RiggingT-Transportation,,11766
"Maxim Crane Works, L.P. (B)","1642 N. Industrial Drive Ottawa, KS 66067 United States",,,,,(785) 241-2012,1642,1642,,https://www.maximcrane.com,Member Get (a-Member);  (),info@scranet.org,C-Crane & RiggingT-Transportation,,50424
"Maxim Crane Works, L.P. (B)","170 N Goldenrod Road Orlando, FL 32807 United States",,,,,(407) 277-5000,170,170,,https://www.maximcrane.com,Member Get (a-Member);  (),info@scranet.org,C-Crane & RiggingT-Transportation,1985,10769
"Maxim Crane Works, L.P. (B)","1700 Bluff Road Columbia, SC 29201 United States",,,,,(803) 939-9700,1700,1700,,https://www.maximcrane.com,Member Get (a-Member);  (),info@scranet.org,C-Crane & RiggingT-Transportation,,41156
"Maxim Crane Works, L.P. (B)","1813 W Main Street Port Lavaca, TX 77979 United States",,,,,(361) 552-2540,1813,1813,,https://www.maximcrane.com,Member Get (a-Member);  (),info@scranet.org,C-Crane & RiggingT-Transportation,,12355
"Maxim Crane Works, L.P. (B)","18351 E Colonial Dr. Orlando, FL 32820 United States",,,,,(877) 629-5438,18351,18351,,https://www.maximcrane.com,Member Get (a-Member);  (),info@scranet.org,C-Crane & RiggingT-Transportation,,11765
"Maxim Crane Works, L.P. (B)","2070 NW 40 Court Pompano Beach, FL 33064 United States",,,,,(954) 970-0587,2070,2070,,https://www.maximcrane.com,Member Get (a-Member);  (),info@scranet.org,C-Crane & RiggingT-Transportation,,41152
"Maxim Crane Works, L.P. (B)","2373 Mariposa Road Stockton, CA 95205 United States",,,,,(209) 464-7635,2373,2373,,https://www.maximcrane.com,Member Get (a-Member);  (),info@scranet.org,C-Crane & RiggingT-Transportation,,12348
"Maxim Crane Works, L.P. (B)","2415 Waverly Barn Road Davenport, FL 33897 United States",,,,,(407) 277-5000,2415,2415,,https://www.maximcrane.com,Member Get (a-Member);  (),info@scranet.org,C-Crane & RiggingT-Transportation,,36978
"Maxim Crane Works, L.P. (B)","2524 Birmingport Road Birmingham, AL 35224 United States",,,,,(205) 785-5100,2524,2524,,https://www.maximcrane.com,Member Get (a-Member);  (),info@scranet.org,C-Crane & RiggingT-Transportation,,50425
"Maxim Crane Works, L.P. (B)","2550 S. Denver Ave. Fort Lupton, CO 80621 United States",,,,,(720) 753-0412,2550,2550,,https://www.maximcrane.com,Member Get (a-Member);  (),info@scranet.org,C-Crane & RiggingT-Transportation,,11729
"Maxim Crane Works, L.P. (B)","2882 Lewis Centre Way Urbancrest, OH 43123 United States",,,,,(614) 356-9400,2882,2882,,https://www.maximcrane.com,Member Get (a-Member);  (),info@scranet.org,C-Crane & RiggingT-Transportation,,41153
"Maxim Crane Works, L.P. (B)","300 Dunning St. Canonsburg, PA 15317 United States",,,,,(412) 504-0200,300,300,,https://www.maximcrane.com,Member Get (a-Member);  (),info@scranet.org,C-Crane & RiggingT-Transportation,,41151
"Maxim Crane Works, L.P. (B)","303 Peach Lane Arcola, TX 77583 United States",,,,,(817) 526-7034,303,303,,https://www.maximcrane.com,Member Get (a-Member);  (),info@scranet.org,C-Crane & RiggingT-Transportation,,12357
"Maxim Crane Works, L.P. (B)","305 20th Street South Texas City, TX 77590 United States",,,,,(409) 945-3471,305 20,305 20,,https://www.maximcrane.com,Member Get (a-Member);  (),info@scranet.org,C-Crane & RiggingT-Transportation,,12356
"Maxim Crane Works, L.P. (B)","305 20th Street South Texas City, TX 77590 United States",,,,,(877) 629-5438,305 20,305 20,,https://www.maximcrane.com,Member Get (a-Member);  (),info@scranet.org,C-Crane & RiggingT-Transportation,,54407
"Maxim Crane Works, L.P. (B)","307 Wilhagen Road Nashville, TN 37217 United States",,,,,(615) 636-3500,307,307,,https://www.maximcrane.com,Member Get (a-Member);  (),info@scranet.org,C-Crane & RiggingT-Transportation,2011,34757
"Maxim Crane Works, L.P. (B)","3401 SW 26th Terrace Fort Lauderdale, FL 33312 United States",,,,,(877) 629-5438,3401,3401,,https://www.maximcrane.com,Member Get (a-Member);  (),info@scranet.org,C-Crane & RiggingT-Transportation,,11730
"Maxim Crane Works, L.P. (B)","350 W. Mapes Road Perris, CA 92570 United States",,,,,(877) 629-5438,350,350,,https://www.maximcrane.com,Member Get (a-Member);  (),info@scranet.org,C-Crane & RiggingT-Transportation,,54408
"Maxim Crane Works, L.P. (B)","420 Grange Road Port Wentworth, GA 31407 United States",,,,,(912) 964-5761,420,420,,https://www.maximcrane.com,Member Get (a-Member);  (),info@scranet.org,C-Crane & RiggingT-Transportation,,41154
"Maxim Crane Works, L.P. (B)","4545 West Van Buren Phoenix, AZ 85043 United States",,,,,(602) 242-4681,4545,4545,,https://www.maximcrane.com,Member Get (a-Member);  (),info@scranet.org,C-Crane & RiggingT-Transportation,,11726
"Maxim Crane Works, L.P. (B)","5014 East Hwy. 332 Freeport, TX 77541 United States",,,,,(979) 233-6361,5014,5014,,https://www.maximcrane.com,Member Get (a-Member);  (),info@scranet.org,C-Crane & RiggingT-Transportation,,12354
"Maxim Crane Works, L.P. (B)","5315 Causeway Blvd. Tampa, FL 33619 United States",,,,,(813) 342-0025,5315,5315,,https://www.maximcrane.com,Member Get (a-Member);  (),info@scranet.org,C-Crane & RiggingT-Transportation,,36976
"Maxim Crane Works, L.P. (B)","5900 East Loop 820 South Hwy Fort Worth, TX 76119 United States",,,,,(817) 498-2221,5900,5900,,https://www.maximcrane.com,Member Get (a-Member);  (),info@scranet.org,C-Crane & RiggingT-Transportation,,11722
"Maxim Crane Works, L.P. (B)","601 Chester Pike Ridley Park, PA 19078 United States",,,,,(610) 833-2800,601,601,,https://www.maximcrane.com,Member Get (a-Member);  (),info@scranet.org,C-Crane & RiggingT-Transportation,,11714
"Maxim Crane Works, L.P. (B)","625 Imperial Court Bensalem, PA 19020 United States",,,,,(215) 639-9200,625,625,,https://www.maximcrane.com,Member Get (a-Member);  (),info@scranet.org,C-Crane & RiggingT-Transportation,,12353
"Maxim Crane Works, L.P. (B)","6327 Thompson Rd. Baytown, TX 77521 United States",,,,,(281) 452-0101,6327,6327,,https://www.maximcrane.com,Member Get (a-Member);  (),info@scranet.org,C-Crane & RiggingT-Transportation,,38021
"Maxim Crane Works, L.P. (B)","655 Bodwell Extension Avon, MA 02322 United States",,,,,(877) 629-5438,655,655,,https://www.maximcrane.com,Member Get (a-Member);  (),info@scranet.org,C-Crane & RiggingT-Transportation,,11741
"Maxim Crane Works, L.P. (B)","7001 Ivy Street Metairie, LA 70003 United States",,,,,(504) 733-9400,7001,7001,,https://www.maximcrane.com,Member Get (a-Member);  (),info@scranet.org,C-Crane & RiggingT-Transportation,,50423
"Maxim Crane Works, L.P. (B)","7085 Fannett Road Beaumont, TX 77705 United States",,,,,(409) 842-9331,7085,7085,,https://www.maximcrane.com,Member Get (a-Member);  (),info@scranet.org,C-Crane & RiggingT-Transportation,,38022
"Maxim Crane Works, L.P. (B)","725 Central Ave. Jefferson, LA 70121 United States",,,,,(504) 733-9400,725,725,,https://www.maximcrane.com,Member Get (a-Member);  (),info@scranet.org,C-Crane & RiggingT-Transportation,,12350
"Maxim Crane Works, L.P. (B)","7512 Pacific Avenue Pleasant Grove, CA 95668 United States",,,,,(916) 286-2770,7512,7512,,https://www.maximcrane.com,Member Get (a-Member);  (),info@scranet.org,C-Crane & RiggingT-Transportation,,12347
"Maxim Crane Works, L.P. (B)","777 North Shore Road Revere, MA 02151 United States",,,,,(617) 268-8600,777,777,,https://www.maximcrane.com,Member Get (a-Member);  (),info@scranet.org,C-Crane & RiggingT-Transportation,,50422
"Maxim Crane Works, L.P. (B)","777 North Shore Road Revere, MA 02151 United States",,,,,(877) 629-5438,777,777,,https://www.maximcrane.com,Member Get (a-Member);  (),info@scranet.org,C-Crane & RiggingT-Transportation,,11716
"Maxim Crane Works, L.P. (B)","8635 Old Dorsey Run Road Jessup, MD 20794 United States",,,,,(410) 724-8300,8635,8635,,https://www.maximcrane.com,Member Get (a-Member);  (),info@scranet.org,C-Crane & RiggingT-Transportation,1996,10286
"Maxim Crane Works, L.P. (B)","9326 Statesville Road Charlotte, NC 28269 United States",,,,,(704) 509-2629,9326,9326,,https://www.maximcrane.com,Member Get (a-Member);  (),info@scranet.org,C-Crane & RiggingT-Transportation,,41155
Maximum Machinery Moving,"1858 E. Encantro Dr. #101 Tempe, AZ 85281 United States",,,,,(602) 629-1111,1858,1858,,https://www.maxmachinerymoving.com,Member Get (a-Member);  (),info@scranet.org,C-Crane & RiggingT-Transportation,2018,46037
MAZO Capital LLC,"4143 S Neptune Mesa, AZ 85212 United States",,,,,(419) 310-3753,4143,4143,victoria@mazocapital.com,https://https://mazocapital.com/,Member Get (a-Member);  (),info@scranet.org,,2025,52995
Mazzella,"21000 Aerospace Parkway Cleveland, OH 44142 United States",,,,,(440) 239-7000,21000,21000,,https://www.mazzellacompanies.com,Member Get (a-Member);  (),info@scranet.org,,2009,13207
MB Transport LLC,"59 Ridge Rd New Columbia, PA 17856 United States",,,,,(570) 847-8686,17856-9012,17856-9012,jb4mbtransport@gmail.com,https://,Member Get (a-Member);  (),info@scranet.org,T-Transportation,2026,54481
McCollisters Global Services,"8 Terry Lane Burlington, NJ 08016 United States",,,,,(734) 516-1039,08016,08016,cmanford@mccollisters.com,https://www.mccollisters.com,Member Get (a-Member);  (),info@scranet.org,T-Transportation,2024,51731
McDonough Construction Rentals,"8400 Villa Drive Houston, TX 77061 United States",,,,,(713) 574-8100,8400,8400,joe.galatas@onemcdonough.com,https://www.onemcdonough.com,Member Get (a-Member);  (),info@scranet.org,C-Crane & Rigging,2021,48584
McGhee Crane Service,"781 Meda St Memphis, TN 38104 United States",,,,,(901) 276-6365,781,781,,https://,Member Get (a-Member);  (),info@scranet.org,C-Crane & Rigging,2010,19196
McGriff Insurance Agency,"736 Market Street  Suite 1000 Chattanooga, TN 37405 United States",,,,,(423) 2658543,736,736,lindy.jackson@mcgriff.com,https://www.mcgriff.com/,Member Get (a-Member);  (),info@scranet.org,,2025,53285
"McGriff, A Marsh and McLennan Agency","120 Claremont Ave Rockingham, VA 22801 United States",,,,,(540) 405-9368,120,120,mtmendez@mcgriff.com,https://www.mcgriff.com,Member Get (a-Member);  (),info@scranet.org,,2025,53437
McNally-Nimergood Co.,"5825 Dixie Hwy Saginaw, MI 48601 United States",,,,,(989) 777-2361,5825,5825,,https://www.mcnallycrane.com,Member Get (a-Member);  (),info@scranet.org,C-Crane & RiggingT-Transportation,2021,48667
"McRay Crane & Rigging, Inc.","8431 Mosley Houston, TX 77075 United States",,,,,(713) 944-2843,8431,8431,matt@mcraycrane.com,https://www.mcraycrane.com,Member Get (a-Member);  (),info@scranet.org,C-Crane & RiggingT-Transportation,1997,10343
MD Hydraulics,"820 E. Duarte Rd. Monrovia, CA 91016 United States",,,,,(626) 303-4233,820,820,bnicholas@mdhydraulics.net,https://,Member Get (a-Member);  (),info@scranet.org,,2024,52606
"Means & Methods Engineering, LLC","601 Devon Drive Birmingham, AL 35209 United States",,,,,(404) 782-7486,601,601,jon@mamengineering.com,https://www.meansandmethodsengineering.com,Member Get (a-Member);  (),info@scranet.org,,2022,50337
Mehring Transport,"W904 State Road 20 East Troy, WI 53120 United States",,,,,(414) 418-9491,904,904,,https://www.mehringtransport.com,Member Get (a-Member);  (),info@scranet.org,S-SteelT-Transportation,2024,52121
MEI Industrial Solutions,"650 S. Royal Lane Coppell, TX 75019 United States",,,,,(972) 881-1576,650,650,,https://https://meiindustrialsolutions.com/location/dallas/,Member Get (a-Member);  (),info@scranet.org,C-Crane & RiggingM-MillwrightT-Transportation,2007,29658
MEI Industrial Solutions (B),"1225 Latta Street Chattanooga, TN 37406 United States",,,,,(423) 698-5577,1225,1225,,https://https://meiindustrialsolutions.com/location/chattanooga/,Member Get (a-Member);  (),info@scranet.org,C-Crane & RiggingM-MillwrightT-Transportation,2000,12882
MEI Industrial Solutions (B),"65 Spring Lane Farmington, CT 06032 United States",,,,,(860) 747-4527,06032,06032,,https://https://meiindustrialsolutions.com/location/hartford/,Member Get (a-Member);  (),info@scranet.org,C-Crane & RiggingM-MillwrightT-Transportation,2002,14706
MEI Industrial Solutions (B),"700 Westinghouse Blvd Charlotte, NC 28273 United States",,,,,(704) 504-3003,700,700,,https://https://meiindustrialsolutions.com/location/charlotte/,Member Get (a-Member);  (),info@scranet.org,C-Crane & RiggingM-MillwrightT-Transportation,2023,51069
MEI Industrial Solutions (B),"1133 Culpepper Dr SW Conyers, GA 30094 United States",,,,,(404) 366-2511,1133,1133,,https://https://meiindustrialsolutions.com/location/atlanta/,Member Get (a-Member);  (),info@scranet.org,C-Crane & RiggingM-MillwrightT-Transportation,,48404
MEI Industrial Solutions (B),"700 Eight Twenty Blvd.  Suite 101 Fort Worth, TX 76106 United States",,,,,(972) 881-1576,700,700,,https://https://meiindustrialsolutions.com/location/fort-worth/,Member Get (a-Member);  (),info@scranet.org,C-Crane & RiggingM-MillwrightT-Transportation,,50428
MEI Industrial Solutions (B),"421 NE Water Ave. #4300 Albany, OR 97321 United States",,,,,(541) 704-2436,421,421,,https://https://meiindustrialsolutions.com/,Member Get (a-Member);  (),info@scranet.org,C-Crane & RiggingM-MillwrightT-Transportation,,32092
MEI Industrial Solutions (B),"13500 John F. Kennedy Blvd Houston, TX 77039 United States",,,,,(281) 442-0544,13500,13500,,https://https://meiindustrialsolutions.com/location/houston/,Member Get (a-Member);  (),info@scranet.org,C-Crane & RiggingM-MillwrightT-Transportation,,34879
MEI Industrial Solutions (B),"1640 East Northrop Boulevard Chandler, AZ 85286 United States",,,,,(480) 917-3870,1640,1640,,https://https://meiindustrialsolutions.com/location/phoenix/,Member Get (a-Member);  (),info@scranet.org,C-Crane & RiggingM-MillwrightT-Transportation,,39905
MEI Industrial Solutions (B),"58 Firefly Rd Ridgeland, SC 29936 United States",,,,,(704) 558-5082,29936,29936,,https://https://meiindustrialsolutions.com/location/savannah/,Member Get (a-Member);  (),info@scranet.org,I-InternationalM-MillwrightT-Transportation,2019,47260
MEI Industrial Solutions (B),"18 Fanaras Drive Salisbury, MA 01952 United States",,,,,(978) 685-7700,01952,01952,,https://https://meiindustrialsolutions.com/location/boston/,Member Get (a-Member);  (),info@scranet.org,C-Crane & RiggingM-MillwrightT-Transportation,1996,10082
MEI Industrial Solutions (B),"4325 W Commercial Way Unit H Salt Lake City, UT 84104 United States",,,,,(801) 701-7975,4325,4325,,https://https://meiindustrialsolutions.com/location/salt-lake-city/,Member Get (a-Member);  (),info@scranet.org,C-Crane & RiggingM-MillwrightT-Transportation,,34881
MEI Industrial Solutions (B),"1280 Alexandria Court Sparks, NV 89434 United States",,,,,(775) 329-1500,1280,1280,,https://https://meiindustrialsolutions.com/location/reno/,Member Get (a-Member);  (),info@scranet.org,C-Crane & RiggingM-MillwrightT-Transportation,,49322
MEI Industrial Solutions (B),"1411 FM 1101 Suite 102 New Braunfels, TX 78130 United States",,,,,(210) 251-3419,1411,1411,,https://https://meiindustrialsolutions.com/location/austin-san-antonio/,Member Get (a-Member);  (),info@scranet.org,C-Crane & RiggingM-MillwrightT-Transportation,,34880
Mercer Transportation Co.,"1128 W Main Street Louisville, KY 40203 United States",,,,,(502) 584-2301,1128,1128,,https://www.mercer-trans.com,Member Get (a-Member);  (),info@scranet.org,T-Transportation,2013,36951
Mesquite Specialized Services LLC,"1920 Lamesa Highway Brownfield, TX 79316 United States",,,,,(432) 201-1011,1920,1920,,https://,Member Get (a-Member);  (),info@scranet.org,T-Transportation,2024,52719
"Meteor Express, Inc.","875 Harbor Dr. Scottsboro, AL 35769 United States",,,,,(256) 218-3000,875,875,,https://www.meteorx.com,Member Get (a-Member);  (),info@scranet.org,T-Transportation,2000,12468
METER Bearings,"220 Anderson Rd. Walterboro, SC 29488 United States",,,,,(248) 979-5952,220,220,miro.marcelli@meterbearings.com,https://meterbearings.com/en/,Member Get (a-Member);  (),info@scranet.org,,2022,49449
"Methods & Materials, Inc.","1749 N. Harding Avenue Chicago, IL 60647 United States",,,,,(773) 772-2100,1749,1749,,https://www.methodsandmaterials.com,Member Get (a-Member);  (),info@scranet.org,C-Crane & RiggingT-Transportation,2002,12268
Methvin Equipment Inc.,"P.O. Box 942 Florence, AL 35631 United States",,,,,(256) 766-5868,942,942,,https://,Member Get (a-Member);  (),info@scranet.org,C-Crane & RiggingM-MillwrightT-Transportation,2013,10350
Meyer,"255 Long Beach Blvd Stratford, CT 06615 United States",,,,,(203) 375-5801,255,255,,https://www.meyerinc.com,Member Get (a-Member);  (),info@scranet.org,C-Crane & RiggingM-MillwrightT-Transportation,2011,35344
Meyer (B),"175 Great Pond Dr Windsor, CT 06095 United States",,,,,,175,175,,https://www.meyerinc.com,Member Get (a-Member);  (),info@scranet.org,C-Crane & RiggingM-MillwrightT-Transportation,,48293
"MGX Equipment Services, LLC","3601 Koppens Way Chesapeake, VA 23323 United States",,,,,844-DIAL-MGX,3601,3601,nate.pears@mgxequipment.com,https://mgxequipment.com/,Member Get (a-Member);  (),info@scranet.org,,2022,49434
Miami Transfer Company/ Florida Rigging & Crane,"P.O. Box 680-579 Miami, FL 33168 United States",,,,,(305) 688-2222,680-579,680-579,,https://www.mtc-frc.com,Member Get (a-Member);  (),info@scranet.org,C-Crane & RiggingM-MillwrightS-SteelT-Transportation,1993,10356
MICA Crane Service,"3025 S Cravens Road Fort Worth, TX 76119 United States",,,,,(817) 625-4055,3025,3025,,https://www.micacrane.com,Member Get (a-Member);  (),info@scranet.org,C-Crane & RiggingT-Transportation,2022,49436
Michels Corporation,"817 Main Street Brownsville, WI 53006 United States",,,,,(920) 583-1378,817,817,,https://www.michels.us,Member Get (a-Member);  (),info@scranet.org,T-Transportation,2018,45168
"Mid Cities Erectors, LLC","P.O. Box 1070 Rhome, TX 76078 United States",,,,,(817) 306-0962,1070,1070,,https://www.midcitieserectors.com,Member Get (a-Member);  (),info@scranet.org,C-Crane & RiggingS-Steel,2014,16789
"Mid-Atlantic Lift Systems, Inc.","309 Roxbury Industrial Ct. Charles City, VA 23030 United States",,,,,(804) 387-9373,309,309,,https://www.midatlanticlift.com,Member Get (a-Member);  (),info@scranet.org,,1992,10393
Mid-Continent Crane,"1735 US-75 Mounds, OK 74047 United States",,,,,(918) 807-6911,1735,1735,haley@mccrane.cc,https://www.mccrane.cc,Member Get (a-Member);  (),info@scranet.org,C-Crane & Rigging,2023,51131
"Mideast Machinery Movers, Inc.","8155 State Rt. 121, North  P.O. Box 55 New Paris, OH 45347 United States",,,,,(937) 437-0371,8155,8155,b.gordon@mideastmm.com,https://www.mideastmachinerymovers.com,Member Get (a-Member);  (),info@scranet.org,C-Crane & RiggingM-MillwrightT-Transportation,2000,12166
"Mid-GA Electrical Services, Inc.","594 Industrial Way East Macon, GA 31217 United States",,,,,(478) 743-4226,594,594,,https://,Member Get (a-Member);  (),info@scranet.org,,2017,43095
"Midwest Crane Service, LLC","4230 S 57th St Omaha, NE 68117 United States",,,,,(402) 306-4673,4230,4230,,https://www.midwestcraneservice.com,Member Get (a-Member);  (),info@scranet.org,C-Crane & RiggingT-Transportation,2016,42517
"Midwest Crane Services, LLC","4300 E. 36th Street N. Tulsa, OK 74115 United States",,,,,(918) 835-4500,4300,4300,,https://www.midwestcraneservices.com,Member Get (a-Member);  (),info@scranet.org,C-Crane & Rigging,2008,30150
"Midwest Crane Services, LLC (B)","910 Ft. Gibson Rd. Catoosa, OK 74015 United States",,,,,(918) 835-4500,910,910,,https://www.midwestcraneservices.com,Member Get (a-Member);  (),info@scranet.org,C-Crane & Rigging,,37906
Midwest HeavyLift Rentals,"3901 Kraus Lane Ross, OH 45061 United States",,,,,(513) 828-9080,3901,3901,Logan@MidwestHeavyLiftRentals.com,https://www.MidwestHeavyLiftRentals.com,Member Get (a-Member);  (),info@scranet.org,,2025,53691
Midwestern Electric,"1620 E Chicago Ave East Chicago, IN 46312 United States",,,,,(219) 397-4444,1620,1620,srichardson@midwesternelectricinc.com,https://www.midwesternelectricinc.com/,Member Get (a-Member);  (),info@scranet.org,,2022,49635
Mighty Mo Media Partners,"7804 NW Rosewood Circle Parkville, MO 64152 United States",,,,,(816) 536-7903,7804,7804,,https://www.mightymomedia.com,Member Get (a-Member);  (),info@scranet.org,,2013,38006
"Mill Wright, LLC","200 Route 22 Hillside, NJ 07205 United States",,,,,(908) 275-1172,200,200,,https://,Member Get (a-Member);  (),info@scranet.org,,2024,51788
Miller Lifting Products,"100-A Sturbridge Road Charlton, MA 01507 United States",,,,,(508) 248-3941,100,100,,https://www.millerproducts.net,Member Get (a-Member);  (),info@scranet.org,,2006,16865
Miller Transfer,"3833 State Route 183  P.O. Box 453 Rootstown, OH 44272 United States",,,,,(330) 325-2521,3833,3833,,https://www.millertransfer.com,Member Get (a-Member);  (),info@scranet.org,S-SteelT-Transportation,1996,10398
Miller Truck & Storage Company,"420 Ingham Street Jackson, MI 49201 United States",,,,,(517) 782-0371,420,420,,https://www.millertruck.com,Member Get (a-Member);  (),info@scranet.org,C-Crane & RiggingM-MillwrightT-Transportation,1979,10399
Milwaukee Tool,"13135 W. Lisbon Road Brookfield, WI 53005 United States",,,,,(615) 892-0202,13135,13135,,https://www.milwaukeetool.com,Member Get (a-Member);  (),info@scranet.org,,2024,51823
Mission Critical Storage,"225 W Burville Rd Crete, IL 60417 United States",,,,,(708) 689-4444,225,225,,https://www.missioncriticalstorage.com,Member Get (a-Member);  (),info@scranet.org,,2026,54499
"Mitchell Machinery Moving, Inc. DBA Sterling Transport","P.O. Box 1914 N. Massapequa, NY 11758 United States",,,,,(516) 375-7414,1914,1914,,https://,Member Get (a-Member);  (),info@scranet.org,C-Crane & RiggingM-MillwrightT-Transportation,2006,27627
MM SOLUTIONS,"3915 N Garfield Ave. Loveland, CO 80538 United States",,,,,(970) 203-0393,3915,3915,sjohnson@mmsolutions.biz,https://www.mmsolutions.biz,Member Get (a-Member);  (),info@scranet.org,C-Crane & RiggingT-Transportation,2018,44856
"Modern Construction, Inc.","474 Mare Creek Road Stanville, KY 41659 United States",,,,,(606) 478-5600,474,474,,https://,Member Get (a-Member);  (),info@scranet.org,C-Crane & RiggingT-Transportation,1997,10404
Modern Crane Service Inc.,"N5520 Abbey Road Onalaska, WI 54650 United States",,,,,(608) 781-2252,5520,5520,,https://www.moderncrane.service.com,Member Get (a-Member);  (),info@scranet.org,C-Crane & RiggingM-Millwright,1995,10403
Moir-Ferriss Machinery Moving Inc.,"5405 DiCocco Crt. Oldcastle, ON N0R 1L0 Canada",,,,,(519) 919-9614,5405,5405,chad@moir-ferriss.com,https://www.moir-ferriss.com,Member Get (a-Member);  (),info@scranet.org,M-MillwrightT-Transportation,2019,47290
"MONTGOMERY CRANES, LLC","2603 West Euless Blvd. Fort Worth, TX 76155 United States",,,,,(972) 790-2400,2603,2603,,https://www.montgomerycranes.com,Member Get (a-Member);  (),info@scranet.org,,2018,44756
Mooney Crane,"P.O. Box 2350 Benton, AR 72018 United States",,,,,(501) 316-2882,2350,2350,,https://www.mooneycrane.com,Member Get (a-Member);  (),info@scranet.org,C-Crane & Rigging,2006,27489
Moore Industrial Service,"12 Ryans Way Greenbrier, AR 72058 United States",,,,,,72058,72058,,https://www.Mooreindustrialservice.com,Member Get (a-Member);  (),info@scranet.org,C-Crane & Rigging,2025,53392
"Morrell Oversize, Inc.","10775 170th Circle NW Elk River, MN 55330-6323 United States",,,,,(612) 590-8201,10775 170,10775 170,,https://www.morrelloversizeinc.com,Member Get (a-Member);  (),info@scranet.org,T-Transportation,2007,24078
"Morrow Equipment Company, LLC","P.O. Box 3306 Salem, OR 97302 United States",,,,,(503) 585-5721,3306,3306,,https://www.morrow.com,Member Get (a-Member);  (),info@scranet.org,C-Crane & RiggingI-International,2008,10412
Mortenson Construction,"700 Meadow La N Minneapolis, MN 55422 United States",,,,,(612) 518-0519,700,700,,https://www.mortenson.com,Member Get (a-Member);  (),info@scranet.org,C-Crane & Rigging,2009,32372
Moseley Marcinak Law Group LLP,"P.O. Box 26148 Greenville, SC 29616 United States",,,,,(864) 248-6027,26148,26148,,https://www.momarlaw.com,Member Get (a-Member);  (),info@scranet.org,,2019,47266
MOSO North America,"2750 Morris Rd.  Unit E Lansdale, PA 19446 United States",,,,,(855) 343-8444,2750,2750,bkelly@moso-bamboo.com,https://www.moso-bamboo-outdoor.com,Member Get (a-Member);  (),info@scranet.org,,2024,52484
"Mountain Crane Service, LLC","393 South 2650 West Salt Lake City, UT 84104 United States",,,,,(801) 282-3330,393,393,,https://www.mountaincrane.com,Member Get (a-Member);  (),info@scranet.org,C-Crane & RiggingT-Transportation,2007,28223
"Mountain Crane Service, LLC (B)","17131 Beaton Rd. SE #2745 Monroe, WA 98272 United States",,,,,(801) 282-3330,17131,17131,,https://www.mountaincrane.com,Member Get (a-Member);  (),info@scranet.org,C-Crane & RiggingT-Transportation,,54410
"Mountain Crane Service, LLC (B)","1725 E Broadway Road Phoenix, AZ 85040 United States",,,,,(801) 282-3330,1725,1725,,https://www.mountaincrane.com,Member Get (a-Member);  (),info@scranet.org,C-Crane & RiggingT-Transportation,,52740
"Mountain Crane Service, LLC (B)","I-20 Frontage Road Sweetwater, TX 79556 United States",,,,,,79556,79556,,https://www.mountaincrane.com,Member Get (a-Member);  (),info@scranet.org,C-Crane & RiggingT-Transportation,,48405
"Mountain Crane Service, LLC (B)","1355 Johnson Lane Billings, MT 59101 United States",,,,,(406) 702-3562,1355,1355,,https://www.mountaincrane.com,Member Get (a-Member);  (),info@scranet.org,C-Crane & RiggingT-Transportation,,48406
"Mountain Crane Service, LLC (B)","1301 South 12th West Rexburg, ID 83440 United States",,,,,(208) 716-9475,1301,1301,,https://www.mountaincrane.com,Member Get (a-Member);  (),info@scranet.org,C-Crane & RiggingT-Transportation,,48407
MPE Group,"Batallon De San Patricio #109  Piso 18, Int. 1803,  Col. Valle Oriente San Pedro Garza Garcia, Nuevo Leon 66260 Mexico",,,,,+52 818 883 6278,109,109,,https://www.mpegroup.net,Member Get (a-Member);  (),info@scranet.org,C-Crane & RiggingI-InternationalM-MillwrightT-Transportation,2010,33897
"Mr. Crane, Inc.","647 N. Hariton Street Orange, CA 92868 United States",,,,,(714) 633-2100,647,647,,https://www.mrcrane.com,Member Get (a-Member);  (),info@scranet.org,C-Crane & RiggingT-Transportation,1998,10415
"MRI USA, Inc.","1133 Broadway  Suite 1210 New York, NY 10010 United States",,,,,(212) 867-9600,1133,1133,,https://,Member Get (a-Member);  (),info@scranet.org,T-Transportation,2018,20170
MSA Delivery Service,"4290 Hannan Road Canton, MI 48188 United States",,,,,(734) 397-7770,4290,100,,https://www.msadelivery.com,Member Get (a-Member);  (),info@scranet.org,T-Transportation,1997,10417
MSA Delivery Service (B),"2292 Washington Road Thomson, GA 30824 United States",,,,,(706) 843-3160,2292,2292,,https://www.msadelivery.com,Member Get (a-Member);  (),info@scranet.org,T-Transportation,,37881
MSA Delivery Service (B),"2307 E. Aurora Road  Unit B4 Twinsburg, OH 44087 United States",,,,,(330) 405-1000,2307,2307,,https://www.msadelivery.com,Member Get (a-Member);  (),info@scranet.org,T-Transportation,,42865
MSA Delivery Service (B),"321 Pinto Valle Laredo, TX 78045 United States",,,,,(956) 704-0430,321,321,,https://www.msadelivery.com,Member Get (a-Member);  (),info@scranet.org,T-Transportation,,39607
MSA Delivery Service (B),"4228 Northstar Drive Murfreesboro, TN 37129 United States",,,,,(615) 967-1810,4228,4228,,https://www.msadelivery.com,Member Get (a-Member);  (),info@scranet.org,T-Transportation,,37880
MSG Motorway LLC,"16615 Harbor Falls Dr Cypress, TX 77433 United States",,,,,(713) 907-2572,16615,16615,,https://www.Msgmotorway.com,Member Get (a-Member);  (),info@scranet.org,O-Oil FieldT-Transportation,2024,51640
"MTS Quanta, LLC","10000 Energy Drive  Floor 4 Spring,  77389 United States",,,,,(979) 997-1397,10000,10000,eric.wooters@tgmercer.com,https://,Member Get (a-Member);  (),info@scranet.org,,2025,53045
Multiprens USA,"20 Ohio Avenue Kansas City, KS 68118 United States",,,,,(913) 371-6999,68118,68118,dianna.reno@multiprensusa.com,https://www.multiprensusa.com,Member Get (a-Member);  (),info@scranet.org,,2025,53540
"Murphy Rigging & Erecting, Inc.","807 Hampden Ave N Saint Paul, MN 55114 United States",,,,,(612) 623-1270,807,807,,https://www.murphyrigging.com,Member Get (a-Member);  (),info@scranet.org,C-Crane & RiggingM-MillwrightT-Transportation,1985,10423
MWM Construction & Rigging LLC,"3940 US Hwy 221 South Forest City, NC 28043 United States",,,,,(828) 305-7520,3940,3940,,https://www.mwmnc.com,Member Get (a-Member);  (),info@scranet.org,C-Crane & RiggingM-MillwrightT-Transportation,2019,47342
MWM Construction & Rigging LLC (B),"3940 US Hwy 221 South Forest City, NC 28043 United States",,,,,(828) 305-7520,3940,3940,,https://www.mwmnc.com,Member Get (a-Member);  (),info@scranet.org,C-Crane & RiggingM-MillwrightT-Transportation,,51684
MY EQUIPMENT LLC,"1400 Broadfield Blvd. Houston, TX 77084 United States",,,,,(713) 304-6013,1400,1400,,https://www.my-equipment.com,Member Get (a-Member);  (),info@scranet.org,,2025,53430
"Myers Machinery Movers, Inc.","2210 Hardy Parkway Street Grove City, OH 43123 United States",,,,,(614) 871-4990,2210,2210,,https://www.MyersMachineryMovers.com,Member Get (a-Member);  (),info@scranet.org,C-Crane & RiggingM-MillwrightT-Transportation,2013,10424
"Myron Bowling Auctioneers, Inc.","3901 Kraus Lane Hamilton, OH 45014 United States",,,,,(513) 738-3311,3901,3901,,https://www.myronbowling.com,Member Get (a-Member);  (),info@scranet.org,,2008,31923
Myshak Sales & Rentals,"28527 Acheson Road Acheson, AB T7X 6A8 Canada",,,,,(780) 948-2427,28527,28527,,https://www.myshakgroup.com,Member Get (a-Member);  (),info@scranet.org,C-Crane & RiggingT-Transportation,2018,45120
Mytee Products,"30701 Carter Street Solon, OH 44139 United States",,,,,(888) 705-8277,30701,30701,crist@myteeproducts.com,https://https://myteeproducts.com,Member Get (a-Member);  (),info@scranet.org,,2025,54209
Nabholz Industrial Services,"801 Fiber Optic Drive North Little Rock, AR 72117 United States",,,,,(501) 217-5505,801,801,,https://www.nabholz.com,Member Get (a-Member);  (),info@scranet.org,C-Crane & RiggingM-MillwrightT-Transportation,2000,12249
Nabholz Industrial Services (B),"105 Challenger Drive Portland, TN 37148 United States",,,,,(615) 256-1780,105,105,,https://www.nabholz.com,Member Get (a-Member);  (),info@scranet.org,C-Crane & RiggingM-MillwrightT-Transportation,,47653
Nabholz Industrial Services (B),"110 S 129th East Ave. Tulsa, OK 74108 United States",,,,,(918) 632-7205,110,110,,https://www.nabholz.com,Member Get (a-Member);  (),info@scranet.org,C-Crane & RiggingM-MillwrightT-Transportation,,42980
Nabholz Industrial Services (B),"1101 Lincoln St. Conway, AR 72032 United States",,,,,(501) 217-5505,1101,1101,,https://www.nabholz.com,Member Get (a-Member);  (),info@scranet.org,C-Crane & RiggingM-MillwrightT-Transportation,,13919
Nabholz Industrial Services (B),"1838 N Eldon Springfield, MO 65803 United States",,,,,(417) 227-0559,1838,1838,,https://www.nabholz.com,Member Get (a-Member);  (),info@scranet.org,C-Crane & RiggingM-MillwrightT-Transportation,,47652
Nabholz Industrial Services (B),"300 Hwy 51 Hernando, MS 38632 United States",,,,,(901) 791-3900,300,300,,https://www.nabholz.com,Member Get (a-Member);  (),info@scranet.org,C-Crane & RiggingM-MillwrightT-Transportation,,36162
Nabholz Industrial Services (B),"307 Stribling Dr. Rogers, AR 72756 United States",,,,,(479) 659-7905,307,307,,https://www.nabholz.com,Member Get (a-Member);  (),info@scranet.org,C-Crane & RiggingM-MillwrightT-Transportation,,13920
Nabros Transport PVT. LTD.,"D-1201 Titanium Square,  Thaltej Cross Roads S. G. Road, Thatej Ahmedabad,  380 054 India",,,,,(91) 79 2970 2617,1201,1201,nilesh@nabrostransport.com,https://www.nabrostransport.com,Member Get (a-Member);  (),info@scranet.org,C-Crane & RiggingI-InternationalO-Oil FieldS-SteelT-Transportation,1994,10526
National Interstate Insurance Company,"3250 Interstate Dr Richfield, OH 44286 United States",,,,,(330) 659-8900,3250,3250,,https://www.natl.com,Member Get (a-Member);  (),info@scranet.org,,2007,27686
NCCER (National Center for Construction Education and Research),"13614 Progress Boulevard Alachua, FL 32615 United States",,,,,(386) 518-6913,13614,13614,rrice@nccer.org,https://www.nccer.org,Member Get (a-Member);  (),info@scranet.org,,2025,33729
NCSG Crane & Heavy Haul (B),"8289 265 Rd. Fort St. John, BC V0C 1H0 Canada",,,,,(250) 787-0930,8289 265,8289 265,,https://www.barnhartcrane.com,Member Get (a-Member);  (),info@scranet.org,C-Crane & RiggingI-InternationalT-Transportation,,36153
Nelson Trailers,"6448 State Route 224 Ottawa, OH 45875 United States",,,,,(419) 523-5321,6448,6448,,https://www.nelsontrailers.com,Member Get (a-Member);  (),info@scranet.org,,1991,10532
NessCampbell Crane + Rigging,"5775 NE Wagon Dr. Hillsboro, OR 97124 United States",,,,,(503) 283-3111,5775,5775,,https://www.nesscampbell.com,Member Get (a-Member);  (),info@scranet.org,C-Crane & Rigging,1987,10534
NessCampbell Crane + Rigging (B),"1821 180th St. SE Bothell, WA 98012 United States",,,,,(206) 784-1054,1821 180,1821 180,,https://www.nesscampbell.com,Member Get (a-Member);  (),info@scranet.org,C-Crane & Rigging,,32275
New Heights Insurance Solutions,"PO Box 1688 Doylestown, PA 18901 United States",,,,,(215) 809-2161,1688,1688,,https://www.newheightsinsurance.com,Member Get (a-Member);  (),info@scranet.org,,2012,35802
"New York Truck Escort & Permits, Inc.","PO Box 1814 West Babylon, NY 11704-7123 United States",,,,,(631) 669-3742,1814,1814,,https://www.NewYorkTruckEscorts.com,Member Get (a-Member);  (),info@scranet.org,,2005,20625
Newco Industrial Ltd.,"289 Alliance Road Milton, ON L9T 3M6 Canada",,,,,(905) 878-3478,289,289,kposavad@newcoindustrial.com,https://www.newcoindustrial.com,Member Get (a-Member);  (),info@scranet.org,C-Crane & RiggingI-InternationalM-MillwrightT-Transportation,2004,16744
Nexgen Crane & Rigging,"40775 US 45 Hamilton, MS 39746 United States",,,,,(662) 343-9343,299,299,,https://www.nexgencrane.com,Member Get (a-Member);  (),info@scranet.org,C-Crane & RiggingT-Transportation,2018,45928
Nexgen Crane & Rigging (B),"317 Market St. W Athens, AL 35612 United States",,,,,(256) 795-8238,317,317,,https://www.nexgencrane.com,Member Get (a-Member);  (),info@scranet.org,C-Crane & RiggingT-Transportation,,50275
NexGen Transportation,"28920 Acheson Rd Acheson, AB T7X 6A8 Canada",,,,,(587) 943-8015,28920,28920,kfrenz@nexgentransportation.com,https://www.nexgentransportation.com,Member Get (a-Member);  (),info@scranet.org,C-Crane & RiggingI-InternationalO-Oil FieldT-Transportation,2020,47874
Next Generation in Trucking Association,"9523 US Highway 42  PO Box 534 Prospect, KY 40059 United States",,,,,(502) 821-2820,9523,9523,lindsey@nextgentrucking.org,https://www.nextgentrucking.org,Member Get (a-Member);  (),info@scranet.org,,,50396
Nextgen Heavy Haulers LLC,"2810 S Canal Rd Lansing, MI 48917 United States",,,,,(517) 803-2443,2810,2810,,https://,Member Get (a-Member);  (),info@scranet.org,T-Transportation,2025,52955
"Nicolozakes Trucking & Construction, Inc.","8555 Georgetown Road  P.O. Box 670 Cambridge, OH 43725 United States",,,,,(740) 432-5648,8555,8555,,https://www.nicolozakes.com,Member Get (a-Member);  (),info@scranet.org,C-Crane & RiggingM-MillwrightO-Oil FieldT-Transportation,1997,10539
NJ Crane Expert,"843 St. Route 12  Unit 7 Flemington, NJ 08825 United States",,,,,(908) 219-9084,843,843,jtielmann@njcraneexpert.com,https://www.njcraneexpert.com,Member Get (a-Member);  (),info@scranet.org,,2021,49324
Nomad Permits,"2644 Southwood Dr. Dallas, TX 75233 United States",,,,,(469) 644-2125,2644,2644,,https://www.nomadpermits.com,Member Get (a-Member);  (),info@scranet.org,,2022,50342
"Norris Brothers Co., Inc.","2138 Davenport Avenue Cleveland, OH 44114 United States",,,,,(216) 771-2233,2138,2138,,https://www.norrisbr.com,Member Get (a-Member);  (),info@scranet.org,C-Crane & RiggingM-MillwrightT-Transportation,1981,10543
"North American Crane & Rigging, LLC","33 Acorn Street  Suite 215 Providence, RI 02903 United States",,,,,(888) 676-2229,215,215,,https://www.nacranes.com,Member Get (a-Member);  (),info@scranet.org,C-Crane & RiggingM-MillwrightT-Transportation,2026,40411
"North American Millwright Service, Inc.","4480 North Point Blvd. Baltimore, MD 21219 United States",,,,,(410) 388-9870,4480,4480,,https://www.namillwright.com,Member Get (a-Member);  (),info@scranet.org,C-Crane & RiggingM-MillwrightT-Transportation,1998,10544
North American Specialized Transport,"24705 Mound Rd. Warren, MI 48091 United States",,,,,(586) 203-2600,24705,24705,jruhlman@naspecialized.com,https://,Member Get (a-Member);  (),info@scranet.org,I-InternationalS-SteelT-Transportation,2016,43033
"North Texas Crane Service, Inc.","1120 Texas Street  Building A Lewisville, TX 75057 United States",,,,,(972) 436-2500,1120,1120,rob@northtexascrane.com,https://www.northtexascrane.com,Member Get (a-Member);  (),info@scranet.org,C-Crane & Rigging,2019,41977
"Northeast Builders Transport, Inc","835 Plain St Unit 14 Marshfield, MA 02050 United States",,,,,(781) 837-6004,835,835,,https://www.NBTINC.net,Member Get (a-Member);  (),info@scranet.org,T-Transportation,2002,14722
"Northern Crane, LLC","1520 Park Street  PO Box 964 Palmer, MA 01069 United States",,,,,(413) 289-1230,1520,1520,,https://,Member Get (a-Member);  (),info@scranet.org,C-Crane & Rigging,2020,47819
Northwest Corp.,"1001 E 52nd St N Sioux Falls, SD 57104 United States",,,,,(605) 334-4700,1001,1001,landonl@northwestcorp.com,https://www.northwestcorp.com,Member Get (a-Member);  (),info@scranet.org,C-Crane & RiggingM-MillwrightO-Oil FieldS-SteelT-Transportation,2021,48960
"Northwest Crane Service, L.L.C.","2900 W. Reno Ave. Oklahoma City, OK 73107 United States",,,,,(405) 373-2979 (24 Hrs.),2900,2900,,https://www.northwestcompanies.com,Member Get (a-Member);  (),info@scranet.org,C-Crane & RiggingO-Oil FieldT-Transportation,2001,13305
Northwest Logistics Heavy Haul,"2900 W. Reno Ave. Oklahoma City, OK 73107 United States",,,,,(405) 506-1850 (24 hrs.),2900,2900,,https://www.northwestcompanies.com,Member Get (a-Member);  (),info@scranet.org,C-Crane & RiggingO-Oil FieldT-Transportation,2014,38557
NOVA Permits & Pilot Cars,"P.O. Box 44559, Normandie Branch Levis, QC G7A 4X5 Canada",,,,,(418) 527-7775,44559,44559,,https://www.novapermits.com,Member Get (a-Member);  (),info@scranet.org,,1993,10548
Nova USA Wood Products LLC,"3821 24th Avenue Forest Grove, OR 97116 United States",,,,,(503) 455-8326,3821 24,3821 24,bill@novausawood.com,https://www.trailerdecking.com,Member Get (a-Member);  (),info@scranet.org,,2024,51633
NYC Constructors LLC,"110 East 42nd Street  Suite 1502 New York, NY 10017 United States",,,,,(212) 444-1044,110,110,,https://www.nycconstructors.com,Member Get (a-Member);  (),info@scranet.org,C-Crane & RiggingS-SteelT-Transportation,2017,44045
Ocean Transport Services LLC,"922 E. Broadway Milford, CT 06460 United States",,,,,(203) 830-9912,922,922,,https://,Member Get (a-Member);  (),info@scranet.org,T-Transportation,2001,13717
"OCS Industries, Inc.","327 Mill Street Poughkeepsie, NY 12601 United States",,,,,(845) 692-8450,327,327,,https://www.ocsindustries.com,Member Get (a-Member);  (),info@scranet.org,C-Crane & RiggingM-MillwrightS-SteelT-Transportation,1997,10774
ODS North America,"200-1000 Emile-Bouchard Vaudreuil-Dorion, QC J7V 0W3 Canada",,,,,(514) 335-7164,200-1000,200-1000,,https://www.odsna.com,Member Get (a-Member);  (),info@scranet.org,,2011,34470
Offload,"817 Broadway, 7th Floor New York, NY 10003 United States",,,,,(805) 402-4417,817,817,,https://,Member Get (a-Member);  (),info@scranet.org,,2023,51378
Ogletree Deakins,"8529 Six Forks Road, Forum IV  Suite 600 Raleigh, NC 27615 United States",,,,,(646) 761-1692,8529,8529,,https://www.ogletree.com,Member Get (a-Member);  (),info@scranet.org,,2023,50634
Olinger Heavy Hauling,"7405 E. 12th St. Kansas City, MO 64126 United States",,,,,(816) 231-4922,7405,7405,,https://www.olingerheavyhauling.com,Member Get (a-Member);  (),info@scranet.org,C-Crane & RiggingM-MillwrightS-SteelT-Transportation,2012,24236
"Olori Crane Service, Inc.","11 Seeger Drive Nanuet, NY 10954 United States",,,,,(845) 623-1267,10954,10954,,https://www.oloricrane.com,Member Get (a-Member);  (),info@scranet.org,C-Crane & RiggingT-Transportation,2006,21156
Omega Crane Rental Services,"PO Box 778 Greenville, AL 36037 United States",,,,,(334) 617-3292,778,778,troyj@omegacrane.com,https://www.omegacrane.com,Member Get (a-Member);  (),info@scranet.org,C-Crane & Rigging,2017,44427
Omega Morgan,"5602 NE Huffman St. Hilsboro, OR 97124 United States",,,,,(503) 647-7474,5602,5602,,https://www.omegamorgan.com,Member Get (a-Member);  (),info@scranet.org,C-Crane & RiggingM-MillwrightT-Transportation,1996,10410
Omega Morgan (B),"285020 Bluegrass Drive SE Rockyview County, AB T1X 0P3 Canada",,,,,,285020,285020,,https://www.omegamorgan.com,Member Get (a-Member);  (),info@scranet.org,C-Crane & RiggingM-MillwrightT-Transportation,,40269
Omega Morgan (B),"2116 Northland Drive Nampa, ID 83687 United States",,,,,(208) 644-8025,2116,2116,,https://www.omegamorgan.com,Member Get (a-Member);  (),info@scranet.org,C-Crane & RiggingM-MillwrightT-Transportation,,36184
Omega Morgan (B),"1222 46th Avenue East Fife, WA 98424 United States",,,,,(253) 852-7500,1222 46,1222 46,,https://www.omegamorgan.com,Member Get (a-Member);  (),info@scranet.org,C-Crane & RiggingM-MillwrightT-Transportation,2004,12371
Omega Morgan (B),"2321 E Pioneer Dr. Irving, TX 75061 United States",,,,,(214) 506-0172,2321,2321,,https://www.omegamorgan.com,Member Get (a-Member);  (),info@scranet.org,C-Crane & RiggingM-MillwrightT-Transportation,,51393
Omega Morgan (B),"16525 Old Houston Rd. Conroe, TX 77302 United States",,,,,(281) 500-8379,16525,16525,,https://www.omegamorgan.com,Member Get (a-Member);  (),info@scranet.org,C-Crane & RiggingM-MillwrightT-Transportation,,50250
Omega Riggers Inc.,"3705 West Valley Hwy N. Auburn, WA 98001 United States",,,,,(253) 804-6000,3705,3705,,https://www.omegariggers.com,Member Get (a-Member);  (),info@scranet.org,C-Crane & RiggingM-Millwright,2017,44374
One Retirement Source,"291 Main St. West Newbury, MA 01985 United States",,,,,(978) 363-1677,291,291,dean@oneretirementsource.com,https://www.oneretirementsource.com,Member Get (a-Member);  (),info@scranet.org,,2019,47082
OOG Project Group,"8467 North Highway 17 Mc Clellanville, SC 29458 United States",,,,,(843) 296-4820,8467,8467,,https://,Member Get (a-Member);  (),info@scranet.org,,2021,48419
Operating Engineers 324,"550 Hulet Dr  Ste 101 Bloomfield Township, MI 48302 United States",,,,,(248) 451- 0324,500,500,,https://www.oe324.org,Member Get (a-Member);  (),info@scranet.org,C-Crane & Rigging,2019,46239
Operating Engineers Local Union No. 3,"2540 N Watney Way Fairfield, CA 94533 United States",,,,,(707) 429-5008,2540,2540,,https://www.oe3.org,Member Get (a-Member);  (),info@scranet.org,,2017,43435
"Oppenheimer & Co., Inc.","100 International Drive  Suite 19200 Baltimore, MD 21202 United States",,,,,(410) 223-1921,100,100,,https://,Member Get (a-Member);  (),info@scranet.org,,2025,53317
Orange County Sanitation District,"10844 Ellis Avenue Fountain Valley, CA 92708 United States",,,,,(714) 593-7037,10844,10844,,https://www.ocsd.com,Member Get (a-Member);  (),info@scranet.org,,2025,40227
Orion,"1715 N Westshore Blvd Tampa, FL 33607 United States",,,,,(407) 927-9541,1715,1715,msmith@orn.net,https://www.oriongroupholdingsinc.com,Member Get (a-Member);  (),info@scranet.org,C-Crane & RiggingI-International,2024,51948
"Osborne Machinery Movers, Inc.","P.O. Box 875 Birmingham, AL 35201 United States",,,,,(205) 841-3800,875,875,,https://www.osbornemachinery.com,Member Get (a-Member);  (),info@scranet.org,C-Crane & RiggingM-Millwright,2007,27795
OTEX Specialty Narrow Fabrics,"4 Essex Avenue  Suite #403 Bernardsville, NJ 07924 United States",,,,,(908) 879-3636,403,403,earts@osnf.com,https://www.osnf.com,Member Get (a-Member);  (),info@scranet.org,,2021,48997
"Overland Motor Escort, LLC","29630 Tanglewood St. Magnolia, TX 77354 United States",,,,,(713) 248-8335,29630,29630,,https://,Member Get (a-Member);  (),info@scranet.org,,2014,38141
Oversize Optimized LLC,"47 S Fairlane Ave Myerstown, PA 17067 United States",,,,,(717) 703-9611,17067-2306,17067-2306,Travis@OversizeOptimized.com,https://www.OversizeOptimized.com,Member Get (a-Member);  (),info@scranet.org,,2025,54003
"OXBO, Inc.","53026 NW Thornton Dr.  Suite 1 Scappoose, OR 97056 United States",,,,,(503) 543-6696,53026,53026,,https://www.oxboinc.com,Member Get (a-Member);  (),info@scranet.org,C-Crane & RiggingO-Oil FieldT-Transportation,2010,33523
"OXBO, Inc. (B)","16525 FM 521 Road Rosharon, TX 77583 United States",,,,,(281) 595-2020,16525,16525,,https://www.oxboinc.com,Member Get (a-Member);  (),info@scranet.org,C-Crane & RiggingO-Oil FieldT-Transportation,,48437
"OXBO, Inc. (B)","9208 NE Highway 99  Suite 107-708 Vancouver, WA 98665 United States",,,,,(503) 543-6696,9208,9208,,https://www.oxboinc.com,Member Get (a-Member);  (),info@scranet.org,C-Crane & RiggingO-Oil FieldT-Transportation,,48436
"Oxcart Permit Systems, LLC","440 W Colfax Street  Unit 2384 Palatine, IL 60078 United States",,,,,(331) 205-8180,440,440,,https://www.oxcartpermits.com,Member Get (a-Member);  (),info@scranet.org,,2015,40030
Oxford Builders Supplies,"2045 Oxford St East London, ON N6A 4M6 Canada",,,,,(519) 659-5622,2045,2045,,https://www.oxfordbuilders.ca,Member Get (a-Member);  (),info@scranet.org,C-Crane & RiggingT-Transportation,2008,28142
Oxford Crane,"3025 S Cravens Road Fort Worth, TX 76119 United States",,,,,(469) 404-8656,3025,3025,,https://www.oxfordcrane-tx.com,Member Get (a-Member);  (),info@scranet.org,C-Crane & RiggingT-Transportation,2024,52872
"Ozark Crane, Inc.","2700 CR100 Carthage, MO 64836 United States",,,,,(417) 623-7637,2700,2700,,https://www.ozarkcrane.us,Member Get (a-Member);  (),info@scranet.org,C-Crane & RiggingM-MillwrightS-SteelT-Transportation,2004,16864
"Ozark Crane, Inc. (B)","1406 W. Divison St. Springfield, MO 65802 United States",,,,,(417) 864-6764,1406,1406,,https://www.ozarkcrane.us,Member Get (a-Member);  (),info@scranet.org,C-Crane & RiggingS-SteelT-Transportation,,46052
P2L Logistics,"200-5200 Boulevard Des Laurentides Laval, QC H7K 2J8 Canada",,,,,(514) 885-2636,200-5200,200-5200,,https://www.p2lsynergies.com,Member Get (a-Member);  (),info@scranet.org,,2023,51589
"Paddack's Heavy Transport & Wrecker Service, Inc","18702 Chad Hittle Dr Westfield, IN 46074 United States",,,,,(317) 896-3206,18702,18702,,https://www.paddacks.com,Member Get (a-Member);  (),info@scranet.org,C-Crane & RiggingT-Transportation,2015,40856
Paddock Transport International,"199 Arvin Ave. Stoney Creek, ON L8E 2L9 Canada",,,,,(905) 667-8755,199,199,,https://www.paddocktransport.com,Member Get (a-Member);  (),info@scranet.org,I-InternationalS-SteelT-Transportation,2004,16629
"Padgett, Inc.","901 East Fourth Street New Albany, IN 47150 United States",,,,,(812) 945-2391,901,901,rjpadgett@padgett-inc.com,https://www.padgett-inc.com,Member Get (a-Member);  (),info@scranet.org,C-Crane & RiggingM-Millwright,1991,10785
"Padgett, Inc. (B)","901 East Fourth Street New Albany, IN 47150 United States",,,,,(812) 945-2391,901,901,rjpadgett@padgett-inc.com,https://www.padgett-inc.com,Member Get (a-Member);  (),info@scranet.org,C-Crane & RiggingM-Millwright,,12374
Pahoa Express Inc,"38151 Groesbeck Hwy Clinton Township, MI 48036 United States",,,,,(586) 465-5599,38151,38151,,https://www.pahoaexpress.com,Member Get (a-Member);  (),info@scranet.org,T-Transportation,2015,41164
Palco Transportation LLC,"1151 Old Trenton Road West Winsor, NJ 08550 United States",,,,,(609) 306-5038,1151,1151,amberpalecek@outlook.com,https://,Member Get (a-Member);  (),info@scranet.org,T-Transportation,2018,45973
"Palletized Trucking, Inc.","13805 Industrial Road Houston, TX 77015 United States",,,,,(713) 225-3303,13805,13805,,https://www.palletizedtrucking.com,Member Get (a-Member);  (),info@scranet.org,I-InternationalO-Oil FieldS-SteelT-Transportation,2005,20761
"Panhandle Steel Erectors, Inc.","PO Box 31270  3805 South FM 1258 Amarillo, TX 79120 United States",,,,,(806) 335-2491,"31270
3805","31270
3805",,https://www.panhandlesteel.com,Member Get (a-Member);  (),info@scranet.org,C-Crane & RiggingO-Oil Field,1982,10787
Parker's Crane Service Inc.,"3940 Penninger Rd. Concord, NC 28025 United States",,,,,(704) 788-2614,3940,3940,,https://www.parkercrane.com,Member Get (a-Member);  (),info@scranet.org,C-Crane & RiggingT-Transportation,2008,29851
PartnerShip LLC,"528 East Lorain Street Oberlin, Oh 44074 United States",,,,,(800) 599-2902,528,528,,https://www.partnership.com/04SCRA,Member Get (a-Member);  (),info@scranet.org,,2012,35682
Partnersure Corp/Partnersure Underwriting,"952 Echo Lane  Suite 331 Houston, TX 77024 United States",,,,,(682) 251-5562,952,952,tbrakner@partnersureunderwriting.com,https://www.partnersurecorp.com,Member Get (a-Member);  (),info@scranet.org,,2026,54676
Path Finder Consulting Group LLC,"4913 Donovan Dr. Alexandria, VA 22304 United States",,,,,(757) 912-3757,4913,4913,,https://www.pfcgllc.com,Member Get (a-Member);  (),info@scranet.org,,2023,50962
"Patriot Crane and Rigging, LLC","155 Ida Street Omaha, NE 68110 United States",,,,,(402) 431-2744,155,155,sham@patriotcranerigging.com,https://www.patriotnation1.com,Member Get (a-Member);  (),info@scranet.org,C-Crane & RiggingM-MillwrightT-Transportation,2022,38066
"Patriot Crane and Rigging, LLC (B)","10180 N. Hansen Ave. Hastings, NE 68901 United States",,,,,(308) 321-2726,10180,10180,sham@patriotcranerigging.com,https://www.patriotnation1.com,Member Get (a-Member);  (),info@scranet.org,C-Crane & RiggingM-MillwrightT-Transportation,,50522
"Patriot Crane and Rigging, LLC (B)","700 Calvert Street Lincoln, NE 68502 United States",,,,,(531) 248-5438,700,700,sham@patriotcranerigging.com,https://www.patriotnation1.com,Member Get (a-Member);  (),info@scranet.org,C-Crane & RiggingM-MillwrightT-Transportation,,50521
PCE Investment Bankers | ESOP | Valuation,"215 East Ridgewood Avenue  Suite 206 Ridgewood, NJ 07450 United States",,,,,(201) 444-6280 x1,215,215,,https://www.pcecompanies.com,Member Get (a-Member);  (),info@scranet.org,,2012,34672
PCL Resources USA,"2001 E 66th Ave. Denver, CO 80229 United States",,,,,(303) 446-4320,2001,2001,,https://www.pcl.com,Member Get (a-Member);  (),info@scranet.org,C-Crane & Rigging,2015,41021
Pease Group,"3726 E. Ember Glow Way Phoenix, AZ 85050 United States",,,,,(703) 946-5055,3726,3726,trevor@peasegroup.net,https://www.peasegroup.com,Member Get (a-Member);  (),info@scranet.org,,2025,54327
Pedowitz Machinery Movers,"1765 Express Drive North Hauppauge, NY 11788 United States",,,,,(203) 876-4711,1765,1765,joed@pedowitz.com,https://www.pedowitz.com,Member Get (a-Member);  (),info@scranet.org,C-Crane & RiggingT-Transportation,2020,48401
"Peninsula Crane & Rigging/Art Alger, Inc.","656 Wool Creek Drive San Jose, CA 95112 United States",,,,,(408) 294-4841,656,656,,https://www.peninsulacrane.com,Member Get (a-Member);  (),info@scranet.org,C-Crane & RiggingM-Millwright,2009,10794
Performance Transport,"11408 Cactus Ave. Bloomington, CA 92316 United States",,,,,(909) 464-1444,11408,11408,,https://www.performancetransport.com,Member Get (a-Member);  (),info@scranet.org,T-Transportation,2019,41671
"Permit America, Inc.","116 Collision Center Dr., Suite B,  PO Box 1409 Frankfort, KY 40602 United States",,,,,(502) 695-5852,116,116,msimpson@permitamerica.com,https://www.permitamerica.com,Member Get (a-Member);  (),info@scranet.org,,2002,13940
Pewag USA,"600 West Crossroads Parkway Bolingbrook, IL 60440 United States",,,,,(630) 566-1394,600,600,pclark@pewagchain.com,https://www.pewag.us,Member Get (a-Member);  (),info@scranet.org,,2023,51319
Pfeifer Wire Rope & Lifting Technology,"600 Industry Dr Hampton, VA 23661 United States",,,,,(757) 825-2544,600,600,,https://www.pfeifer.us.com,Member Get (a-Member);  (),info@scranet.org,,2008,32085
"Phase 4 Machinery, Inc.","PO Box 510108 Saint Louis, MO 63151 United States",,,,,(636) 461-0212,510108,510108,,https://,Member Get (a-Member);  (),info@scranet.org,C-Crane & RiggingM-MillwrightT-Transportation,2009,32886
"Phoenix Crane Service, Inc.","1855 Dickerson Drive Mableton, GA 30126 United States",,,,,(404) 696-1522,1855,1855,mknott@phoenixcrane.com,https://www.phoenixcrane.com,Member Get (a-Member);  (),info@scranet.org,C-Crane & Rigging,2016,10800
"Phoenix Machinery Movers, Inc.","50555 Corporate Drive Shelby Township, MI 48315 United States",,,,,(586) 731-9100,50555,50555,,https://www.phoenixmachinerymovers.com,Member Get (a-Member);  (),info@scranet.org,C-Crane & RiggingM-MillwrightT-Transportation,1998,10801
"Pillinger Miller Tarallo, LLP","232 Madison Avenue  Suite 909 New York, NY 10016 United States",,,,,(212) 461-6115,232,232,,https://www.pmtlawfirm.com,Member Get (a-Member);  (),info@scranet.org,,2018,46063
"Pilotcarz4u, L.L.C.","P.O. Box 864 Williston, SC 29853 United States",,,,,(803) 300-1282,864,864,,https://www.pilotcarz4u.com,Member Get (a-Member);  (),info@scranet.org,,2002,13538
Pinnacle Logistics Solutions Ltd.,"93 Grand Ave S  Suite 201 Cambridge, ON N1S 2L7 Canada",,,,,(519) 577-4285,201,201,,https://www.pinnaclelogistics.ca,Member Get (a-Member);  (),info@scranet.org,,2018,46030
"Pinnacle Trailer Sales, Inc.","5510 US Hwy 421 N. Wilmington, NC 28401 United States",,,,,(910) 342-0445,5510,5510,Btanner@pinnacletrailers.com,https://www.pinnacletrailers.com,Member Get (a-Member);  (),info@scranet.org,,2019,47441
"Pinnacle Trailer Sales, Inc. (B)","430 Ewing Drive Lynchburg, VA 24588 United States",,,,,(434) 333-0153,430,430,Btanner@pinnacletrailers.com,https://www.Pinnacletrailers.com,Member Get (a-Member);  (),info@scranet.org,,,51584
"Pinnacle Trailer Sales, Inc. (B)","9436 Charleston Hwy Saint George, SC 29477 United States",,,,,(843) 636-6062,9436,9436,Btanner@pinnacletrailers.com,https://www.Pinnacletrailers.com,Member Get (a-Member);  (),info@scranet.org,,,51582
"Pinnacle Trailer Sales, Inc. (B)","150 Best Drive Spartanburg, SC 29303 United States",,,,,(864) 208-0670,150,150,Btanner@pinnacletrailers.com,https://www.Pinnacletrailers.com,Member Get (a-Member);  (),info@scranet.org,,,51583
"Pinnacle Truck & Trailer Sales, LLC","176 Charter Place Nashville, TN 37086 United States",,,,,(615) 793-9890,176,176,,https://www.pinnaclellc.us,Member Get (a-Member);  (),info@scranet.org,,2009,32922
"Pion, Nerone, Girman, Winslow and Smith","1500 One Gateway Center  420 Ft. Duquesne Blvd. Pittsburgh, PA 15222 United States",,,,,(412) 281-2288,1500,1500,,https://www.pionjohnston.com,Member Get (a-Member);  (),info@scranet.org,,2010,12958
Pioneer Heavy Haul Inc.,"262 Silverthorn Street Welland, ON L3B 5N4 Canada",,,,,(905) 732-9895,262,262,sales@pioneerhh.com,https://www.pioneerheavyhaul.com,Member Get (a-Member);  (),info@scranet.org,C-Crane & RiggingI-InternationalS-SteelT-Transportation,1995,10182
Pioneer Heavy Haul Inc. (B),"#8 221-26229 TWP Rd., 531A Acheson, AB T7X 5A4 Canada",,,,,(905) 732-9895,8 221-26229,8 221-26229,sales@pioneerhh.com,https://www.pioneerheavyhaul.com,Member Get (a-Member);  (),info@scranet.org,C-Crane & RiggingI-InternationalS-SteelT-Transportation,,39863
Pioneer Heavy Haul Inc. (B),"P.O. Box 894 Buffalo, NY 14201 United States",,,,,(905) 732-9895,894,894,sales@pioneerhh.com,https://www.pioneerheavyhaul.com,Member Get (a-Member);  (),info@scranet.org,C-Crane & RiggingI-InternationalS-SteelT-Transportation,,12258
Platinum Global Talent Solutions Ltd.,"240 - 70 Shawville Blvd SE Calgary, AB T2Y 2Z3 Canada",,,,,(403) 850-5420,240 - 70,240 - 70,lisa.larson@platinumgts.com,https://www.platinumgts.com,Member Get (a-Member);  (),info@scranet.org,,2025,54100
Poindexter Transport,"P.O. Box 36399 Indianapolis, IN 46236 United States",,,,,(317) 823-6837,36399,36399,,https://www.poindexterexcavating.com,Member Get (a-Member);  (),info@scranet.org,T-Transportation,1995,10810
POL-INOWEX Sp. Z O. O.,"Handlowa 8 Lublin, Lubelskie 20-387 Poland",,,,,0048817518056,"8
20-387","8
20-387",,https://www.polinowex.pl,Member Get (a-Member);  (),info@scranet.org,,2019,46230
Power Rigging Mexico,"Caliza 112  Terrapark Colosio Santa Catarina, NL 66367 Mexico",,,,,,112,112,r.chapa@prm.lat,https://www.prm.lat,Member Get (a-Member);  (),info@scranet.org,C-Crane & RiggingI-InternationalT-Transportation,2025,54322
PowerAttack GmbH,"Hans-Keil-Str. 8 Gerlingen,  70839 Germany",,,,,49-0-7156-1773342,"8
70839","8
70839",,https://www.powerattack.biz,Member Get (a-Member);  (),info@scranet.org,,2008,28848
Powersource Transportation,"6480 Ameriplex Drive Portage, IN 46368 United States",,,,,(800) 438-8789,6480,6480,-Barb@powersourcetrans.com,https://www.powersourcetrans.com,Member Get (a-Member);  (),info@scranet.org,T-Transportation,2026,10814
Prairie Crane,"38 Capital Circle Corman Park, SK S7R 0H4 Canada",,,,,(306) 651-1272,(306) 651-1272,(306) 651-1272,,https://,Member Get (a-Member);  (),info@scranet.org,C-Crane & Rigging,2025,53132
Praxedo Corp,"515 N State Street Chicago, IL 60654 United States",,,,,(224) 297-1644,515,515,maura.mccabe@praxedo.com,https://www.praxedo.com,Member Get (a-Member);  (),info@scranet.org,,2026,54546
Precision Crane Service,"7590 Conde Lane Windsor, CA 95492 United States",,,,,(707) 546-6900,7590,7590,,https://www.pcsnorcal.com,Member Get (a-Member);  (),info@scranet.org,C-Crane & RiggingT-Transportation,2017,20279
Precision Crane Training,"11501 S Portland Oklahoma City, OK 73170 United States",,,,,(405) 251-0069,11501,11501,kbuckaloo@precisioncranetraining.com,https://www.precisioncranetraining.com,Member Get (a-Member);  (),info@scranet.org,,2023,51364
"Precision Heavy Haul, Inc.","P.O. Box 797 Tolleson, AZ 85353 United States",,,,,(623) 936-6161,797,797,dispatch@precisionheavyhaul.com,https://www.precisionheavyhaul.com,Member Get (a-Member);  (),info@scranet.org,C-Crane & RiggingM-MillwrightT-Transportation,1996,10815
"Precision Rigging & Contracting Co., Inc.","P.O. Box 15305 Tampa, FL 33684 United States",,,,,(813) 886-3553,15305,15305,,https://www.precisionrigging.com,Member Get (a-Member);  (),info@scranet.org,C-Crane & RiggingT-Transportation,1982,10817
Precision Specialized Inc.,"319 Bishopsgate Rd Burford, ON N0E 1A0 Canada",,,,,(905) 265-5792,319,319,,https://www.precisionspecialized.com,Member Get (a-Member);  (),info@scranet.org,C-Crane & RiggingI-InternationalO-Oil FieldT-Transportation,2010,33588
Premier Wire Rope,"5048 Timber Creek Rd Houston, TX 77017 United States",,,,,(713) 979-5300,5048,5048,,https://www.premierwirerope.com,Member Get (a-Member);  (),info@scranet.org,,2009,32651
Pressure Systems International,"4323 Interstate Way San Antonio, TX 78219 United States",,,,,(210) 222-1926,4323,4323,,https://www.psitireinflation.com,Member Get (a-Member);  (),info@scranet.org,,2017,27755
"Prestress Transportation, LLC","7855 NW Winchester Road Decatur, IN 46733 United States",,,,,(260) 724-6637,7855,7855,,https://www.prestressservices.com,Member Get (a-Member);  (),info@scranet.org,T-Transportation,2011,24445
"Pro Crane Rental, Inc.","401 Penn Ave. Marcus Hook, PA 19061 United States",,,,,(610) 518-9000,401,401,,https://,Member Get (a-Member);  (),info@scranet.org,C-Crane & Rigging,2006,26052
Proactive Specialized Logistics,"300 Gibralter Road Vaughan, ON L4H 4Z8 Canada",,,,,(416) 798-3303,300,300,marcus@proactivegroup.ca,https://www.proactivegroup.ca,Member Get (a-Member);  (),info@scranet.org,C-Crane & RiggingI-InternationalM-MillwrightO-Oil FieldS-SteelT-Transportation,2019,46521
"Process Group, Inc.","555 Conestoga Blvd. Cambridge, ON N1R 7P5 Canada",,,,,(519) 622-5520,555,555,,https://www.processgroup.ca,Member Get (a-Member);  (),info@scranet.org,C-Crane & RiggingI-InternationalM-MillwrightT-Transportation,1989,10823
"Professional Movers & Rigging, Inc.","14307 Avenue P Lubbock, TX 79423 United States",,,,,(806) 745-7671,14307,14307,,https://,Member Get (a-Member);  (),info@scranet.org,C-Crane & RiggingM-MillwrightT-Transportation,2002,14558
Professional Plastics,"2060 Luna RD #120 Carrollton, TX 75006 United States",,,,,(800) 654-7069,2060,2060,J.GAERTE@PROPLAS.COM,https://,Member Get (a-Member);  (),info@scranet.org,,2025,53519
"Professional Service & Repair, Inc.","5300 Transport Blvd. Columbus, GA 31907 United States",,,,,(706) 662-4608,5300,5300,,https://www.psrinc.biz,Member Get (a-Member);  (),info@scranet.org,,2020,47726
Project Freight LLC,"805 Glouchester St. #645 Brunswick, GA 31521 United States",,,,,(912) 689-1230,805,805,stephen@projectfreightheavyhaul.com,https://www.projectfreightheavyhaul.com,Member Get (a-Member);  (),info@scranet.org,C-Crane & RiggingM-MillwrightT-Transportation,2020,48116
Project Logistics – Consulting | Engineering | Software,"2000 Av. McGill College  #600 Montreal, QC H3A3H3 Canada",,,,,(514) 586-9810,2000,2000,Kevin@projectlogistics.ca,https://,Member Get (a-Member);  (),info@scranet.org,,2023,51405
Projico Inc.,"5-861 Avenue de Bourgogne Quebec, QC G1X3E2 Canada",,,,,(418) 998-4128,5-861,5-861,,https://www.projico.ca,Member Get (a-Member);  (),info@scranet.org,,2025,53960
"ProLift Rigging, LLC","1840 Pyramid Place  Suite 550 Memphis, TN 38132 United States",,,,,(855) 900-9111,1840,1840,tblack@proliftrigging.com,https://www.proliftrigging.com,Member Get (a-Member);  (),info@scranet.org,C-Crane & RiggingM-MillwrightT-Transportation,2017,41328
"ProLift Rigging, LLC (B)","96 Inspire Blvd. Brampton, ON L6R 3Y2 Canada",,,,,(289) 233-6598,(289) 233-6598,(289) 233-6598,,https://www.proliftrigging.com/toronto-on,Member Get (a-Member);  (),info@scranet.org,C-Crane & RiggingT-Transportation,,52911
"ProLift Rigging, LLC (B)","10245 Golf Academy Dr. Bristow, VA 20136 United States",,,,,(571) 599-7130,10245,10245,,https://www.proliftrigging.com/mansassas,Member Get (a-Member);  (),info@scranet.org,C-Crane & RiggingT-Transportation,,52910
"ProLift Rigging, LLC (B)","1305 Opportunity Blvd. San Marcos, TX 78666 United States",,,,,(512) 409-2701,1305,1305,,https://www.proliftrigging.com,Member Get (a-Member);  (),info@scranet.org,C-Crane & RiggingM-MillwrightT-Transportation,,47313
"ProLift Rigging, LLC (B)","1515 Big Town Road Mesquite, TX 75149 United States",,,,,(682) 286-5946,1515,1515,,https://www.proliftrigging.com,Member Get (a-Member);  (),info@scranet.org,C-Crane & RiggingM-MillwrightT-Transportation,,49479
"ProLift Rigging, LLC (B)","14300 E I-25 Frontage Rd. Longmont, CO 80504 United States",,,,,(970) 699-0490,15784,15784,,https://www.proliftrigging.com,Member Get (a-Member);  (),info@scranet.org,C-Crane & RiggingT-Transportation,,48344
"ProLift Rigging, LLC (B)","3193 HWY 22 N Dickinson, ND 58601 United States",,,,,(701) 552-2715,3193,3193,,https://www.proliftrigging.com,Member Get (a-Member);  (),info@scranet.org,C-Crane & RiggingT-Transportation,,48343
"ProLift Rigging, LLC (B)","3441 S. County Rd. W Odessa, TX 79766 United States",,,,,(432) 488-6314,3441,3441,,https://www.proliftrigging.com,Member Get (a-Member);  (),info@scranet.org,C-Crane & RiggingT-Transportation,,48345
"ProLift Rigging, LLC (B)","6000 Fulton Ave. Lincoln, NE 68507 United States",,,,,(402) 467-6100,5501,5501,,https://www.proliftrigging.com,Member Get (a-Member);  (),info@scranet.org,C-Crane & RiggingM-MillwrightT-Transportation,,49478
"ProLift Rigging, LLC (B)","5621 S. 25th St. Phoenix, AZ 85040 United States",,,,,(602) 609-2162,5621,5621,,https://www.proliftrigging.com,Member Get (a-Member);  (),info@scranet.org,C-Crane & RiggingM-MillwrightT-Transportation,,47314
"ProLift Rigging, LLC (B)","7780 Wards Rd. Rustburg, VA 24588 United States",,,,,(434) 608-1028,7780,7780,,https://www.proliftrigging.com,Member Get (a-Member);  (),info@scranet.org,C-Crane & RiggingM-MillwrightT-Transportation,,47312
"ProLift Rigging, LLC (B)","797 Douglas Hills Rd. Lithia Springs, GA 30122 United States",,,,,(678) 919-2551,797,797,,https://www.proliftrigging.com/atlants,Member Get (a-Member);  (),info@scranet.org,C-Crane & RiggingM-MillwrightT-Transportation,,48298
ProMiles Software Development Corporation,"P.O. Box 398 Bridge City, TX 77611-0398 United States",,,,,,398,398,,https://www.ProMiles.com,Member Get (a-Member);  (),info@scranet.org,,2005,16733
PSC Crane & Rigging,"4243 W. US Rt. 36 Piqua, OH 45356 United States",,,,,(937) 773-3632,4243,4243,lynn.sever@pscind.com,https://www.pscind.com,Member Get (a-Member);  (),info@scranet.org,C-Crane & RiggingM-MillwrightT-Transportation,1985,10807
PSC Crane & Rigging (B),"200 Olympic Drive Milford, OH 45150 United States",,,,,(937) 606-0135,200,200,randy.sever@pscind.com,https://www.pscind.com,Member Get (a-Member);  (),info@scranet.org,C-Crane & RiggingM-MillwrightT-Transportation,,47708
PSC Crane & Rigging (B),"8265 Estates Parkway Plain City, OH 43064 United States",,,,,(614) 504-0616,8265,8265,randy.sever@pscind.com,https://www.pscind.com,Member Get (a-Member);  (),info@scranet.org,C-Crane & RiggingM-MillwrightT-Transportation,,36172
PSI Crane & Rigging,"38246 River Frontage Road New Castle, CO 81647 United States",,,,,(970) 984-0740,38246,38246,,https://www.psicrane.com,Member Get (a-Member);  (),info@scranet.org,C-Crane & RiggingM-Millwright,2015,13265
Puerto Rico Storage & Professional Line Movers,"State Road #110 KM 28.7 Aguadilla, PR 00604",,,,,(787) 890-0131,110,110,hcaban@prsd.com,https://www.prsplm.com,Member Get (a-Member);  (),info@scranet.org,C-Crane & RiggingI-InternationalT-Transportation,2024,17102
PVE Cranes BV,"Oosterhout, Oosterhout 4902TT Netherlands",,,,,+31 184 425 949,"17
4902","17
4902",j.bomer@pvecranes.com,https://www.pvecranes.com,Member Get (a-Member);  (),info@scranet.org,,2025,53980
Pyramid Escort Service Inc.,"6321 Branderham Dr Memphis, TN 38134 United States",,,,,(901) 508-1806,6321,6321,,https://,Member Get (a-Member);  (),info@scranet.org,,2016,16521
Python America,"1406 West 175th Street East Hazel Crest, IL 60429 United States",,,,,(708) 647-4900,1406,1406,,https://www.pythonrope.com,Member Get (a-Member);  (),info@scranet.org,,2004,16369
Q-Line Trucking Ltd.,"Box 110-B RR#4  Corman Industrial Park Saskatoon, SK S7K 3J7 Canada",,,,,(800) 479-9995,110,110,,https://www.qlinetrucking.com,Member Get (a-Member);  (),info@scranet.org,I-InternationalT-Transportation,2008,31565
QSL Transport,"3126, rue Bernard-Pilon St-Mathieu-De-Beloeil, PQ J3G 4S5 Canada",,,,,(450) 467-7352,3126,3126,,https://www.qsltransport.com,Member Get (a-Member);  (),info@scranet.org,T-Transportation,2015,11008
QSL Transport (B),"3400 Engle Road Fort Wayne, IN 46809 United States",,,,,(877) 478-6377,3400,3400,,https://www.qsltransport.us,Member Get (a-Member);  (),info@scranet.org,T-Transportation,,54325
"Quality Cranes & Equipment, LLC","1069 E Main Street Stamford, CT 06902 United States",,,,,(203) 536-9339,1069,1069,,https://www.qualitycranes.com,Member Get (a-Member);  (),info@scranet.org,,2016,41596
"Quickway Rigging & Transfer, Inc.","7740 Central Avenue NE Minneapolis, MN 55432 United States",,,,,(763) 784-4295,7740,7740,,https://www.quickwayrigging.com,Member Get (a-Member);  (),info@scranet.org,C-Crane & RiggingM-MillwrightT-Transportation,1998,10830
R T Hankinson Trucking,"49 Marienstein Rd.  PO Box 268 Ottsville, PA 18942 United States",,,,,(610) 847-8190,268,268,,https://,Member Get (a-Member);  (),info@scranet.org,T-Transportation,2019,46581
"R&L International Group, C.A.","International Business Park, Edificio 3825  Piso 2, Oficina 205 Panama, Panama Pacifico  Panama",,,,,507-3429308 / 507-3429310,3825,3825,,https://www.rltransportca.com,Member Get (a-Member);  (),info@scranet.org,I-InternationalO-Oil FieldT-Transportation,2014,38075
R&R Machinery Moving Co,"5101 Industrial Blvd  Suite 100 Fridley, MN 55421 United States",,,,,(651) 457-0227,5101,5101,Brian@rrmachinerymoving.com,https://www.rrmachinerymoving.com,Member Get (a-Member);  (),info@scranet.org,C-Crane & RiggingM-MillwrightT-Transportation,2019,46834
"R. Baker & Son All Industrial Services, Inc.","190 Boundary Road Marlboro, NJ 07746 United States",,,,,(732) 981-3553,190,190,,https://www.rbaker.com,Member Get (a-Member);  (),info@scranet.org,C-Crane & RiggingM-Millwright,2012,10390
"R. Gingerich Crane, Inc","1360 W. Birchwood st. Morton, IL 61550 United States",,,,,(309) 263-7335,1360,1360,,https://www.gingerichcrane.com,Member Get (a-Member);  (),info@scranet.org,C-Crane & Rigging,2017,44204
"R.H. Marlin, Inc.","1151 W. Thompson Rd. Indianapolis, IN 46217 United States",,,,,(317) 786-4356,1151,1151,,https://www.rhmarlin.com,Member Get (a-Member);  (),info@scranet.org,C-Crane & Rigging,1995,10320
R.W. 'Bob' Jones Trucking Co.,"P.O. Box 1785 Vernal, UT 84078 United States",,,,,(435) 789-1231,1785,1785,,https://,Member Get (a-Member);  (),info@scranet.org,O-Oil FieldT-Transportation,1992,10183
"Racing Cargo USA, Inc.","14204 Atlanta Dr Laredo, TX 78045-7927 United States",,,,,(956) 516 7066,14204,14204,agustin.ravelo@racingcargo.com,https://www.racingcargo.com,Member Get (a-Member);  (),info@scranet.org,,2011,27798
"Racing Cargo USA, Inc. (B)","Prolongación Los Soles 200  Torre Martel IV, Piso 6, Zona Valle Oriente San Pedro Garza Garcia, NL 66278 Mexico",,,,,+52 (81) 8248.8000,200,200,Angelica.carrizales@racingcargo.com,https://www.racingcargo.com,Member Get (a-Member);  (),info@scranet.org,C-Crane & Rigging,,34836
"Radius Crane & Rigging D/b/a of John W. Field Tree Service, Inc.","63 S. Sandisfield Road  Suite A New Marlborough, MA 01230 United States",,,,,(413) 329-6519,01230,01230,,https://https://radiuscraneandrigging.com,Member Get (a-Member);  (),info@scranet.org,C-Crane & Rigging,2025,52959
Raimondi North America LLC,"3309 Jaeckle Drive  Suite 120 Wilmington, NC 28403 United States",,,,,(910) 395-8523,3309,3309,,https://www.terex.com/cranes,Member Get (a-Member);  (),info@scranet.org,,2025,54264
Ralph Smith Co.,"847 West 500 South West Bountiful, UT 84087 United States",,,,,(801) 295-8824,847,847,,https://www.ralphsmithco.com,Member Get (a-Member);  (),info@scranet.org,C-Crane & RiggingT-Transportation,2021,24559
Rangeland Truck & Crane Ltd.,"285120 Yankee Valley Blvd. Airdrie, AB T4A 2A4 Canada",,,,,(403) 945-9882,285120,285120,bjoyce@rangelandtruck.com,"https://www.rangelandtruck.com

",Member Get (a-Member);  (),info@scranet.org,C-Crane & RiggingI-InternationalT-Transportation,2017,43399
Rayco-Wylie Systems,"2440 Dalton Avenue Quebec City, PQ G1P 3X1 Canada",,,,,(418) 266-6600,2440,2440,,https://www.raycowylie.com,Member Get (a-Member);  (),info@scranet.org,,1997,10601
Ready Machinery & Equipment Inc.,"8080 Lawson Road Milton, ON L9T 5C4 Canada",,,,,(905) 875-1990,8080,8080,,https://www.readymachinery.com,Member Get (a-Member);  (),info@scranet.org,C-Crane & RiggingI-InternationalM-MillwrightT-Transportation,1992,10862
Redstone Underwriters - Heavy Iron,"14001 Dallas Parkway  Suite 700 Dallas, TX 75240 United States",,,,,(214) 369-4900,14001,14001,ajackson@redstoneins.com,https://www.redstoneunderwriters.com,Member Get (a-Member);  (),info@scranet.org,,2018,44804
"Reed Machinery & Transportation Co., Inc.","P.O. Box 1105  712 N. Farnsworth Ave. Aurora, IL 60507-1105 United States",,,,,(630) 851-5656,"1105
712","1105
712",,https://www.reedmachinery.net,Member Get (a-Member);  (),info@scranet.org,C-Crane & RiggingM-MillwrightT-Transportation,1999,10866
Reeve Trucking Company Inc.,"5050 E. Carpenter Rd. Stockton, CA 95215 United States",,,,,(209) 948-4061,5050,5050,bprotz@reevetrucking.com,https://www.reevetrucking.com,Member Get (a-Member);  (),info@scranet.org,T-Transportation,2016,24618
"Reid Machinery, Inc.","3030 Martin Luther King Jr. Blvd. Lansing, MI 48910 United States",,,,,(517) 887-8300,3030,3030,,https://,Member Get (a-Member);  (),info@scranet.org,C-Crane & RiggingM-MillwrightT-Transportation,1997,10867
"Reinforced Ironworkers, Riggers & Machinery Movers - Local 405","2433 Reed Street Philadelphia, PA 19146 United States",,,,,(215) 462-7300,2433,2433,,https://www.ironworkers,Member Get (a-Member);  (),info@scranet.org,C-Crane & Rigging,2004,17045
Reinsfelder Inc,"108 Plunkett Dr Zelienople, PA 16063 United States",,,,,(800) 424-2737,108,108,,https://www.reinsfelder.com,Member Get (a-Member);  (),info@scranet.org,S-SteelT-Transportation,2023,47554
"Reliable Permit Solutions, LLC","4700 Topeka Sr Tarzana,  91356 United States",,,,,(909) 900-1139,4700,4700,,https://www.reliablepermits.com,Member Get (a-Member);  (),info@scranet.org,,2025,32195
Reliable Transport LLC,"7660 W 3rd street Dayton, OH 45417 United States",,,,,(937) 684-8392,7660,7660,luke@reliabletransportoh.com,https://www.Relibaleheavyhaul.com,Member Get (a-Member);  (),info@scranet.org,T-Transportation,2024,52879
Reppert Rigging & Hauling,"P.O. Box 555  1420 11th Avenue NE Altoona, IA 50009-0555 United States",,,,,(515) 274-3878,"555
1420 11","555
1420 11",,https://www.reppert.com,Member Get (a-Member);  (),info@scranet.org,C-Crane & RiggingM-MillwrightT-Transportation,1983,10883
Rex Veach Trucking,"716 West 1014 South Hebron, IN 46341 United States",,,,,(219) 309-6899,716,716,,https://,Member Get (a-Member);  (),info@scranet.org,T-Transportation,2026,54711
"Reynolds Equipment, LLC","4981 Cake Parkway Deforest, WI 53532 United States",,,,,(608) 630-9780,4981,4981,mreynolds@reynoldscrane.com,https://www.reynoldscrane.com,Member Get (a-Member);  (),info@scranet.org,,2017,44433
"Reynolds Rigging & Crane Service, Inc.","4981 Cake Parkway Deforest, WI 53532 United States",,,,,(608) 630-9780,4981,4981,mreynolds@reynoldscrane.com,https://www.reynoldscrane.com,Member Get (a-Member);  (),info@scranet.org,C-Crane & RiggingT-Transportation,1999,10885
RG Worldwide,"Hercules 500, 19 Santa Rosa Jauregui, QUE 76220 Mexico",,,,,9569779806,500,500,arturo@rgworldwide.mx,https://www.rgworldwide.mx,Member Get (a-Member);  (),info@scranet.org,,2025,54035
RGM Transport,"9221 Old RT 22 Bethel, PA 19507 United States",,,,,(717) 507-6601,9221,9221,ryan@rgmtransport.com,https://www.rgmtransport.com,Member Get (a-Member);  (),info@scranet.org,T-Transportation,2025,42461
RHK Hydraulic Cylinder Services Inc.,"13111 159 ST NW Edmonton, AB T5V 1H6 Canada",,,,,(780) 452-2876,13111 159,13111 159,,https://www.rhkhydraulics.com,Member Get (a-Member);  (),info@scranet.org,,2025,53418
Ribbiot,"17491 Oakbluffs Lane Huntington Beach, CA 92649 United States",,,,,(562) 552-5263,17491,17491,joe@ribbiot.com,https://www.ribbiot.com,Member Get (a-Member);  (),info@scranet.org,,2022,50159
"RiConnect, Inc.","1313 E Maple St  306 Bellingham, WA 98225 Taiwan",,,,,(780) 242-0115,447,447,,https://www.riconnect.tech,Member Get (a-Member);  (),info@scranet.org,,2024,52059
Ridewell Suspensions,"P.O. Box 4586 Springfield, MO 65808 United States",,,,,(417) 833-4565,4586,4586,,https://www.ridewellcorp.com,Member Get (a-Member);  (),info@scranet.org,,1996,10886
Ridgewater College,"980 2nd Ave. Hutchinson, MN 55350 United States",,,,,(320) 234-8542,980 2,980 2,sam.bowen@ridgewater.edu,https://www.ridgewater.edu/customized-training-continuing-education/,Member Get (a-Member);  (),info@scranet.org,,2019,47460
Rig All Inc.,"2322 Broad Street Frankfort, NY 13340 United States",,,,,(315) 732-4138,2322,2322,,https://,Member Get (a-Member);  (),info@scranet.org,C-Crane & RiggingM-MillwrightT-Transportation,1986,10890
Riggers Manufacturing Company,"P.O. Box 506  1555 IL Rt. 26 South Dixon, IL 61021 United States",,,,,(815) 288-7626,"506
1555","506
1555",,https://www.riggers.com,Member Get (a-Member);  (),info@scranet.org,,1983,10892
"Riggers, Inc.","901 Holly Springs Avenue Richmond, VA 23224-5038 United States",,,,,(804) 232-1281,901,901,,https://www.riggersinc.com,Member Get (a-Member);  (),info@scranet.org,C-Crane & RiggingM-MillwrightT-Transportation,1979,10891
"Riggers, Machinery Movers & Machinery Erectors - Local 136","1820 Beach St. Broadview, IL 60155 United States",,,,,(708) 615-9300,1820,1820,,https://www.riggerslocal136.com,Member Get (a-Member);  (),info@scranet.org,C-Crane & Rigging,2017,43615
Rigging and Transportation Solutions Inc.,"673 National Pike West Brownsville, PA 15417 United States",,,,,(412) 801-9661,673,673,,https://www.rtspa.net,Member Get (a-Member);  (),info@scranet.org,C-Crane & RiggingM-MillwrightT-Transportation,2021,48448
"Rigging Gear Sales, Inc.","P.O. Box 544  1555 IL Route 26 South Dixon, IL 61021 United States",,,,,(815) 288-6403,"544
1555","544
1555",,https://www.rgsinc.net,Member Get (a-Member);  (),info@scranet.org,,1995,10893
Rigging Industrial De Mexico,"Carretera Estatal #500 El Paraiso  C. Puerto de Aguirre Bodega No. 6 Santiago de Queretaro, QRE 76220 Mexico",,,,,+524422581276,500,500,a.sierra@rim-rigging.com,https://www.rim-rigging.com,Member Get (a-Member);  (),info@scranet.org,C-Crane & RiggingT-Transportation,2026,54470
"Rigging Services De Mexico, S.A. DE C.V.","Libramiento Noreste KM 34.5  Col. Hacienda Santa Rosa Apodaca, Nuevo Leon 66610 Mexico",,,,,(+52) 8183856532,34.5,34.5,rvaldes@riggingservices.com.mx,https://www.riggingservices.com.mx,Member Get (a-Member);  (),info@scranet.org,C-Crane & RiggingI-InternationalM-MillwrightT-Transportation,2007,29655
"Rigging Services De Mexico, S.A. DE C.V.(B)","Av. Químicos #2  Parque Industrial FIPASI Silao, Guanajuato 36270 Mexico",,,,,(+52) 4727910067,36270,36270,rvaldes@riggingservices.com.mx,https://www.riggingservices.com.mx,Member Get (a-Member);  (),info@scranet.org,C-Crane & RiggingI-InternationalM-MillwrightT-Transportation,,37309
RigUpATL,"1375 Oakley Industrial Blvd Fairburn, GA 30213 United States",,,,,(470) 259-0274,1375,1375,chrisk@amconindustrial.com,https://www.rigupatl.com,Member Get (a-Member);  (),info@scranet.org,C-Crane & RiggingM-MillwrightT-Transportation,2023,50865
Ring Power Corporation,"500 World Commerce Parkway St. Augustine, FL 32092-3788 United States",,,,,(904) 737-7730,500,500,,https://www.ringpower.com,Member Get (a-Member);  (),info@scranet.org,C-Crane & Rigging,2022,10915
Ritchie Brothers,"Two Westbrook Corporate Center  Suite #500 Winchester, IL 60154 United States",,,,,(713) 738-4107,500,500,Knape@Ritchiebros.com,https://www.rbauction.com,Member Get (a-Member);  (),info@scranet.org,,2025,10896
Ritter Forest Products,"401 Hereford Rd. Corpus Christi, TX 78408 United States",,,,,(361) 371-4320,401,401,Joey@ritterforest.com,https://www.ritterforest.com,Member Get (a-Member);  (),info@scranet.org,C-Crane & RiggingT-Transportation,2010,12137
"RLS Specialized Transport, Inc.","310 Boomtown Street Laredo, TX 78043 United States",,,,,(956) 712-8101,310,310,lpuente@rlsint.com,https://www.rlsint.com,Member Get (a-Member);  (),info@scranet.org,T-Transportation,2025,53019
"RLT Engineering Solutions, LLC","9023 Forest Hill Ave.  Suite 2B Richmond, VA 23235 United States",,,,,(804) 998-0373,9023,9023,,https://rltengineering.com,Member Get (a-Member);  (),info@scranet.org,,2016,41557
RMS Cranes LLC,"1961 E. 64th Avenue Denver, CO 80229 United States",,,,,(303) 794-7095,1961,1961,,https://www.rmscranes.com,Member Get (a-Member);  (),info@scranet.org,C-Crane & RiggingT-Transportation,2002,14305
RoadSync,"715 Peachtree St. NE Atlanta, GA 30308 United States",,,,,(866) 946-9586,715,715,,https://www.Roadsync.com,Member Get (a-Member);  (),info@scranet.org,,2026,54555
"Robert C. Baer & Sons, Inc.","2936 Limekiln Road Birdsboro, PA 19508 United States",,,,,(610) 582-4110,2936,2936,,https://,Member Get (a-Member);  (),info@scranet.org,S-SteelT-Transportation,2017,43099
Rock Tech Inc,"113 Alder Street  PO Box 1270 West Babylon, NY 11704 United States",,,,,(631) 293-2305,113,113,,https://www.rtihauling.com,Member Get (a-Member);  (),info@scranet.org,T-Transportation,2019,47036
Rocky Mountain Crane,"14032 HWY 55 Mc Call, ID 83638 United States",,,,,(208) 573-6889,14032,14032,dusty@rockymtncranes.com,https://www.rockymtncranes.com,Member Get (a-Member);  (),info@scranet.org,C-Crane & Rigging,2024,52230
Rogers Brothers Corporation,"100 Orchard Street Albion, PA 16401-1218 United States",,,,,(814) 756-4121,100,100,,https://www.rogerstrailers.com,Member Get (a-Member);  (),info@scranet.org,,1959,10909
Rogers Crane & Rigging,"34-36 Tompkins St. Binghamton, NY 13903 United States",,,,,(607) 722-4949,34-36,34-36,,https://www.rogersrigging.com,Member Get (a-Member);  (),info@scranet.org,C-Crane & RiggingT-Transportation,2009,33154
ROG'S Inc.,"PO Box 1026  327 East 18th Street Erie, PA 16512 United States",,,,,(814) 453-6781,"1026
327","1026
327",,https://www.rogsinc.com,Member Get (a-Member);  (),info@scranet.org,C-Crane & RiggingM-Millwright,2007,19035
Rohde & Liesenfeld (USA) Inc. (B),"21 Waterways Avenue  Suite 300 Woodlands, TX 77380 United States",,,,,(281) 362-2823,300,300,,https://www.roliprojects.com,Member Get (a-Member);  (),info@scranet.org,,,21119
"Rohde & Liesenfeld Canada, Inc.","1000 - 888 3rd Street SW Calgary, AB T2P 5C5 Canada",,,,,(403) 514-6907,1000 - 888 3,1000 - 888 3,,https://www.roliprojects.com,Member Get (a-Member);  (),info@scranet.org,,2002,14475
Rolf Riedl GmbH,"Hochofenstrasse 12 Hagen,  D-58135 Germany",,,,,(49) 2331-94080,58135,58135,iris.mullejans@riedl-group.com,https://www.riedl-group.com,Member Get (a-Member);  (),info@scranet.org,C-Crane & RiggingI-InternationalM-MillwrightT-Transportation,1992,10889
Roll Group,"1825 Hwy 146 South Dayton, TX 77535 United States",,,,,(832) 203-7671,1825,1825,,https://www.roll-group.com,Member Get (a-Member);  (),info@scranet.org,C-Crane & RiggingI-InternationalT-Transportation,2014,38052
Ropeblock Inc.,"2115 Westmoreland Street Richmond, VA 23230 United States",,,,,(804) 723-0708,2115,2115,,https://www.ropeblock.com,Member Get (a-Member);  (),info@scranet.org,,2013,37933
Rossco Crane and Rigging Inc.,"410 74th St. SE Minot, ND 58701 United States",,,,,Dispatch: (701) 818-4455,410 74,410 74,,https://www.rosscocrane.com,Member Get (a-Member);  (),info@scranet.org,C-Crane & RiggingS-SteelT-Transportation,2013,36834
"Rountree Transport & Rigging, Inc.","2640 North Lane Avenue Jacksonville, FL 32254 United States",,,,,(904) 781-1033,2640,2640,,https://www.rountreetransport.com,Member Get (a-Member);  (),info@scranet.org,C-Crane & RiggingT-Transportation,1981,10917
"Rountree Transport & Rigging, Inc. (B)","412 Taft Vineland Road Orlando, FL 32824 United States",,,,,(407) 855-7306,412,412,,https://www.rountreetransport.com,Member Get (a-Member);  (),info@scranet.org,C-Crane & RiggingT-Transportation,,12406
Rouse Services,"8383 Wilshire Blvd  Suite 900 Beverly Hills, Ca 90211 United States",,,,,(310) 363-7525,8383,8383,,https://,Member Get (a-Member);  (),info@scranet.org,,2018,44693
"Route America, Inc.","116 Collision Center Dr., Suite B  P.O. Box 1409 Frankfort, KY 40602-1409 United States",,,,,(502) 695-9321,116,116,msimpson@routeamerica.com,https://www.routeamerica.com,Member Get (a-Member);  (),info@scranet.org,,2010,34093
"Rowe Transfer, Inc.","5320 South National Drive Knoxville, TN 37914 United States",,,,,(865) 523-0421,5320,5320,,https://www.rowetransfer.com,Member Get (a-Member);  (),info@scranet.org,C-Crane & RiggingI-InternationalS-SteelT-Transportation,2004,16849
Roy Corp,"15 Columbia Heights Oval Charlestown, RI 02813 United States",,,,,(401) 932-7214,02813-3813,02813-3813,,https://www.roycorpcrane.com,Member Get (a-Member);  (),info@scranet.org,C-Crane & RiggingT-Transportation,2024,52391
"Royal Crane Service, Inc.","3950 W. 155th St. Markham, IL 60428 United States",,,,,(708) 974-0832,3950,3950,johnm@royalcrane.us,https://www.royalcrane.us,Member Get (a-Member);  (),info@scranet.org,C-Crane & Rigging,2003,16257
RPS,"444 Liberty Avenue  Suite 400 Pittsburgh, PA 15222 United States",,,,,(877) 372-0517,444,444,rikki_concannon@rpsins.com,https://www.ascinsure.com,Member Get (a-Member);  (),info@scranet.org,,2023,42704
RSD Software Inc.,"400 Louisiana Street  Suite 900 Houston, TX 77002 United States",,,,,(832) 615-0482,400,400,,https://www.rsdsoftwareinc.com,Member Get (a-Member);  (),info@scranet.org,,2024,51659
RT Specialty LLC,"646 Westminster Drive Pasadena, CA 91105 United States",,,,,(949) 338-7012,646,646,,https://,Member Get (a-Member);  (),info@scranet.org,,2024,49416
"Ruby+Associates, a Degenkolb Company","30300 Telegraph Road  Suite 400 Bingham Farms, MI 48025 United States",,,,,(248) 865-8855,30300,30300,,https://www.rubyandassociates.com,Member Get (a-Member);  (),info@scranet.org,,2003,16167
Rushco Services,"196 Leicester St North Oxford, MA 01537-1000 United States",,,,,(508) 892-7680,196,196,,https://www.rushcoservices.com,Member Get (a-Member);  (),info@scranet.org,T-Transportation,1986,10923
Russ Erlinger Crane Service Inc.,"1117 Galaxy Drive Lebanon, IL 62254 United States",,,,,(618) 537-4408,1117,1117,,https://www.erlingercrane.com,Member Get (a-Member);  (),info@scranet.org,C-Crane & Rigging,2017,43144
Rybicki Trucking Co.,"9365 N Parma Rd Springport, MI 49284 United States",,,,,(517) 531-4949,9365,9365,,https://www.rybickitrucking.com,Member Get (a-Member);  (),info@scranet.org,T-Transportation,2008,24836
S&R Corporation,"706 Broadway Street Lowell, MA 01854 United States",,,,,(978) 441-2000,706,706,rploof@sandrcorp.com,https://www.sandrcorp.com,Member Get (a-Member);  (),info@scranet.org,C-Crane & RiggingT-Transportation,2021,48492
"S.K. Rigging Company, INC","P.O. Box 62092 Cincinnati, OH 45262 United States",,,,,(513) 771-7766,62092,62092,,https://www.skrigging.com,Member Get (a-Member);  (),info@scranet.org,C-Crane & RiggingM-Millwright,1984,10931
S4E Tech Corporation,"515 N Flagler Dr.  Suite 350 West Palm Beach, FL 33401 United States",,,,,(561) 370-7440,515,515,danilo.campos@s4e.tech,https://www.teleops.ai,Member Get (a-Member);  (),info@scranet.org,,2025,53023
Sam Rogers Crane Rigging,"851 CR 115 Nixon, TX 78140 United States",,,,,(830) 534-2800,851,851,,https://www.cranecred.com,Member Get (a-Member);  (),info@scranet.org,,,54582
"Sankyu U.S.A., Incorporated","555 Pierce Road, Suite 125 Itasca, IL 60143 United States",,,,,(630) 595-3009,555,555,,https://www.sankyu-usa.com,Member Get (a-Member);  (),info@scranet.org,C-Crane & RiggingM-MillwrightT-Transportation,1989,10845
Sany America,"318 Sany Way Peachtree City, GA 30269 United States",,,,,(470) 522-7269,318,318,bsmoot@sanyamerica.com,https://www.sanyamerica.com,Member Get (a-Member);  (),info@scranet.org,,2021,29787
"Sapphire Rose Pilot Car, Inc.","P.O. Box 115 Converse, TX 78109 United States",,,,,(210) 661-6441,115,115,,https://www.sapphirerosepilotcar.com,Member Get (a-Member);  (),info@scranet.org,,2011,34761
"Sarens USA, INC.","10855 John Ralston Rd. Houston, TX 77044 United States",,,,,(832) 536-3669,10855,10855,,https://www.sarens.com,Member Get (a-Member);  (),info@scranet.org,C-Crane & RiggingI-InternationalT-Transportation,1969,10894
Saretra GmbH,"Altrottstr. 31 Walldorf, BW 69190 Germany",,,,,0049 173 543 43 26,"31
69190","31
69190",,https://www.saretra.com,Member Get (a-Member);  (),info@scranet.org,,2024,51867
"Sautter Crane Rental, Inc.","2900 Black Lake Place Philadelphia, PA 19154 United States",,,,,(215) 698-4466,2900,2900,,https://www.sauttercrane.com,Member Get (a-Member);  (),info@scranet.org,C-Crane & RiggingT-Transportation,2012,35638
Schaften Cranes B.V.,"Eemhavenweg 40 Rotterdam, Zuid-Holland 3089KG Netherlands",,,,,+31102380700,"40
3089","40
3089",,https://www.schaftencranes.com,Member Get (a-Member);  (),info@scranet.org,C-Crane & RiggingI-International,2018,45884
Scharff Crane & Rigging,"105 Friendship Rd. Sherman, TX 75092 United States",,,,,(903) 868-1502,105,105,,https://www.scharffcrane.com,Member Get (a-Member);  (),info@scranet.org,C-Crane & RiggingT-Transportation,2016,42848
Scona/Doepker Industries LTD,"300 Doepker Avenue Annaheim, SK S0K 0G0 Canada",,,,,(480) 490-3351,300,300,,https://www.doepker.com,Member Get (a-Member);  (),info@scranet.org,,2024,46422
"Scopelitis, Garvin, Light, Hanson & Feary, PC","10 W. Market St., Suite 1400 Indianapolis, IN 46204 United States",,,,,(317) 637-1777,1400,1400,asmith@scopelitis.com,https://www.scopelitis.com,Member Get (a-Member);  (),info@scranet.org,,2010,12062
Scott-Macon Equipment,"14925 S. Main St. Houston, TX 77035 United States",,,,,(713) 721-7070,14925,14925,,https://www.smequipment.com,Member Get (a-Member);  (),info@scranet.org,,2021,29743
Scott-Woods Transport Inc.,"23469 Highway 48 Sutton West, ON L0E 1R0 Canada",,,,,(905) 832-4224,140,140,,https://www.scottwoodstransport.com,Member Get (a-Member);  (),info@scranet.org,C-Crane & RiggingI-InternationalS-SteelT-Transportation,1990,10859
Seil Rigging & Millwright,"Calle Cuarta #463  San Jose de los Cerritos Saltillo, Coahuila 25294 Mexico",,,,,+52 (844) 416 5915,463,463,,https://www.seilrigger.mx,Member Get (a-Member);  (),info@scranet.org,C-Crane & RiggingI-InternationalM-MillwrightT-Transportation,2008,29972
Seil Rigging & Millwright (B),"Leon-Silao 153  Colonias Nuevo Mexico Silao, Guanajuato 36273 Mexico",,,,,+52 (844) 416 5915,153,153,,https://www.seilrigger.mx,Member Get (a-Member);  (),info@scranet.org,C-Crane & RiggingI-InternationalM-MillwrightT-Transportation,,38046
Select Crane Sales LLC (B),"11096 Leadbetter Rd. Ashland, VA 23005 United States",,,,,(757) 353-4443,11096,11096,,https://www.selectcrane.com,Member Get (a-Member);  (),info@scranet.org,,,54257
"Select Crane Sales, LLC","3965 Selvitz Road Fort Pierce, FL 34981 United States",,,,,(772) 595-6556,3965,3965,,https://www.selectcrane.com,Member Get (a-Member);  (),info@scranet.org,,2016,42495
"Select Crane Sales, LLC (B)","51 Tannery Road Branchburg, NJ 08876 United States",,,,,(908) 823-0650,08876,08876,,https://www.selectcrane.com,Member Get (a-Member);  (),info@scranet.org,,,45865
Select Energy,"3965 Selvitz Road Ft. Pierce, FL 34981 United States",,,,,(772) 801-8035,3965,3965,frankp@selectenergy.net,https://www.selectenergy.net,Member Get (a-Member);  (),info@scranet.org,,2025,53694
Sentry Steel Service Co Inc.,"167 Center Point Rd. South Hendersonville, TN 37075 United States",,,,,(615) 826-9552,167,167,,https://www.sentrysteel.com,Member Get (a-Member);  (),info@scranet.org,C-Crane & RiggingM-Millwright,1999,11909
SESCO MEXICO,"Carr. Monclova Km 11 #5455  Colonia Los Cedros Saltillo, Coahuila 25900 Mexico",,,,,+52(844)294 2872,5455,5455,sandro.sanchez@sesco.com.mx,https://www.sesco.com.mx,Member Get (a-Member);  (),info@scranet.org,C-Crane & RiggingI-InternationalT-Transportation,2022,46524
SESCO MEXICO (B),"Anillo Vial II 10271, Int. 22  Cumbres de Conin, Q3 Microparque Pyme Queretearo, QRO 76246 Mexico",,,,,+52 446 138 5881,10271,10271,,https://www.sesco.com.mx,Member Get (a-Member);  (),info@scranet.org,C-Crane & RiggingI-InternationalT-Transportation,,52904
"Shawmut Equipment Company, Inc.","20 Tolland Turnpike Manchester, CT 06042 United States",,,,,(860) 643-4161,06042,06042,,https://www.shawmutequipment.com,Member Get (a-Member);  (),info@scranet.org,,1998,10872
Sheedy Drayage Co.,"1215 Michigan Street  P.O. Box 77004 San Francisco, CA 94107-0004 United States",,,,,(415) 648-7171,1215,1215,,https://www.sheedycrane.com,Member Get (a-Member);  (),info@scranet.org,C-Crane & RiggingI-InternationalT-Transportation,1970,10873
Sheedy Drayage Co. (B),"515 Port Road 21 Stockton, CA 95203-2991 United States",,,,,(209) 346-1352,515,515,,https://www.sheedycrane.com,Member Get (a-Member);  (),info@scranet.org,C-Crane & RiggingT-Transportation,,12875
"Shenzhen Speed-up Int'l Logistics Co., Ltd.","Rm. 1226, Hongfa Central Building,  Chuangye 1st Rd,  Bao'an Central District Shenzhen,  518100 China",,,,,86-755-88893799/27888701/,1226,1226,lorna@speed-up.biz,https://www.speed-up.biz,Member Get (a-Member);  (),info@scranet.org,,2019,37278
Shield and Supply Corporation,"8215 SW Tualatin-Sherwood Tualatin, OR 97062 United States",,,,,(503) 278-8620,8215,8215,dan@shieldandsupply.com,https://www.shieldandsupply.com,Member Get (a-Member);  (),info@scranet.org,,2025,53523
Shinn Cranes LLC,"1600 Ocean Ave. (Route 88) Lakewood, NJ 08701 United States",,,,,(732) 458-2800,1600,1600,,https://www.shinncranes.com,Member Get (a-Member);  (),info@scranet.org,C-Crane & Rigging,2008,10436
"Shoemaker Rigging & Transport, LLC","3385 Miller Park Road Akron, OH 44312 United States",,,,,(330) 899-9090,3385,3385,mike.cullion@shoemakerrigging.com,https://www.shoemakerrigging.com,Member Get (a-Member);  (),info@scranet.org,C-Crane & RiggingI-InternationalM-MillwrightS-SteelT-Transportation,2015,40879
"Shoemaker Rigging & Transport, LLC (B)","1333 Kingry St. Columbus, OH 43211 United States",,,,,(614) 335-9090,1333,1333,mike.cullion@shoemakerrigging.com,https://www.shoemakerrigging.com,Member Get (a-Member);  (),info@scranet.org,C-Crane & RiggingI-InternationalM-MillwrightS-SteelT-Transportation,,50331
"Shoemaker Rigging & Transport, LLC (B)","3385 Miller Park Road Akron, OH 44312 United States",,,,,(614) 335-9090,3385,3385,mike.cullion@shoemakerrigging.com,https://www.shoemakerrigging.com,Member Get (a-Member);  (),info@scranet.org,C-Crane & RiggingI-InternationalM-MillwrightS-SteelT-Transportation,,50332
"Shoemaker Rigging & Transport, LLC (B)","3385 Miller Park Road Akron, OH 44312 United States",,,,,(330) 899-9090,3385,3385,mike.cullion@shoemakerrigging.com,https://www.shoemakerrigging.com,Member Get (a-Member);  (),info@scranet.org,C-Crane & RiggingI-InternationalM-MillwrightS-SteelT-Transportation,,50334
Siemens Financial Services,"40 Liberty Boulevard Malvern, PA 19355 United States",,,,,(484) 473-5042,19355,19355,,https://www.siemens.com,Member Get (a-Member);  (),info@scranet.org,,2019,46087
Silk Road Specialized LLC,"8781 State Route 36 Arkport, NY 14807 United States",,,,,(607) 295-7406,8781,8781,tharaty@srs.net,https://www.srs.net,Member Get (a-Member);  (),info@scranet.org,T-Transportation,2020,48368
Silo,"414 Union Street  Ste 1210 Nashville, TN 37219 United States",,,,,(615) 265-9156,414,414,,https://www.shipsilo.com,Member Get (a-Member);  (),info@scranet.org,,2025,52952
Simard Suspensions Inc.,"1064, Boul. Mgr-De Laval Baie-Saint-Paul, PQ G3Z 2W9 Canada",,,,,(418) 435-5347,1064,1064,,https://www.simardsuspensions.com,Member Get (a-Member);  (),info@scranet.org,,2014,32165
Sims Crane & Equipment Co.,"1219 US 301 North Tampa, FL 33619 United States",,,,,(813) 626-8102,1219,1219,,https://www.simscrane.com,Member Get (a-Member);  (),info@scranet.org,C-Crane & Rigging,2003,15472
Sims HD,"1221 US HWY 301 N Tampa, FL 33619 United States",,,,,(813) 695-5143,1221,1221,,https://www.simshd.net/,Member Get (a-Member);  (),info@scranet.org,T-Transportation,2015,41173
Sindipesa,"Rua Orlando Monteiro, 21 - Vila Maria São Paulo, Sao Paulo 02121-021 Brazil",,,,,+55 (11) 3051 4320,02121-021,02121-021,,https://www.sindipesa.com.br,Member Get (a-Member);  (),info@scranet.org,T-Transportation,1997,10881
SKOOKUM,"6160 S. Whiskey Hill Rd. Hubbard, OR 97032 United States",,,,,(503) 982-9779,6160,6160,mary.beymer@skookumtough.com,https://www.skookumtough.com,Member Get (a-Member);  (),info@scranet.org,,2022,14047
"SkyCrane, LLC","7119 Ivory Way Fairview, TN 37062 United States",,,,,(510) 928-4903,7119,7119,,https://www.skycranerentals.com,Member Get (a-Member);  (),info@scranet.org,,2025,53817
Skyline Crane Rental LLC,"4235 Martinez Rd Acton, CA 93510 United States",,,,,(818) 922-5813,4235,4235,,https://www.skylinecranerental.com,Member Get (a-Member);  (),info@scranet.org,C-Crane & Rigging,2021,49295
Skyward Specialty Insurance Company,"600 Galleria Parkway  Suite 770 Atlanta, GA 30339 United States",,,,,(843) 503-3116,600,600,lcordes@skywardinsurance.com,https://www.skywardinsurance.com/,Member Get (a-Member);  (),info@scranet.org,,2019,36663
Slingmax® Rigging Solutions,"P.O. Box 2423  205 Bridgewater Rd. Aston, PA 19014 United States",,,,,(610) 485-8500,"2423
205","2423
205",,https://www.slingmax.com,Member Get (a-Member);  (),info@scranet.org,,1996,10900
Sloan Energy Services LLC,"1200 S JBS Parkway Odessa, TX 79766 United States",,,,,(432) 653-0205,1200,1200,chris@sloanenergyservices.com,https://www.sloanenergyservices.com,Member Get (a-Member);  (),info@scranet.org,C-Crane & RiggingO-Oil FieldT-Transportation,2021,49032
"SmartEquip, Inc.","Building 501, Merritt 7  5th Floor Norwalk, CT 06851 United States",,,,,(414) 841-5601,501,501,jcervero@smartequip.com,https://www.smartequip.com,Member Get (a-Member);  (),info@scranet.org,,2022,49554
SMIG Montajes Industriales S De RL De CV,"German Almaraz 207 Monterrey, NL 64180 Mexico",,,,,+528183739099,"207
64180","207
64180",,https://www.smig.com.mx,Member Get (a-Member);  (),info@scranet.org,C-Crane & Rigging,2025,53399
Smiley Lifting Solutions,"5326 W. Mohave St. Phoenix, AZ 85043 United States",,,,,(623) 215-1000,5326,5326,,https://www.smileycrane.com,Member Get (a-Member);  (),info@scranet.org,C-Crane & Rigging,2024,52663
"Smith Hauling, Inc.","3637 Route 36N Oliveburg, PA 15764 United States",,,,,,3637,3637,,https://www.smithhauling.com,Member Get (a-Member);  (),info@scranet.org,C-Crane & RiggingO-Oil FieldT-Transportation,1998,10908
"Snell Crane Service, Inc.","333 Ronlee Lane NW Olympia, WA 98502 United States",,,,,(360) 867-0198,333,333,,https://www.snellcrane.com,Member Get (a-Member);  (),info@scranet.org,C-Crane & RiggingM-MillwrightT-Transportation,2017,20976
Solid Hook Inc.,"135 Milady Rd. North York, ON M9L 2J1 Canada",,,,,(647) 706-5432,135,135,,https://solidhook.ca,Member Get (a-Member);  (),info@scranet.org,C-Crane & RiggingI-InternationalT-Transportation,2025,53235
Somalev Cranes & Logistics,"P3020, La Ville Verte  a 500m de American Academy Bouskoura, Casablanca 27182 Morocco",,,,,+212522729653,3020,3020,b.tabi@somalev.ma,https://www.somalev.com,Member Get (a-Member);  (),info@scranet.org,C-Crane & RiggingT-Transportation,2025,54318
Southeastern Crane Services LLC,"3935 Hwy 321 West Columbia, SC 29172 United States",,,,,(803) 995-2518,3935,3935,,https://www.southeasterncraneservices.com,Member Get (a-Member);  (),info@scranet.org,C-Crane & RiggingT-Transportation,2025,54384
Southeastern Rigging,"560 Wade Street Winter Springs, FL 32708 United States",,,,,(407) 260-2227,560,560,,https://www.serigging.com,Member Get (a-Member);  (),info@scranet.org,C-Crane & Rigging,2022,49697
"Southern Industrial Constructors, Inc.","6101 Triangle Drive Raleigh, NC 27617-4717 United States",,,,,(919) 782-4600,6101,6101,,https://www.southernindustrial.com,Member Get (a-Member);  (),info@scranet.org,C-Crane & RiggingM-MillwrightT-Transportation,1966,10004
"Southern Industrial Constructors, Inc. (B)","114 Landmark Drive Greensboro, NC 27409 United States",,,,,(336) 605-7900,114,114,,https://www.southernindustrial.com,Member Get (a-Member);  (),info@scranet.org,C-Crane & RiggingM-MillwrightT-Transportation,,47440
"Southern Industrial Constructors, Inc. (B)","1075 Highway 124  Bldg 400, Suite 100 Hoschton, GA 30548 United States",,,,,(678) 963-5179,1075,1075,,https://www.southernindustrial.com,Member Get (a-Member);  (),info@scranet.org,C-Crane & RiggingM-MillwrightT-Transportation,,50253
"Southern Industrial Constructors, Inc. (B)","136 Roymac Drive Wilmington, NC 28401 United States",,,,,(910) 762-2482,136,136,,https://www.southernindustrial.com,Member Get (a-Member);  (),info@scranet.org,C-Crane & RiggingM-MillwrightT-Transportation,,11770
"Southern Industrial Constructors, Inc. (B)","4047 Airport Road  Suite 101 Georgetown, TX 78628 United States",,,,,(919) 782-4600,4047,4047,,https://www.southernindustrial.com,Member Get (a-Member);  (),info@scranet.org,C-Crane & RiggingM-MillwrightT-Transportation,,54316
"Southern Industrial Constructors, Inc. (B)","421 Gamble Drive Columbia, SC 29209 United States",,,,,(803) 796-3072,421,421,,https://www.southernindustrial.com,Member Get (a-Member);  (),info@scranet.org,C-Crane & RiggingM-MillwrightT-Transportation,,16422
Southern Lifting and Hoisting,"6502 SW 29th St. Oklahoma City, OK 73179 United States",,,,,(405) 400-8258,6502,6502,,https://www.southernliftingandhoisting.com,Member Get (a-Member);  (),info@scranet.org,C-Crane & RiggingT-Transportation,2023,50370
"Southern Pines Trucking, Inc.","4200 Industrial Boulevard Aliquippa, PA 15001 United States",,,,,(724) 987-1648,4200,4200,,https://spinestrucking.com,Member Get (a-Member);  (),info@scranet.org,T-Transportation,2009,32485
Southern Tier Express Inc.,"558 Lane School Road Andover, NY 14806-9509 United States",,,,,(607) 478-8503,558,558,,https://www.stx.net,Member Get (a-Member);  (),info@scranet.org,T-Transportation,1995,10922
"Southern Transport, LLC.","24291 FM 1252W Gladewater, TX 75647 United States",,,,,(903) 981-0888,24291,24291,,https://www.southerntransport.com,Member Get (a-Member);  (),info@scranet.org,C-Crane & RiggingT-Transportation,2023,50372
"Southway Crane & Rigging, LLC","222 New Dunbar Road Byron, GA 31008 United States",,,,,(478) 956-1805,222,222,,https://www.southwaycrane.com,Member Get (a-Member);  (),info@scranet.org,C-Crane & Rigging,,33356
"Southway Crane & Rigging, LLC (B)","1784 Two Notch Road Lexington, SC 29071 United States",,,,,(803) 957-3222,1784,1784,,https://www.southwaycrane.com,Member Get (a-Member);  (),info@scranet.org,C-Crane & Rigging,2019,19997
Southwest Industrial Rigging,"4705 S. 35th Avenue Phoenix, AZ 85041 United States",,,,,(602) 256-7161,4705,4705,,https://www.swirusa.com,Member Get (a-Member);  (),info@scranet.org,C-Crane & RiggingM-MillwrightT-Transportation,1998,10926
"Southwestern Industrial Contractors & Riggers, Inc.","7155 Industrial Ave. El Paso, TX 79915 United States",,,,,(915) 779-3931,7155,7155,,https://www.southwesternindustrial.com,Member Get (a-Member);  (),info@scranet.org,C-Crane & RiggingI-InternationalM-MillwrightT-Transportation,1948,10928
Specialized Inc.,"P.O. Box 875 Aurora, OH 44202 United States",,,,,(330) 425-2715,875,875,,https://www.specialized-inc.com,Member Get (a-Member);  (),info@scranet.org,T-Transportation,1994,10934
"Specialized Machinery Transport, Inc.","21 Town Forest Road Webster, MA 01570 United States",,,,,(508) 671-9188,01570,01570,,https://www.specializedmachinerytransport.com,Member Get (a-Member);  (),info@scranet.org,C-Crane & RiggingI-InternationalM-MillwrightT-Transportation,1990,10935
"Specialized Transportation Services, Inc.","6758 Pine Arbor Blvd. S. Cottage Grove, MN 55016 United States",,,,,(651) 307-5363,6758,6758,,https://www.specprologistics.com,Member Get (a-Member);  (),info@scranet.org,,2021,48484
"Specialty Moving & Rigging, Inc.","P.O. Box 3189 Vega Alta, PR 00692 Puerto Rico",,,,,(787) 270-0791 (787) 347-,3189,3189,,https://www.specialtymovingrigging.com,Member Get (a-Member);  (),info@scranet.org,C-Crane & RiggingI-InternationalM-MillwrightT-Transportation,2003,15758
Spectrum Transportation,"3910 Vincent Station Drive Owensboro, KY 42303 United States",,,,,(270) 685-1880,3910,3910,,https://,Member Get (a-Member);  (),info@scranet.org,,2021,48551
Spruce Hollow Heavy Haul Ltd.,"2511 Guilford Dr Abbotsford, BC V2S 5L9 Canada",,,,,(604) 852-4179,2511,2511,ron@spruchollowheavyhaul.com,https://www.sprucehollowheavyhaul.com,Member Get (a-Member);  (),info@scranet.org,T-Transportation,2024,51994
"Standard Cartage Company, Inc.","5100 W. 73rd Street Bedford Park, IL 60638-6614 United States",,,,,(708) 216-9900,5100,5100,,https://www.standardcartage.com,Member Get (a-Member);  (),info@scranet.org,C-Crane & RiggingM-MillwrightT-Transportation,2016,16637
Star Intermodal Transportation,"PO Box 248 Green Cove Springs, FL 32043-0248 United States",,,,,(904) 264-4221,248,248,,https://www.starintermodal.com,Member Get (a-Member);  (),info@scranet.org,C-Crane & RiggingT-Transportation,2004,17122
State Permits,"7049 Mears Gate Dr. NW, Suite A North Canton, OH 44720 United States",,,,,(330) 497-0446,7049,7049,,https://www.statepermits.com,Member Get (a-Member);  (),info@scranet.org,,2007,27800
State Tractor Trucking Inc,"4101 Powell Dr Shawnee, KS 66112 United States",,,,,(913) 334-1075,4101,4101,,https://www.Statetractor.com,Member Get (a-Member);  (),info@scranet.org,C-Crane & RiggingO-Oil FieldT-Transportation,2017,43343
Steffan Industries Inc.,"950 E Smithfield St McKeesport, PA 15135 United States",,,,,(412) 751-4484,950,950,bud@steffanindustriesinc.com,https://www.steffanindustriesinc.com,Member Get (a-Member);  (),info@scranet.org,C-Crane & RiggingM-MillwrightT-Transportation,2018,44844
"Stephenson Equipment, Inc.","7201 Paxton Street Harrisburg, PA 17111 United States",,,,,(800) 325-6455,7201,7201,,https://www.stephensonequipment.com,Member Get (a-Member);  (),info@scranet.org,,2017,20974
Sterling,"501 E 151st St Phoenix, IL 60426 United States",,,,,(708) 388-2223,501,501,,https://sterlingsolutions.com,Member Get (a-Member);  (),info@scranet.org,,2009,32415
Sterling Crane,"P.O. Box 8610, Station South Edmonton, AB T6E 6R2 Canada",,,,,(780) 440-4434,8610,8610,tbenjamin@marmoncranes.com,https://www.sterlingcrane.com,Member Get (a-Member);  (),info@scranet.org,C-Crane & RiggingI-InternationalT-Transportation,1980,10952
"Stevenson Crane Service, Inc.","410 Stevenson Drive Bolingbrook, IL 60440 United States",,,,,(630) 972-9199,410,410,,https://www.stevensoncrane.com,Member Get (a-Member);  (),info@scranet.org,C-Crane & RiggingM-MillwrightT-Transportation,2006,10961
"Stevenson Crane Service, Inc. (B)","16675 Van Dam Rd South Holland, IL 60473 United States",,,,,(219) 972-9199,16675,16675,,https://www.stevensoncrane.com,Member Get (a-Member);  (),info@scranet.org,C-Crane & RiggingM-MillwrightT-Transportation,,32192
Stewart & Stevenson,"5717 Interstate 10 San Antonio, TX 78219 United States",,,,,,5717,5717,Nicholas.brown3@kirbycorp.com,https://www.stewartandstevenson.com,Member Get (a-Member);  (),info@scranet.org,,2025,53360
Stone Kalfus LLP,"1718 Peachtree Street NW  Suite 550 Atlanta, GA 30309 United States",,,,,(404) 736-2602,1718,1718,matt.stone@stonekalfus.com,https://www.stonekalfus.com/,Member Get (a-Member);  (),info@scranet.org,,2018,45873
Stretch Transports LLC,"Po Box 4773 Parker, CO 80134 United States",,,,,(720) 550-3217,4773,4773,bhundley@stretchtransports.com,https://,Member Get (a-Member);  (),info@scranet.org,,2023,51280
"Stroh Engineering Services, P.C.","84 West Hoffman Ave. Lindenhurst, NY 11757 United States",,,,,(631) 669-7531,11757,11757,,https://,Member Get (a-Member);  (),info@scranet.org,,2008,32142
"Sullivan Industrial Services, LLC","125 Old Iron Ore  Road A Bloomfield, CT 06002 United States",,,,,(203) 349-1701,125,125,Kevin@sullivanindustrialservices.com,https://www.sullivanindustrialservices.com,Member Get (a-Member);  (),info@scranet.org,C-Crane & RiggingI-InternationalM-MillwrightT-Transportation,2022,49491
"Sumitomo Mitsui Finance and Leasing Co., Ltd.","666 Third Avenue  8th Floor New York, NY 10172 United States",,,,,(212) 224-4853,666,666,,https://,Member Get (a-Member);  (),info@scranet.org,,2014,39014
Summit City Steel Erection LLC,"7004 W County Road 350 South South Whitley, IN 46787 United States",,,,,(260) 424-3800,7000,7000,,https://,Member Get (a-Member);  (),info@scranet.org,C-Crane & Rigging,2025,54026
"Summit Funding Group, Inc.","1133 Bridgeway Blvd. Orlando, FL 32828 United States",,,,,(407) 739-0391,1133,1133,,https://http://summit-funding.com/,Member Get (a-Member);  (),info@scranet.org,,2025,41409
Suncor Energy,"150 6 Avenue S W Calgary, AB T2P 3E3 Canada",,,,,(780) 714-1212,150 6,150 6,,https://,Member Get (a-Member);  (),info@scranet.org,C-Crane & Rigging,2025,53329
"Super Transporte Internacional, SA De CV","Carretera A Piedras Negras Km. 17 Mas 77  Ejido San Francisco Nuevo Laredo, Tamaulipas 88176 Mexico",,,,,52-867-7111700,88176,88176,,https://www.sti.com.mx,Member Get (a-Member);  (),info@scranet.org,T-Transportation,1996,10984
"Superior Cranes, Inc.","405 W US HWY 74 Rockingham, NC 28379 United States",,,,,(910) 997-7700,405,405,,https://www.superiorcranes.com,Member Get (a-Member);  (),info@scranet.org,C-Crane & RiggingM-MillwrightT-Transportation,2007,10986
"Superior Cranes, Inc. (B)","155 Bradley Branch Road Arden, NC 28704 United States",,,,,(828) 399-1672,155,155,,https://www.superiorcranes.com,Member Get (a-Member);  (),info@scranet.org,C-Crane & RiggingM-MillwrightT-Transportation,,49279
"Superior Cranes, Inc. (B)","650 Precast Lane Moncks Corner, SC 29461 United States",,,,,(803) 968-6118,650,650,,https://www.superiorcranes.com,Member Get (a-Member);  (),info@scranet.org,C-Crane & RiggingM-MillwrightT-Transportation,,49275
"Superior Cranes, Inc. (B)","4520 Reagan Drive Charlotte, NC 28206 United States",,,,,(980) 729-5781,4520,4520,,https://www.superiorcranes.com,Member Get (a-Member);  (),info@scranet.org,C-Crane & RiggingM-MillwrightT-Transportation,,49274
"Superior Cranes, Inc. (B)","2360 Spires Drive Macon, GA 31216 United States",,,,,(404) 275-8599,2360,2360,,https://www.superiorcranes.com,Member Get (a-Member);  (),info@scranet.org,C-Crane & RiggingM-MillwrightT-Transportation,,51432
"Superior Cranes, Inc. (B)","2909 Ila Road Commerce, GA 30530 United States",,,,,(706) 612-3009,2909,2909,,https://www.superiorcranes.com,Member Get (a-Member);  (),info@scranet.org,C-Crane & RiggingM-MillwrightT-Transportation,,51434
"Superior Cranes, Inc. (B)","327 Dodds Avenue Adairsville, GA 30103 United States",,,,,(770) 548-7841,327,327,,https://www.superiorcranes.com,Member Get (a-Member);  (),info@scranet.org,C-Crane & RiggingM-MillwrightT-Transportation,,51433
"Superior Cranes, Inc. (B)","4085 Riverside Drive Douglasville, GA 30135 United States",,,,,(404) 275-8599,4085,4085,,https://www.superiorcranes.com,Member Get (a-Member);  (),info@scranet.org,C-Crane & RiggingM-MillwrightT-Transportation,,51431
"Superior Cranes, Inc. (B)","1624 N Douglas Street Florence, SC 29501 United States",,,,,(843) 669-6868,1624,1624,,https://www.superiorcranes.com,Member Get (a-Member);  (),info@scranet.org,C-Crane & RiggingM-MillwrightT-Transportation,,49273
"Superior Cranes, Inc. (B)","1079 Boulder Road Greensboro, NC 27409 United States",,,,,(336) 553-0078,1079,1079,,https://www.superiorcranes.com,Member Get (a-Member);  (),info@scranet.org,C-Crane & RiggingM-MillwrightT-Transportation,,49272
"Superior Cranes, Inc. (B)","780 Upper Valley Falls Road Boiling Springs, SC 29316 United States",,,,,(864) 706-6862,780,780,,https://www.superiorcranes.com,Member Get (a-Member);  (),info@scranet.org,C-Crane & RiggingM-MillwrightT-Transportation,,49269
"Superior Cranes, Inc. (B)","790 US HWY 17 N New Bern, NC 28560 United States",,,,,(252) 638-2582,790,790,,https://www.superiorcranes.com,Member Get (a-Member);  (),info@scranet.org,C-Crane & RiggingM-MillwrightT-Transportation,,49271
"Superior Cranes, Inc. (B)","5102 Nelson Road Morrisville, NC 27560 United States",,,,,(919) 293-1886,5102,5102,,https://www.superiorcranes.com,Member Get (a-Member);  (),info@scranet.org,C-Crane & RiggingM-MillwrightT-Transportation,,49270
Superior Rigging & Erecting Co.,"3250 Woodstock Road, Southeast Atlanta, GA 30316-4552 United States",,,,,(404) 627-1335,3250,3250,,https://www.superiorrigging.com,Member Get (a-Member);  (),info@scranet.org,C-Crane & RiggingM-MillwrightS-SteelT-Transportation,2004,16811
Superior Rigging & Erecting Co. (B),"11244 Boggy Creek Rd Orlando, FL 32824 United States",,,,,(407) 730-8886,11244,11244,c.cioara@superiorrigging.com.,https://www.superiorrigging.com,Member Get (a-Member);  (),info@scranet.org,C-Crane & RiggingM-MillwrightS-SteelT-Transportation,,44284
Superior Trailer Sales,"3228 Bennington Street Houston, TX 77093 United States",,,,,(713) 224-4200,3228,3228,,https://,Member Get (a-Member);  (),info@scranet.org,,2019,46350
"Superior Transportation, Inc.","1940 Hanahan Road Charleston, SC 29406 United States",,,,,(843) 740-1840,1940,1940,,https://www.superiortransportation.us,Member Get (a-Member);  (),info@scranet.org,S-SteelT-Transportation,1998,10991
"T.J. Potter Trucking, Inc.","13000 Sherburne Avenue Becker, MN 55308-8823 United States",,,,,(763) 262-5850,13000,13000,,https://www.tjpottertrucking.com,Member Get (a-Member);  (),info@scranet.org,T-Transportation,2004,13472
TA Services Inc,"242 Regency Pkwy Mansfield, TX 76063 United States",,,,,(904) 252-2323,242,242,,https://www.Taservices.com,Member Get (a-Member);  (),info@scranet.org,,2026,54454
Tadano America Corporation,"4242 West Greens Rd. Houston, TX 77066 United States",,,,,(281) 869-0030,4242,4242,,https://www.tadanoamericas.com,Member Get (a-Member);  (),info@scranet.org,,1987,10998
TAKKION,"6360 E Yellowstone Highway  P.O. Box 51608 Evansville, WY 82636 United States",,,,,(307) 337-2671,6360,6360,,https://www.takkion.com,Member Get (a-Member);  (),info@scranet.org,C-Crane & RiggingT-Transportation,2013,36795
TAKKION (B),"746 S. Farmland Rd. Garden City, KS 67846 United States",,,,,(307) 337-2671,746,746,,https://www.takkion.com,Member Get (a-Member);  (),info@scranet.org,C-Crane & RiggingT-Transportation,,48317
TAKKION (B),"902 N. 30th St. Enid, OK 73701 United States",,,,,(307) 337-2671,902,902,,https://www.takkion.com,Member Get (a-Member);  (),info@scranet.org,C-Crane & RiggingT-Transportation,,49440
"Talbert Manufacturing, Inc.","1628 W. State Road 114 Rensselaer, IN 47978 United States",,,,,(219) 866-7141,1628,1628,,https://www.talbertmfg.com,Member Get (a-Member);  (),info@scranet.org,,1950,11001
Tatum Crane Inc.,"7341 W. Vickery Blvd Fort Worth, TX 76116 United States",,,,,(936) 645-1944,7341,7341,,https://tatumcraneinc.com/,Member Get (a-Member);  (),info@scranet.org,C-Crane & RiggingO-Oil FieldT-Transportation,2019,47535
Tatum Crane Inc. (B),"106 Valentine St. Longview, TX 75604 United States",,,,,(936) 645-1944,106,106,,https://www.tatumcraneinc.com,Member Get (a-Member);  (),info@scranet.org,C-Crane & RiggingO-Oil FieldT-Transportation,,51527
Taucher Brothers,"5933 State Route 82  P.O. Box 1776 Hiram, OH 44234 United States",,,,,(330) 274-8295,5933,5933,john@portagesystems.com,https://,Member Get (a-Member);  (),info@scranet.org,C-Crane & RiggingT-Transportation,2017,44465
"Taylor Crane & Rigging, Inc.","1211 W. 12th Street Coffeyville, KS 67337 United States",,,,,(620) 251-1530,1211,1211,,https://www.taylorcrane.com,Member Get (a-Member);  (),info@scranet.org,C-Crane & RiggingM-MillwrightT-Transportation,1983,11003
"Taylor Crane & Rigging, Inc. (B)","1919 N. Garnett Rd. Tulsa, OK 74116 United States",,,,,(918) 439-4000,1919,1919,,https://www.taylorcrane.com,Member Get (a-Member);  (),info@scranet.org,C-Crane & RiggingM-MillwrightT-Transportation,,12428
"Taylor Machine Works, Inc.","3690 North Church Avenue Louisville, MS 39339 United States",,,,,(662) 773-3421,3690,3690,,https://www.taylorforklifts.com,Member Get (a-Member);  (),info@scranet.org,,2022,13309
Taylor Transport,"1708 Hwy 113  S.W. Cartersville, GA 30120 United States",,,,,(770) 387-7500,1708,1708,brittanynelson@taylortruck.net,https://www.taylortruck.net,Member Get (a-Member);  (),info@scranet.org,T-Transportation,2016,25865
Taz Services LLC,"5020 Fannett Ed Beaumont, TX 77705 United States",,,,,(954) 449-3253,5020,5020,,https://,Member Get (a-Member);  (),info@scranet.org,T-Transportation,2025,54171
"TDS Erectors and Crane Service, LLC","1630 S Constitution Ave Ashdown, AR 71822 United States",,,,,(870) 898-2695,1630,1630,,https://,Member Get (a-Member);  (),info@scranet.org,C-Crane & RiggingM-Millwright,2023,32812
Team Haugen HUB International,"560 Country Club Road Eugene, OR 97401 United States",,,,,(541) 222-0545,560,560,,https://,Member Get (a-Member);  (),info@scranet.org,,2025,53242
"TEC Associates, Inc.","148 Pratts Junction Rd - Box 652 Sterling, MA 01564 United States",,,,,(508) 868-4893,148,148,,https://www.tecassociatesinc.net,Member Get (a-Member);  (),info@scranet.org,,2013,36840
"Tecno Montajes, S.A. De C.V.","Blvd. Gustavo Diaz Ordaz #201  Col. Loma Linda Ramos Arizpe, Coahuila 25903 Mexico",,,,,52 (844) 488 0695,201,201,,https://www.tecnomontajes.com,Member Get (a-Member);  (),info@scranet.org,C-Crane & RiggingI-InternationalM-Millwright,2008,29729
TECNOGRUAS,"Av. Santa Maria 2670 Providencia, Santiago 7500023 Chile",,,,,(713) 732-4837,"2670
7500023","2670
7500023",aguzman@heavycraneandrigging.com,https://www.heavycraneandrigging.com,Member Get (a-Member);  (),info@scranet.org,C-Crane & RiggingI-InternationalT-Transportation,2024,16768
TEFCO Transportation,"6831 W Beaver Street Jacksonville, FL 32254 United States",,,,,(904) 781-1202,6831,6831,,"https://www.TefcoTransportation.com

",Member Get (a-Member);  (),info@scranet.org,T-Transportation,2023,50616
Temisko Inc.,"91, rue Ontario Notre-Dame Du Nord, QC J0Z 3B0 Canada",,,,,(819) 723-2416,(819) 723-2416,(819) 723-2416,,https://www.temisko.com,Member Get (a-Member);  (),info@scranet.org,,2025,32602
Tesar Industrial Contractors,"3920 Jennings Road Cleveland, OH 44109-2860 United States",,,,,(216) 741-8008,3920,3920,,https://www.tesarindustrialcontractors.com,Member Get (a-Member);  (),info@scranet.org,C-Crane & RiggingM-MillwrightT-Transportation,1975,10962
Teufelberger Wire Rope,"Boehmerwaldstrasse 20 Wels, Upper Austria 4600 Austria",,,,,+43 7242 615,"20
4600","20
4600",,https://www.teufelberger.com,Member Get (a-Member);  (),info@scranet.org,,2015,40784
"Thackray Crane Rental, Inc.","2071 Byberry Road Philadelphia, PA 19116 United States",,,,,(215) 464-1600,2071,2071,,https://www.thackraycrane.com,Member Get (a-Member);  (),info@scranet.org,C-Crane & Rigging,2012,16412
The Boldt Company,"2525 N. Roemer Rd. Appleton, WI 54912 United States",,,,,(920) 570-1380,2525,2525,,https://www.boldt.com,Member Get (a-Member);  (),info@scranet.org,C-Crane & RiggingM-Millwright,2014,39520
The Boldt Company (B),"51740 Grand River Ave. Wixom, MI 48393 United States",,,,,(313) 329-2700,51740,51740,,https://www.boldt.com,Member Get (a-Member);  (),info@scranet.org,C-Crane & RiggingM-Millwright,,47349
"The Crane Guys, LLC","10850 Portal Drive Los Alamitos, CA 90368 United States",,,,,(562) 777-0600,10850,10850,,https://www.craneguys.com,Member Get (a-Member);  (),info@scranet.org,C-Crane & Rigging,2025,33727
The Fogel Co.,"4431 California St. San Francisco, CA 94118 United States",,,,,(415) 422-0081,4431,4431,,https://www.fogelco.com,Member Get (a-Member);  (),info@scranet.org,,2010,33822
The GTI Group,"5020 Rue Fairway Lachine, QC H8T 1B8 Canada",,,,,(514) 349-3471,5020,5020,,https://www.thegtigroup.com,Member Get (a-Member);  (),info@scranet.org,T-Transportation,2024,14395
The Kelly Group,"3310 Concord Road Lafayette, IN 47909 United States",,,,,(765) 474-1800,3310,3310,,https://www.thekelly-group.com,Member Get (a-Member);  (),info@scranet.org,C-Crane & RiggingM-Millwright,2024,52113
The Lanco Group of Companies,"17301 Palmer Blvd. Homewood, IL 60430 United States",,,,,(708) 596-5200,17301,17301,,https://www.thelancogroup.com,Member Get (a-Member);  (),info@scranet.org,,2024,52426
"The Manitowoc Company, Inc.","One Park Plaza  11270 West Park Place, Suite 1000 Milwaukee, WI 53224 United States",,,,,(414) 760-4600,11270,11270,,https://www.manitowoc.com,Member Get (a-Member);  (),info@scranet.org,,1989,10311
The Paramount Transport & Trading Co. Ltd.,"P.O. Box 4 (WI)  44 Maharaj Street San Fernando, Marabella WI Trinidad",,,,,(868) 653-3802,(868) 653-3802,(868) 653-3802,,https://www.paramounttransport.com,Member Get (a-Member);  (),info@scranet.org,C-Crane & RiggingI-InternationalM-MillwrightO-Oil FieldS-SteelT-Transportation,1984,10788
The Rose Mark Risk Group,"1900 Jay Ell Drive Richardson, TX 75081 United States",,,,,(682) 478-9903,1900,1900,,https://www.rosemarkrisk.com,Member Get (a-Member);  (),info@scranet.org,,2023,50692
The Sack Company,"3302 Zell Miller Parkway Statesboro, GA 30458 United States",,,,,(912) 871-8771,3302,3302,erics@hasack.com,https://www.thesackcompany.com,Member Get (a-Member);  (),info@scranet.org,C-Crane & RiggingI-InternationalM-Millwright,2006,27378
The Xtreme Groupe / Le Groupe Xtreme,"440 Guindon  Suite 108 Saint-Eustache, QC J7R 6S5 Canada",,,,,(450) 623-3555,440,440,maxime@legroupextreme.com,https://www.legroupextreme.com,Member Get (a-Member);  (),info@scranet.org,,2021,49053
Tidewater Crane & Rigging Co.,"P.O. Box 4928 Virginia Beach, VA 23454-4928 United States",,,,,(757) 456-0000,4928,4928,,https://,Member Get (a-Member);  (),info@scranet.org,C-Crane & Rigging,1968,10972
TII SCHEUERLE,"Otto-Rettenmaier-Str. 15 Pfedelbach,  74629 Germany",,,,,+49-7941-691-0,"15
74629","15
74629",,https://https://www.tii-group.com/tii-scheuerle,Member Get (a-Member);  (),info@scranet.org,,1979,10849
Timber Producers Mats,"1012 S Main Hamburg, AR 71646 United States",,,,,(870) 853-7241,1012,1012,geneb@tmbrpro.com,https://www.timberproducers.net,Member Get (a-Member);  (),info@scranet.org,,2024,52002
"Tim's Crane & Rigging, Inc.","P.O. Box 1136 Pooler, GA 31322 United States",,,,,(912) 748-1318,1136,1136,,https://www.timscrane.com,Member Get (a-Member);  (),info@scranet.org,C-Crane & RiggingT-Transportation,1997,10973
"Titan Crane & Rigging, Inc.","3755 E. Munford Ave. Stockton, CA 95215 United States",,,,,(209) 993-3557,3755,3755,,https://www.titancrane.net,Member Get (a-Member);  (),info@scranet.org,C-Crane & RiggingT-Transportation,2017,43509
"Titan Crane, Inc.","10939 Philadelphia Rd.  Suite A-4 White Marsh, MD 21162 United States",,,,,(410) 399-1900,10939,10939,,https://www.Titancraneinc.com,Member Get (a-Member);  (),info@scranet.org,C-Crane & RiggingT-Transportation,2024,51763
Titan Heavy Lift,"5 Anvil Close South Guildford, Western Australia 6055 Australia",,,,,0893782079,6055,6055,,https://www.titanheavylift.com.au,Member Get (a-Member);  (),info@scranet.org,C-Crane & RiggingT-Transportation,2025,52931
"TL Jackson Construction, Inc.","717 Country Road York, PA 17403 United States",,,,,(717) 428-9911,717,717,Jed.beckman@gcsbuilt.com,https://www.tljacksonconstruction.com,Member Get (a-Member);  (),info@scranet.org,C-Crane & RiggingM-MillwrightT-Transportation,2025,53305
"TLG Transport, Inc","4328 State Hwy 66 Longmont, CO 80504 United States",,,,,(303) 678-8384,4328,4328,,https://www.tlgtransport.com,Member Get (a-Member);  (),info@scranet.org,O-Oil FieldS-SteelT-Transportation,2014,39692
TM Trailer Sales Inc.,"192 Van Mar Blvd. Jackson, GA 30233 United States",,,,,(770) 305-9071,192,192,,https://www.tmtrailersales.com,Member Get (a-Member);  (),info@scranet.org,,2015,41057
TMS Heavy Haul,"801 W Dewey Ave Sapulpa, OK 74066 United States",,,,,(918) 264-6670,801,801,,https://TMSHeavyHaul.com,Member Get (a-Member);  (),info@scranet.org,T-Transportation,2020,48269
TNF Transport LLC,"1638 Corsair Lane Middleburg, FL 32068 United States",,,,,(877) 887-5587,1638,1638,,https://,Member Get (a-Member);  (),info@scranet.org,,2025,53146
"TNT Crane & Rigging, Inc.","925 South Loop West Houston, TX 77054 United States",,,,,(713) 644-6113,925,1985,,https://www.tntcrane.com,Member Get (a-Member);  (),info@scranet.org,C-Crane & RiggingT-Transportation,2000,11960
"TNT Crane & Rigging, Inc. (B)","5245 N Twin City Hwy Beaumont, TX 77627 United States",,,,,(409) 729-5600,5245,5245,,https://www.tntcrane.com,Member Get (a-Member);  (),info@scranet.org,C-Crane & RiggingT-Transportation,,34828
"TNT Crane & Rigging, Inc. (B)","1500 Victoria Street Freeport, TX 77541 United States",,,,,(979) 217-3545,1500,1500,,https://www.tntcrane.com,Member Get (a-Member);  (),info@scranet.org,C-Crane & RiggingT-Transportation,,37239
"TNT Crane & Rigging, Inc. (B)","4853 S. Sheridan  Suite 614 Tulsa, OK 74145 United States",,,,,(539) 202-1590,4853,4853,,https://www.tntcrane.com,Member Get (a-Member);  (),info@scranet.org,C-Crane & RiggingT-Transportation,,43296
"TNT Crane & Rigging, Inc. (B)","8020 SW 74th St. Oklahoma City, OK 73169 United States",,,,,(405) 745-2318,8020,8020,,https://www.tntcrane.com,Member Get (a-Member);  (),info@scranet.org,C-Crane & RiggingT-Transportation,,39925
"TNT Crane & Rigging, Inc. (B)","11721 Von Quintas Rd. Austin, TX 78719 United States",,,,,(512) 501-1718,11721,11721,,https://www.tntcrane.com,Member Get (a-Member);  (),info@scranet.org,C-Crane & RiggingT-Transportation,,34826
"TNT Crane & Rigging, Inc. (B)","14616 IH10 East Marion, TX 78124 United States",,,,,(210) 656-7900,14616,14616,,https://www.tntcrane.com,Member Get (a-Member);  (),info@scranet.org,C-Crane & RiggingT-Transportation,,37240
"TNT Crane & Rigging, Inc. (B)","1621 East Iowa Edinburg, TX 78539 United States",,,,,(956) 287-1700,1621,1621,,https://www.tntcrane.com,Member Get (a-Member);  (),info@scranet.org,C-Crane & RiggingT-Transportation,,34824
"TNT Crane & Rigging, Inc. (B)","6485 IH 37 Corpus Christi, TX 78409 United States",,,,,(361) 289-5438,6485,6485,,https://www.tntcrane.com,Member Get (a-Member);  (),info@scranet.org,C-Crane & RiggingT-Transportation,,34823
"TNT Crane & Rigging, Inc. (B)","10162 Frontage St. St. James, LA 70086 United States",,,,,(225) 473-1500,10162,10162,,https://www.tntcrane.com,Member Get (a-Member);  (),info@scranet.org,C-Crane & RiggingT-Transportation,,34827
"TNT Crane & Rigging, Inc. (B)","578 Good Hope Norco, LA 70079 United States",,,,,(985) 764-6551,578,578,,https://www.tntcrane.com,Member Get (a-Member);  (),info@scranet.org,C-Crane & RiggingT-Transportation,,34825
"TNT Crane & Rigging, Inc. (B)","1315 Riverside Dr Fort Worth, TX 76111 United States",,,,,(817) 558-0808,1315,1315,,https://www.tntcrane.com,Member Get (a-Member);  (),info@scranet.org,C-Crane & RiggingT-Transportation,,34822
"TNT Crane & Rigging, Inc. (B)","10616 Hwy 60 South Pampa, TX 79065 United States",,,,,(806) 686-3880,10616,10616,,https://www.tntcrane.com,Member Get (a-Member);  (),info@scranet.org,C-Crane & RiggingT-Transportation,,38018
"TNT Crane & Rigging, Inc. (B)","9112 West County Road 127 Midland, TX 79706 United States",,,,,(432) 242-4980,9112,9112,,https://www.tntcrane.com,Member Get (a-Member);  (),info@scranet.org,C-Crane & RiggingT-Transportation,,38017
"Tomahawk Holdings, LLC.","55 Workman Rd Chattanooga, TN 37404 United States",,,,,(423) 400-3744,37404,37404,gary@tcrcranes.com,https://www.tcrcranes.com,Member Get (a-Member);  (),info@scranet.org,C-Crane & RiggingI-InternationalM-MillwrightS-SteelT-Transportation,2025,47902
Topdeck AI,"115 W California Ave  Unit 1100 Pasadena, CA 91105 United States",,,,,(602) 962-4594,115,115,,https://,Member Get (a-Member);  (),info@scranet.org,,2025,49262
Total Energy Corp,"2 Hardscrabble Rd North Salem, OK 10560 United States",,,,,(914) 276-0490,10560-1014,10560-1014,rarmentano@totalenergy.com,https://www.totalenergy.com,Member Get (a-Member);  (),info@scranet.org,T-Transportation,2025,15957
Total Quality Logistics,"4289 Ivy Pointe Blvd. Cincinnati, OH 45245 United States",,,,,(440) 476-6472,4289,4289,,https://www.tql.com,Member Get (a-Member);  (),info@scranet.org,,2021,27824
TOTAL Transportation Solutions Inc.,"20 Casebridge Court Scarborough, ON M1B 3M5 Canada",,,,,(416) 636-1444,(416) 636-1444,(416) 636-1444,mike@total-transportation.com,https://www.total-transportation.com,Member Get (a-Member);  (),info@scranet.org,C-Crane & RiggingT-Transportation,2020,48352
Totran Transportation Services Ltd.,"9350 Venture Ave SE Calgary, AB T3S 0A1 Canada",,,,,(403) 723-0025,9350,9350,,https://www.totran.ca,Member Get (a-Member);  (),info@scranet.org,I-InternationalO-Oil FieldS-SteelT-Transportation,2010,33700
Towsleys Promotional Products,"1424 Dewey Street Manitowoc, WI 54220 United States",,,,,(920) 683-7400,1424,1424,john.niedermeyer@towsleys.com,https://www.towsleys.com,Member Get (a-Member);  (),info@scranet.org,,2019,46655
TPH-Project Services LLC,"1721 Park Ave New York, NY 10035 United States",,,,,(917) 597-2000,1721,1721,padraigtarrant@msn.com,https://,Member Get (a-Member);  (),info@scranet.org,C-Crane & RiggingI-International,2024,41251
Tradelossa,"Blvd. Prof. Humberto Ramos Lozano 100 Apodaca, NL 66616 Mexico",,,,,(+52) (81) 3080-2582,"100
66616","100
66616",,https://www.tradelossa.com/,Member Get (a-Member);  (),info@scranet.org,I-InternationalT-Transportation,2007,29640
TRAIL EZE Trailers,"323 Quince Street Mitchell, SD 57301 United States",,,,,(605) 996-5571,323,323,shawnmurtha@traileze.com,https://www.traileze.com,Member Get (a-Member);  (),info@scranet.org,,2018,45170
"Trail King Industries, Inc.","300 East Norway Mitchell, SD 57301 United States",,,,,(605) 995-3600,300,300,,https://www.trailking.com,Member Get (a-Member);  (),info@scranet.org,,1981,10985
"Trailer Transit, Inc.","1130 E Us 20 Porter, IN 46304 United States",,,,,(219) 926-2111,1130,1130,,https://www.trailertransit.com,Member Get (a-Member);  (),info@scranet.org,,2025,52934
Train for the Crane,"3380 E Main ST Athens, IN 469122 United States",,,,,(317) 727-3656,3380,3380,,https://www.trainforthecrane.com,Member Get (a-Member);  (),info@scranet.org,,2024,52254
"Trak Transportaciones, SA De CV","Calle Libramiento a Saltillo KM. 34.5 Escobedo, Nuevo Leon 66050 Mexico",,,,,(+52) 8150009870 to 75,"34.5
66050","34.5
66050",evaldes@traktransportaciones.com.mx,https://www.traktransportaciones.com.mx,Member Get (a-Member);  (),info@scranet.org,C-Crane & RiggingM-MillwrightT-Transportation,2001,13216
"Trak Transportaciones, SA De CV (B)","Av. Químicos #2  Parque Industrial FIPASI Silao, Guanajuato 36270 Mexico",,,,,(472) 791-0067 to 69,36270,36270,rvaldes@traktransportaciones.com.mx,https://www.traktransportaciones.com.mx,Member Get (a-Member);  (),info@scranet.org,C-Crane & RiggingM-MillwrightT-Transportation,,37322
"Trak Transportaciones, SA De CV (B)","Libramiento Mexico II KM 12  Ejido El Progreso Nuevo Laredo, Tamaulipas 88176 Mexico",,,,,(+52) 8671091078,88176,88176,rvaldes@traktransportaciones.com.mx,https://www.traktransportaciones.com.mx,Member Get (a-Member);  (),info@scranet.org,C-Crane & RiggingT-Transportation,,39894
"Trand, Inc.","132 W Broadway Ave Sawyer, KS 67134 United States",,,,,(620) 672-9495,132,132,,https://www.trandinc.com,Member Get (a-Member);  (),info@scranet.org,C-Crane & RiggingT-Transportation,2006,25403
"Trans American Trucking Services, Inc.","602 New Market Ave. South Plainfield, NJ 07080 United States",,,,,(908) 755-9000,602,602,,https://www.transamer.com,Member Get (a-Member);  (),info@scranet.org,S-SteelT-Transportation,1984,10993
"Trans American Trucking Services, Inc. (B)","7700 Rolling Mill Rd. Essex Bldg Baltimore, MD 21224 United States",,,,,(410) 282-7097,7700,7700,,https://www.transamer.com,Member Get (a-Member);  (),info@scranet.org,S-SteelT-Transportation,,14824
"Trans American Trucking Services, Inc. (B)","PO Box 637 Greenland, NH 03840 United States",,,,,(603) 842-5550,637,637,,https://www.transamer.com,Member Get (a-Member);  (),info@scranet.org,S-SteelT-Transportation,,48367
Transamerican Equip. North Carolina Corp.,"2095 Union Beltway Rd. Indian Trail, NC 28079 United States",,,,,(704) 882-3979,2095,2095,,https://www.trans-american.com,Member Get (a-Member);  (),info@scranet.org,,1995,10996
Transamerican Equipment (B),"946 Honey Hill Rd Hardeeville, SC 29927 United States",,,,,(843) 784-7844,946,946,,https://www.trans-american.com,Member Get (a-Member);  (),info@scranet.org,,,12432
Transdata Engenharia E Movimentacao,"Rua Carmine Gaeta, 80 Sao Paulo, Sao Paulo 02060-100 Brazil",,,,,55 11 3474-0288,"80
02060-100","80
02060-100",,https://www.transdata.com.br,Member Get (a-Member);  (),info@scranet.org,C-Crane & RiggingI-InternationalM-MillwrightS-SteelT-Transportation,2009,32108
TransMaster Trailers/Master Solutions Inc.,"20 Wolfbridge Road Carlisle, PA 17013 United States",,,,,(717) 243-6849,17013,17013,rdiemer@mastersi.com,https://www.transmastertrailers.com,Member Get (a-Member);  (),info@scranet.org,T-Transportation,2011,35328
Transport Bellemare International Inc.,"8750 Boulevard Industriel Trois Rivieres, PQ G9A 5E1 Canada",,,,,(819) 379-2535,8750,8750,,https://www.transportbellemare.com,Member Get (a-Member);  (),info@scranet.org,C-Crane & RiggingT-Transportation,2001,13792
Transport Chainé Inc.,"190, rue des Ouvriers Shawinigan, PQ G9T 5K5 Canada",,,,,(819) 538-8328,190,190,,https://www.transportchaine.com,Member Get (a-Member);  (),info@scranet.org,C-Crane & RiggingI-InternationalT-Transportation,2014,38299
Transport National,"2500 W. Southbranch Blvd Oak Creek, WI  United States",,,,,(414) 761-2410,2500,2500,,https://www.tntrans.com,Member Get (a-Member);  (),info@scranet.org,T-Transportation,2011,11004
Transport Permits Ltd.,"3825 West 9th Street Waterloo, IA 50702 United States",,,,,(319) 235-9033,3825,3825,,https://www.transportpermits.com,Member Get (a-Member);  (),info@scranet.org,,1996,11005
"Transport Products and Service Enterprises, Inc.","3101 Oxbow Circle Cocoa, FL 32926 United States",,,,,(321) 631-3802,3101,3101,,https://www.TPSEINC.com,Member Get (a-Member);  (),info@scranet.org,,1999,10623
Transport S.Marois Inc.,"11561-4th Avenue Montreal, PQ H1E2Y8 Canada",,,,,(514) 486-0775,11561-4,11561-4,,https://www.machinery-rigging.com,Member Get (a-Member);  (),info@scranet.org,C-Crane & RiggingI-InternationalM-MillwrightT-Transportation,2007,29688
"Transport Unlimited, Inc.","1029 Lebanon Road Pittsburgh, PA 15122 United States",,,,,(412) 461-2890,1029,1029,,https://www.transportunlimited.com,Member Get (a-Member);  (),info@scranet.org,C-Crane & RiggingT-Transportation,1986,11007
Transportes Montejo S.A.S,"Carretera Central Del Norte  Km. 37 Tocancipá, Cundinamarca  Colombia",,,,,(57) 1 511 6080,(57) 1 511 6080,(57) 1 511 6080,,https://www.transportesmontejo.com,Member Get (a-Member);  (),info@scranet.org,C-Crane & RiggingI-InternationalM-MillwrightO-Oil FieldS-SteelT-Transportation,1999,11014
"Transportes Mucino, S.A. De C.V.","Carr. A Tellez Km1 Zempoala, Hidalgo 43845 Mexico",,,,,+52 771 7116735,"1
43845","1
43845",raul.cuevas@mucino.com.mx,https://www.mucino.com,Member Get (a-Member);  (),info@scranet.org,C-Crane & RiggingI-InternationalT-Transportation,2018,44667
Transportes Noroccidental CIA. LTDA,"Shyris Y Suecia (Edificio Renazza Plaza)  Qficina:1001 Quito,   Ecuador",,,,,593-22524-593,1001,1001,,https://www.noroccidental.com,Member Get (a-Member);  (),info@scranet.org,C-Crane & RiggingI-InternationalO-Oil FieldT-Transportation,2005,20275
Transportes Vernazza S.R.L.,"Lafayette 1651  Capital City of Bueno Aires Buenos Aires,  C1286 AEC Argentina",,,,,(54) 11 4303-3300,1651,1651,,https://www.vernazza.com.ar,Member Get (a-Member);  (),info@scranet.org,C-Crane & RiggingI-InternationalT-Transportation,2005,11016
"Transtell, S.A. De C.V.","Blvd. Felipe Angeles 1604  Col. Santa Julia Pachuca De Soto, Hidalgo 42080 Mexico",,,,,(+52) 771 717 0909,1604,1604,,https://www.transtell.com.mx,Member Get (a-Member);  (),info@scranet.org,C-Crane & RiggingI-InternationalM-MillwrightT-Transportation,1991,11015
Trans-United Inc.,"1123 N. St. Rd. 149 Burns Harbor, IN 46304 United States",,,,,(219) 762-3111,1123,1123,jfleming@transunited.com,https://www.transunited.com,Member Get (a-Member);  (),info@scranet.org,S-SteelT-Transportation,1996,10994
TransWorld Manufacturing,"6109 Dean Martin Drive Las Vegas, NV 89118 United States",,,,,(702) 798-8920,6109,6109,,https://www.twm-usa.com,Member Get (a-Member);  (),info@scranet.org,,2014,38196
Traxx Equipment Co LLC,"19401 State Route 203 Monroe, WA 98272 United States",,,,,(425) 844-8448,19401,19401,,https://www.Traxxequipment.com,Member Get (a-Member);  (),info@scranet.org,T-Transportation,2023,50687
"Triad Machinery, Inc.","18200 NE Riverside Parkway Portland, OR 97230 United States",,,,,(503) 254-5100,18200,18200,,https://www.triadmachinery.com,Member Get (a-Member);  (),info@scranet.org,,2018,45846
TRIDEC,"Ekkersrijt 6030 Son,  5692GA Netherlands",,,,,+31 499 49 10 50,"6030
5692","6030
5692",,https://www.tridec.com,Member Get (a-Member);  (),info@scranet.org,,2015,41078
Trimble Inc.,"10368 Westmoor Drive Westminster, CO 80021 United States",,,,,(919) 210-5396,10368,10368,,https://www.trimble.com,Member Get (a-Member);  (),info@scranet.org,,2025,11889
Trimble LLC,"864 Hannibal Street Fulton, NY 13069 United States",,,,,(315) 963-2559,864,864,barry.trimble@trimbleservices.com,https://www.trimbleservices.com,Member Get (a-Member);  (),info@scranet.org,C-Crane & RiggingM-Millwright,2023,50938
Triple R Transportation,"1 Station Way Chadds Ford, PA 19317 United States",,,,,(610) 358-9790,19317,19317,dan@triplertransportation.com,https://www.triplertransportation.com,Member Get (a-Member);  (),info@scranet.org,C-Crane & RiggingI-InternationalT-Transportation,2015,40711
Triple-E Machinery Moving Inc.,"3301 Gilman Road El Monte, CA 91732 United States",,,,,(626) 444-1137,3301,3301,,https://www.tripleemachinery.com,Member Get (a-Member);  (),info@scranet.org,C-Crane & RiggingM-MillwrightS-SteelT-Transportation,1986,10618
Triple-E Machinery Moving Inc. (B),"3301 Gilman Road El Monte, CA 91732 United States",,,,,(626) 444-1137,3301,3301,,https://www.tripleemachinery.com,Member Get (a-Member);  (),info@scranet.org,C-Crane & RiggingM-MillwrightS-SteelT-Transportation,,12434
"TriStar Machine and Rigging, Inc","211 McCown Dr. Lebanon, TN 37087 United States",,,,,(615) 581-7020,211,211,joel@jbirket.net,https://www.tsmandr.com,Member Get (a-Member);  (),info@scranet.org,C-Crane & RiggingM-Millwright,2020,48285
Tri-State Crane & Rigging,"280 50th Ave SW Cedar Rapids, IA 52404 United States",,,,,(319) 363-0572,280 50,280 50,,https://www.tristatecranes.com,Member Get (a-Member);  (),info@scranet.org,C-Crane & Rigging,2006,26107
"Tri-State Trailer Sales, Inc.","3111 Grand Ave. Pittsburgh, PA 15225 United States",,,,,(412) 427-9095,3111,3111,jmancino@tristatepgh.com,https://www.tristatetrailer.com,Member Get (a-Member);  (),info@scranet.org,,2024,51938
Triton Transport Ltd.,"Unit B 46199 Yale Road Chilliwack, BC V2P 2P2 Canada",,,,,(604) 792-4416,46199,46199,Kmackie@tritontransport.com,https://www.tritontransport.com,Member Get (a-Member);  (),info@scranet.org,I-InternationalO-Oil FieldT-Transportation,2019,32318
"Triumph Commercial Finance Division of TBK Bank, SSB","12700 Park Central Drive  Suite 1700 Dallas, TX 75251 United States",,,,,(817) 716-9001,12700,12700,,https://www.tfin.com,Member Get (a-Member);  (),info@scranet.org,,2025,43681
"Truck & Equipment Specialists, Inc.","555 Goffle Road, Suite 210 Ridgewood, NJ 07450 United States",,,,,(201) 444-4200,555,555,,https://www.bristowtande.com,Member Get (a-Member);  (),info@scranet.org,,2005,20762
Truck Parking Club,"20 Cherokee Blvd.  Apt. 506 Chattanooga, TN 37405 United States",,,,,(888) 899-7275,506,506,,https://www.truckparkingclub.com,Member Get (a-Member);  (),info@scranet.org,,2025,53344
Truckbase,"1423 Broadway Oakland, CA 94612 United States",,,,,(510) 925-1281,1423,1423,,https://www.truckbase.com,Member Get (a-Member);  (),info@scranet.org,,2025,53929
Truckstop,"1444 S Entertainment Ave  Suite 110 Boise, ID 83709 United States",,,,,,1444,1444,,https://www.truckstop.com,Member Get (a-Member);  (),info@scranet.org,,2013,37206
True Steel Crane & Rigging,"19380 County Road 3460 Ada, OK 74820 United States",,,,,(580) 513-1208,19380,19380,,https://https://truesteel.net/,Member Get (a-Member);  (),info@scranet.org,,2023,51322
Tucker Company Worldwide,"56 N. Haddon Ave Haddonfield, NJ 08033 United States",,,,,(800) 229-7780,08033,08033,mike.mellencamp@tuckerco.com,https://www.tuckerco.com,Member Get (a-Member);  (),info@scranet.org,,2022,47319
"Turner Industries Group, L.L.C.","P.O. Box 2750 Baton Rouge, LA 70821 United States",,,,,(225) 354-7190,2750,2750,,https://www.turner-industries.com,Member Get (a-Member);  (),info@scranet.org,C-Crane & RiggingT-Transportation,1968,10537
"Turner Industries Group, L.L.C. (B)","440 Hwy 3160 Hahnville, LA 70057 United States",,,,,(504) 837-2063,440,440,,https://www.turner-industries.com,Member Get (a-Member);  (),info@scranet.org,C-Crane & RiggingT-Transportation,,12366
"Turner Industries Group, L.L.C. (B)","3850 Pasadena Blvd. Pasadena, TX 77503 United States",,,,,(713) 477-2281,3850,3850,,https://www.turner-industries.com,Member Get (a-Member);  (),info@scranet.org,C-Crane & RiggingT-Transportation,,27714
"Turner Industries Group, L.L.C. (B)","2346 Swisco Rd. Sulphur, LA 70665 United States",,,,,(337) 882-5805,2346,2346,,https://www.turner-industries.com,Member Get (a-Member);  (),info@scranet.org,C-Crane & RiggingT-Transportation,,12367
U.S. Cargo Control,"202 Blue Creek Drive Urbana, IA 52345 United States",,,,,(866) 444-9990,202,202,,https://www.uscargocontrol.com,Member Get (a-Member);  (),info@scranet.org,,2014,39602
"U.S.M.M., Inc., dba U.S. Machinery Movers","7400 Kedzie Avenue Skokie, IL 60076-4050 United States",,,,,(847) 679-1320,7400,7400,rolsonusmm@yahoo.com,https://www.usmachinerymovers.com,Member Get (a-Member);  (),info@scranet.org,C-Crane & RiggingM-MillwrightT-Transportation,2015,13134
"UACL Specialized, LLC.","7800 E Little York Houston, TX 77016 United States",,,,,(281) 253-6529,7800,7800,DPickens@uacl.com,https://www.uacl.com,Member Get (a-Member);  (),info@scranet.org,T-Transportation,2025,53698
Underwood Companies Inc.,"940 West Troy Ave. Indianapolis, IN 46225 United States",,,,,(317) 783-9235,940,940,,https://www.underwoodcompanies.com,Member Get (a-Member);  (),info@scranet.org,C-Crane & RiggingS-SteelT-Transportation,1959,10550
UNI International,"100 Corey Avenue St. Petersburg, FL 33706 United States",,,,,(727) 360-2844,100,100,,https://www.uniinternational.com,Member Get (a-Member);  (),info@scranet.org,,2003,15049
UNIROPE Limited,"3070 Universal Drive Mississauga, ON L4X 2C8 Canada",,,,,(905) 624-5131,3070,3070,,https://www.unirope.com,Member Get (a-Member);  (),info@scranet.org,,2004,15138
United Erecting of Wisconsin,"1111 W. Park Ave. Kiel, WI 53042 United States",,,,,(920) 894-7595,1111,1111,,https://www.unitederecting.com,Member Get (a-Member);  (),info@scranet.org,C-Crane & RiggingM-MillwrightT-Transportation,2019,25513
United Rentals Matting Solutions,"2438 Hwy 98 East Columbia, MS 39429 United States",,,,,(936) 203-7980,2438,2438,kathy.hopper@yakaccess.com,https://www.yakmat.com,Member Get (a-Member);  (),info@scranet.org,,2019,46089
"United Riggers & Erectors, Inc.","4188 Valley Blvd. Walnut, CA 91789 United States",,,,,(909) 978-0400,4188,4188,,https://www.urenet.com,Member Get (a-Member);  (),info@scranet.org,C-Crane & RiggingM-MillwrightT-Transportation,1971,10554
Uperio USA,"348 W. Cullumber Ave. Gilbert, AZ 85233 United States",,,,,(703) 365-7888,348,348,ingo.schiller@uperio-group.com,https://www.uperiousa.com,Member Get (a-Member);  (),info@scranet.org,C-Crane & Rigging,2018,19491
"Uriquip, LLC.","618 Fish Creek Thoroughfare Montgomery, TX 77316 United States",,,,,(623) 332-6551,618,618,uri@uriquip.com,https://www.uriquip.com,Member Get (a-Member);  (),info@scranet.org,,2024,51599
US Machinery Transport Inc,"4934 N US Highway 31 Seymour, IN 47274 United States",,,,,(812) 528-1780,4934,4934,aaron@usmachinerytransport.com,https://www.usmachinerytransport.com,Member Get (a-Member);  (),info@scranet.org,C-Crane & RiggingT-Transportation,2025,54299
Usha Martin Americas Inc,"701 Plastics Avenue Houston, TX 77020 United States",,,,,(281) 676-1800,701,701,mvyas@ushamartinus.com,https://www.ushamartin.com,Member Get (a-Member);  (),info@scranet.org,,2023,45866
USI Insurance Services,"3190 Fairview Park Drive  Suite 400 Falls Church, VA 22042 United States",,,,,(724) 699-9368,3190,3190,christian.culligan@usi.com,https://www.usi.com,Member Get (a-Member);  (),info@scranet.org,,2025,53532
USI Insurance Services LLC,"201 Alhambra Circle  Suite 900 Coral Gables, FL 33114 United States",,,,,(954) 557-4660,201,201,randy.proos@usi.com,https://www.usi.com,Member Get (a-Member);  (),info@scranet.org,,1988,10296
"UTC Overseas, Inc.","1691 Phoenix Blvd., Suite 315 Atlanta, GA 30349 United States",,,,,(770) 907-8565,1691,1691,h.meyer@utcoverseas.com,https://www.utcoverseas.com,Member Get (a-Member);  (),info@scranet.org,,2002,13922
Utley Logistics Inc.,"2370 York Road  G2 Jamison, PA 18929 United States",,,,,(215) 491-9655,2370,2370,,https://www.utleylogistics.com,Member Get (a-Member);  (),info@scranet.org,T-Transportation,2025,53508
"V. Van Dyke, Inc","3481 S 35th St. Tacoma, WA 98409 United States",,,,,(253) 272-2222,3481,3481,khufford@vvandyke.com,https://www.vvandyke.com,Member Get (a-Member);  (),info@scranet.org,T-Transportation,2016,42886
V.B.Gomez Inc.,"4336 Southeast Dr. San Antonio, TX 78222 United States",,,,,(210) 857-0511,4336,4336,,https://,Member Get (a-Member);  (),info@scranet.org,T-Transportation,2025,54162
Valley Forge & Bolt Manf Co,"2065 Kings Gate Lane Mount Pleasant, SC 29464 United States",,,,,(480) 815-6780,2065,2065,jbrooks@vfbolts.com,https://www.vfbolts.com,Member Get (a-Member);  (),info@scranet.org,,2023,51575
"Valley Group, Inc.","PO Box 359 Fishersville, VA 22939 United States",,,,,(540) 827-4570,359,359,,https://www.valleygroup.net,Member Get (a-Member);  (),info@scranet.org,C-Crane & RiggingM-MillwrightT-Transportation,1981,10562
"Valley Group, Inc. (B)","7202 Glen Forest Dr  Suite 306 Richmond, VA 23226 United States",,,,,(804) 282-0445,7202,7202,,https://www.valleygroup.net,Member Get (a-Member);  (),info@scranet.org,I-InternationalM-MillwrightT-Transportation,,36423
"Valley Group, Inc. (B)","101 Irene Dr Vinton, VA 24179 United States",,,,,(540) 904-0404,101,101,,https://www.valleygroup.net,Member Get (a-Member);  (),info@scranet.org,C-Crane & RiggingM-MillwrightT-Transportation,,36424
"Valley Group, Inc. (B)","538 N. Military St.  Suite B Loretto, TN 38469 United States",,,,,(540) 283-5378,538,538,,https://www.valleygroup.net,Member Get (a-Member);  (),info@scranet.org,M-MillwrightT-Transportation,,12449
Valor Lift LLC,"21426 Elk Haven Lane Porter, TX 77365 United States",,,,,(346) 402-0390,21426,21426,,https://www.Valorliftllc.com,Member Get (a-Member);  (),info@scranet.org,,2026,54564
Van Beest USA,"5615 W. Fuqua Street Building B #101 Houston, TX 77085 United States",,,,,(713) 674-5753,5615,5615,,https://www.vanbeest.com,Member Get (a-Member);  (),info@scranet.org,,2017,43121
"Van Dyke Brothers, Inc.","PO BOX 991 Luverne, MN 56156-0991 United States",,,,,(507) 920-7917,991,991,,https://www.vandykebros.com,Member Get (a-Member);  (),info@scranet.org,C-Crane & RiggingT-Transportation,2003,15907
Vanguard,"Drostdy Street, Cleveland Johannesburg,  2022 South Africa",,,,,(27) 11 616 1800,2022,2022,Craig@vanguardheavylift.com,https://www.vanguardheavylift.com,Member Get (a-Member);  (),info@scranet.org,C-Crane & RiggingI-InternationalM-MillwrightT-Transportation,1997,10566
"Vento Engineering Services, P.C.","63 Maple Avenue Locust Valley, NY 11560 United States",,,,,(516) 459-7327,11560,11560,marc.vento@vespc.com,https://www.vespc.com,Member Get (a-Member);  (),info@scranet.org,,2021,49228
Verope USA,"5714 Delany Rd. Hitchcock, TX 77563 United States",,,,,(832) 831-0132,5714,5714,j.kapp@veropeusa.com,https://www.veropeusa.com,Member Get (a-Member);  (),info@scranet.org,,2016,41678
"VersaBucket, LLC","15720 Garrett Rd Houston, TX 77044 United States",,,,,(832) 777-3001,15720,15720,,https://www.versabucket.com,Member Get (a-Member);  (),info@scranet.org,,2016,41350
Versa-Lift (Custom Mobile Equipment),"439 E. High Street Baldwin City, KS 66006 United States",,,,,(785) 594-7474,439,439,,https://www.versa-lift.com,Member Get (a-Member);  (),info@scranet.org,,1996,10442
Versatile,"6451 NW 32nd Way Boca Raton, FL 33496 United States",,,,,(917) 391-3957,6451,6451,,https://https://www.versatile.ai/,Member Get (a-Member);  (),info@scranet.org,,2023,51054
Vertical Industries,"419 S. 7th Street Corsicana, TX 75110 United States",,,,,(971) 808-6435,419,419,,https://www.Verticalindustriesgroup.com,Member Get (a-Member);  (),info@scranet.org,,2024,51615
"Vic's Crane & Heavy Haul, Inc.","3000 145th Street East Rosemount, MN 55068 United States",,,,,(651) 423-7400,3000 145,3000 145,,https://www.vicsco.com,Member Get (a-Member);  (),info@scranet.org,C-Crane & RiggingT-Transportation,1996,10568
"Vic's Crane & Heavy Haul, Inc. (B)","1105 Elm Ave Superior, WI 54880 United States",,,,,(715) 919-2025,1105,1105,,https://www.vicsco.com,Member Get (a-Member);  (),info@scranet.org,,,48289
Victory Machine & Fab,"920 S Vandemark Rd. Sidney, OH 45365 United States",,,,,(937) 693-3171,920,920,,https://www.victorymachineandfab.com,Member Get (a-Member);  (),info@scranet.org,C-Crane & RiggingM-MillwrightT-Transportation,2020,47979
Viking Equipment Finance,"5900 S Lake Forest Drive  Suite 300 McKinney, TX 75070 United States",,,,,(972) 885-8899,5900,5900,info@vikingequipmentfinance.com,https://www.vikingequipmentfinance.com,Member Get (a-Member);  (),info@scranet.org,,2025,54430
"Visual Dispatch, By RapidWorks","262 Washington St  Suite 500 Boston, MA 02108 United States",,,,,(773) 260-0242,262,262,,https://www.visualdispatch.com,Member Get (a-Member);  (),info@scranet.org,,2011,31652
Vizion Crane and Industrial Support LLC,"1235 North Loop West, Ste. #925 Houston, TX 77008 United States",,,,,(713) 832-1912,1235,1235,jvigier@vizioncrane-is.com,https://www.vizioncrane.com,Member Get (a-Member);  (),info@scranet.org,C-Crane & RiggingT-Transportation,2025,53160
"Vlaming & Associates, APC","447 Georgia Street Vallejo, CA 94590-6004 United States",,,,,(707) 552-6040,447,447,,https://www.vlaming-associates.com,Member Get (a-Member);  (),info@scranet.org,,2002,14389
W.J. Casey Trucking & Rigging Co.,"25 Meister Avenue Branchburg, NJ 08876-3434 United States",,,,,(908) 809-1200,08876-3434,08876-3434,jimmy@wjcasey.com,https://www.wjcasey.com,Member Get (a-Member);  (),info@scranet.org,C-Crane & RiggingM-MillwrightT-Transportation,1961,10715
W.O. Grubb Crane Rental,"5120 Route 1 North Chesterfield, VA 23234 United States",,,,,(804) 271-9471,5120,5120,,https://www.wogrubb.com,Member Get (a-Member);  (),info@scranet.org,C-Crane & RiggingI-InternationalS-SteelT-Transportation,2005,15594
Waggoner Equipment Rental LLC,"P.O. Box 108 Wood River, IL 62095 United States",,,,,(618) 254-2464,108,108,,https://www.waggonerequipment.com,Member Get (a-Member);  (),info@scranet.org,C-Crane & Rigging,2007,10573
Wagstaff Crane & Rigging LLC,"4315 S. Commerce Dr. Murray, UT 84107 United States",,,,,(801) 277-3820,4315,4315,,https://www.wagstaffcrane.com,Member Get (a-Member);  (),info@scranet.org,C-Crane & Rigging,2009,19482
"Wales Crane and Rigging Service, Inc.","P.O. Box 21628 Waco, TX 76702 United States",,,,,(254)772-3310,21628,21628,,https://www.walescraneandrigging.com,Member Get (a-Member);  (),info@scranet.org,C-Crane & RiggingM-MillwrightT-Transportation,1992,10575
"Walker Brothers Machinery Moving, Inc.","3839 E. Coronado Street Anaheim, CA 92807 United States",,,,,(714) 630-5957,3839,3839,,https://www.walkerbro.com,Member Get (a-Member);  (),info@scranet.org,C-Crane & RiggingM-MillwrightT-Transportation,2002,14277
Walter Payton Power Equipment LLC,"930 West 138th Street Riverdale, IL 60827 United States",,,,,(708) 656-7700,930,930,,https://www.wppecrane.com,Member Get (a-Member);  (),info@scranet.org,,2004,16612
"WC Heavy Haul, LLC","25050 CR 46 Angleton, TX 77516 United States",,,,,(979) 799-5750,25050,25050,,https://,Member Get (a-Member);  (),info@scranet.org,,2025,53408
WCS Permits & Pilot Cars,"150 E Arrow Highway San Dimas, CA 91773 United States",,,,,(626) 930-9292,150,150,,https://www.wcspermits.com,Member Get (a-Member);  (),info@scranet.org,,2009,13715
"Wendt, LLP","P.O. Box 666 Wabash, IN 46992 United States",,,,,(260) 563-3161,666,666,,https://www.wendtrigging.com,Member Get (a-Member);  (),info@scranet.org,C-Crane & RiggingI-InternationalM-MillwrightT-Transportation,1978,10581
"Wendt, LLP (B)","56230 Elder Road Mishawaka, IN 46545 United States",,,,,(574) 259-5407,56230,56230,,https://www.wendtrigging.com,Member Get (a-Member);  (),info@scranet.org,C-Crane & RiggingI-InternationalM-MillwrightT-Transportation,,12457
West Chester Permit,"PO Box 62293 Cincinnati, OH 45262 United States",,,,,(800) 734-3544,62293,62293,,https://www.wcpermit.com,Member Get (a-Member);  (),info@scranet.org,,2009,32303
"West Coast Cranes, Inc.","2144 O'Toole Ave San Jose, CA 95131 United States",,,,,(408) 954-9024,2144,2144,,https://www.westcoastcranes.com,Member Get (a-Member);  (),info@scranet.org,C-Crane & RiggingT-Transportation,2010,17416
WestCounty Industrial Corp.,"P.O. Box 262 Brookville, OH 45309 United States",,,,,(937) 833-6250,262,262,,https://,Member Get (a-Member);  (),info@scranet.org,,1986,20641
"Western Crane Service, Inc.","140 Waffle Ct Bowling Green, KY 42101 United States",,,,,(270) 782-3407,140,140,jdavid.fields@wcsky.com,https://www.westerncraneky.com,Member Get (a-Member);  (),info@scranet.org,C-Crane & RiggingM-Millwright,2024,10582
Western Dimensional Ltd,"200 Brock St Barrie, ON L4N 2M4 Canada",,,,,(705) 737-4135,200,200,ronv@westdim.com,https://www.westdim.com,Member Get (a-Member);  (),info@scranet.org,C-Crane & RiggingT-Transportation,2021,48619
Western Mechanical Electrical,"160 Brock Street Barrie, ON L4N 2M4 Canada",,,,,(705) 737-4135,160,160,,https://www.westernmechanical.net,Member Get (a-Member);  (),info@scranet.org,C-Crane & RiggingI-InternationalM-MillwrightT-Transportation,1997,10584
Western Pacific Crane and Equipment,"8600 Calabash Ave. Fontana, CA 92335 United States",,,,,(562) 286-6618,8600,8600,,https://www.wpcrane.com,Member Get (a-Member);  (),info@scranet.org,C-Crane & Rigging,2012,35653
"WEX, Inc.","5050 Lincoln Drive  Suite 200 Edina, MN 55436 United States",,,,,(817) 368-1608,5050,5050,todd.huotari@wexinc.com,https://www.efsllc.com,Member Get (a-Member);  (),info@scranet.org,,2017,43685
"Wheeling Bucket Trucks, Inc.","7302 Force St Houston, TX 77020 United States",,,,,(713) 676-2700,7302,7302,whe.equip@gmail.com,https://www.wheelingequipment.com,Member Get (a-Member);  (),info@scranet.org,,2013,36925
Whisk Freight Brokerage LLC,"14 Hurricane St Marina Del Ray, CA 90292 United States",,,,,(312) 722-8142,90292,90292,braden@whisk-freight.com,https://www.whisk-freight.com,Member Get (a-Member);  (),info@scranet.org,,2025,53200
"WIKA Mobile Control, LP","1540 Orchard Drive Chambersburg, PA 17201 United States",,,,,(717) 217-2200,1540,1540,,https://www.wika-mc.com,Member Get (a-Member);  (),info@scranet.org,,1987,10790
Wildcat Heavy Haul,"15995 N. Barkers Landing Rd  Suite 270 Houston, TX 77079 United States",,,,,(985) 399-2111,15995,15995,matthew@wildcatheavyhaul.com,https://WWW.WILDCATHEAVYHAUL.COM,Member Get (a-Member);  (),info@scranet.org,O-Oil FieldT-Transportation,2025,42814
"Wilkerson Crane Rental, Inc.","14101 Gibbs Road Bonner Springs, KS 66012 United States",,,,,(913) 238-7030,14101,14101,,https://www.wilkersoncranerental.com,Member Get (a-Member);  (),info@scranet.org,C-Crane & RiggingT-Transportation,2015,40779
"William N. Mason, Inc.","3510 Wilkens Avenue Baltimore, MD 21229 United States",,,,,(410) 525-2288,3510,3510,,https://,Member Get (a-Member);  (),info@scranet.org,T-Transportation,2006,15733
"Williams Crane Service, Inc.","3727 E. Joppa Road Baltimore, MD 21236 United States",,,,,(410) 256-6500,3727,3727,,https://,Member Get (a-Member);  (),info@scranet.org,C-Crane & RiggingT-Transportation,2007,15631
"Williams Steel Erection Co., Inc.","8624 J.D. Reading Drive  P.O. Box 1770 Manassas, VA 20109 United States",,,,,(703) 335-7850,8624,8624,,https://www.wmsi.com,Member Get (a-Member);  (),info@scranet.org,C-Crane & RiggingS-SteelT-Transportation,2020,10054
Wintrust Commercial Finance,"400 Spectrum Centre Drive Suite 1520 Irvine, CA 92618 United States",,,,,(469) 403-2104,400,400,rharris@wintrust.com,https://,Member Get (a-Member);  (),info@scranet.org,,2023,50823
WireCo WorldGroup,"8700 State Line Road Leawood, KS 66206 United States",,,,,(816) 270-4700,8700,8700,,https://www.WireCo.com,Member Get (a-Member);  (),info@scranet.org,,2005,15993
Wisconsin Operating Engineers Training Center,"W11584 State Road 21 Coloma, WI 54930 United States",,,,,(715) 228-4911,11584,11584,,https://www.139training.org,Member Get (a-Member);  (),info@scranet.org,,2013,12697
Wize Load,"510 College Ave. Racine, WI 53403 United States",,,,,(877) 275-9493,510,510,ecates@zmactransport.com,https://www.wizeload.com,Member Get (a-Member);  (),info@scranet.org,,2024,52759
WJW Associates Ltd.,"203 Midler Park Dr. Syracuse, NY 13206 United States",,,,,(315) 432-9282,203,203,,https://www.wjwltd.com,Member Get (a-Member);  (),info@scranet.org,T-Transportation,2006,11965
WJW Associates Ltd. (B),"Cincinnati, OH 45069 United States",,,,,(859) 445-5109,45069,45069,,https://www.wjwltd.com,Member Get (a-Member);  (),info@scranet.org,T-Transportation,,50244
WJW Associates Ltd. (B),"6952 12st W Jacksonville, FL 32220 United States",,,,,(904) 781-5600,6952 12,6952 12,,https://www.wjwltd.com,Member Get (a-Member);  (),info@scranet.org,T-Transportation,,29868
WJW Associates Ltd. (B),"7939 Bank Street Rd. Batavia, NY 14020 United States",,,,,(716) 570-4742,7939,7939,,https://www.wjwltd.com,Member Get (a-Member);  (),info@scranet.org,T-Transportation,,29869
WOLFFKRAN INC.,"9231 Lambright Rd Houston, TX 77072 United States",,,,,(347) 821-7655,9231,9231,m.herget@wolffkran.com,https://https://www.wolffkran.com/website/en/us,Member Get (a-Member);  (),info@scranet.org,C-Crane & RiggingI-International,2014,38447
Women In Trucking Association,"PO Box 400 Plover, WI 54467 United States",,,,,(920) 312-1350,400,400,,https://www.womenintrucking.org,Member Get (a-Member);  (),info@scranet.org,,2017,44407
Wood's CRW Corp.,"795 Marshall Ave.  P.O. Box 1099 Williston, VT 05495 United States",,,,,(802) 658-1700,795,795,,https://www.woodscrw.com,Member Get (a-Member);  (),info@scranet.org,,2014,10598
Woody 57 LLC,"8291 S Triangle R Ranch Pl Vail, AZ 85641 United States",,,,,(509) 539-9098,8291,8291,Dwoody57@gmail.com,https://,Member Get (a-Member);  (),info@scranet.org,,2024,52694
"Wright Brothers Construction Co., Inc.","P.O. Box 437 Charleston, TN 37310 United States",,,,,(423) 336-2261,437,437,,https://www.wbcci.com,Member Get (a-Member);  (),info@scranet.org,T-Transportation,2009,11914
WrightPlan Incorporated,"285 Weber St N  Unit 3B Waterloo, ON N2J 3H8 Canada",,,,,(519) 489-2320,285,285,mikec@wrightplan.com,https://www.wrightplan.com,Member Get (a-Member);  (),info@scranet.org,,2010,33704
WTC Transport,"201 Hartwick Lane Fountain Inn, SC 29644 United States",,,,,(864) 401-2030,201,201,,https://www.wtctransport.com,Member Get (a-Member);  (),info@scranet.org,T-Transportation,2025,52969
XL Specialized Trailers,"P.O. Box 400  1086 South 3rd Street Manchester, IA 52057 United States",,,,,(563) 927-4900,"400
1086","400
1086",,https://www.xlspecializedtrailer.com,Member Get (a-Member);  (),info@scranet.org,,1997,10602
XLG Transportation Inc.,"1040 Sames Rd. Clarksville, IN 47129 United States",,,,,(800) 914-0066,1040,1040,,https://www.xlgtransportation.com,Member Get (a-Member);  (),info@scranet.org,T-Transportation,2016,41631
Yarbrough Transfer Company,"1500 Doune Street Winston-Salem, NC 27127 United States",,,,,(336) 725-7552,1500,1500,,https://www.goytc.com,Member Get (a-Member);  (),info@scranet.org,T-Transportation,1998,10604
Yello Equipment,"5168 W. Eldorado Lane Las Vegas, NV 89139 United States",,,,,(713) 205-5698,5168,5168,,https://www.yelloequipment.com,Member Get (a-Member);  (),info@scranet.org,,2023,50963
"Yellowstone Crane & Rigging, Inc.","2704 N Nichols St Fort Worth, TX 76106 United States",,,,,(817) 319-4129,2704,2704,luke@yellowstonecrane.com,https://www.yellowstonecrane.com,Member Get (a-Member);  (),info@scranet.org,C-Crane & Rigging,2022,50216
Yoke Inc.,"#39, 33rd Road, Taichung Industrial Park Taichung,  407 Taiwan",,,,,(360) 526-1787,407,407,,https://www.yoke.net/,Member Get (a-Member);  (),info@scranet.org,,2020,47777
Z Modular,"100 W Big Beaver Road  Suite 390 Troy, MI 48084 United States",,,,,(519) 738-5059,100,100,,https://www.z-modular.com/,Member Get (a-Member);  (),info@scranet.org,,2020,47585
Zartman Industrial Services,"3000 Point Township Drive  Route 11 Northumberland, PA 17857 United States",,,,,(570) 275-4400,3000,3000,dave@zartman.com,https://www.zartman.com,Member Get (a-Member);  (),info@scranet.org,C-Crane & RiggingM-MillwrightT-Transportation,1981,10610
ZMac Transportation Solutions,"510 College Ave. Racine, WI 53403 United States",,,,,(262) 664-4151,510,510,,https://www.zmactransport.com,Member Get (a-Member);  (),info@scranet.org,,2010,33867
"Zoomlion Heavy Industry NA, Inc.","14215 Two Mile Road Franksville, WI 53126 United States",,,,,(262) 835-1828,14215,14215,jule.mcmahon@zoomlion-na.com,https://www.zoomlion-na.com,Member Get (a-Member);  (),info@scranet.org,,2019,46594
Zurich Transport LLC,"23517 Main St.  Ste 118 Carson,  90745 United States",,,,,(310) 513-1348,23517,23517,brenda@zurichtransportllc.com,https://www.zurichtransportllc.com,Member Get (a-Member);  (),info@scranet.org,C-Crane & RiggingS-SteelT-Transportation,2024,52733